eventid,portid,eventtype,eventname,htmlname,htmldescription,alertlevel,country_x,fromdate,year,todate,severitytext,event_lat,long,editdate,affectedports,n_affectedports,affectedpopulation,pageid,Shape__Area,Shape__Length,wind_kmh,magnitude,portname,country_y,ISO3,continent,port_lat,lon,vessel_count_total,vessel_count_container,vessel_count_dry_bulk,vessel_count_general_cargo,vessel_count_RoRo,vessel_count_tanker,share_country_maritime_import,share_country_maritime_export,disrupted,alert_num,is_tropical_cyclone,is_flood,is_earthquake,is_drought,is_other,log_vessels,log_container,log_tanker,log_dry_bulk,trade_exposure,event_span_days,event_year,event_month,dist_km
1000552,port137,TC,IDAI-19,Tropical Cyclone IDAI-19,"Red Tropical Cyclone IDAI-19 in Mozambique, Zimbabwe, Miscellaneous (French) Indian Ocean Islands from: 09 Mar 2019  to: 15 Mar 2019 .",RED,Mozambique,2019-03-09 06:00:00+00:00,2019,2019-03-15 00:00:00+00:00,Hurricane/Typhoon > 74 mph (maximum wind speed of 194 km/h),-19.6,34.8,1694310439405,port137,1,0.0,3aa1164d42fb42e99f8ed581b6ecd4d1,350000681982.3291,3223229.700239708,194.0,0.0,Beira,Mozambique,MOZ,Africa,-19.8110704,34.83983895,598,188,196,43,1,170,51.3,11.28,1,2,1,0,0,0,0,6.395261598115449,5.241747015059643,5.14166355650266,5.2832037287379885,31.29,5.75,2019,3,23.79534164664647
1000227,port137,FL,Flood in Mozambique,Flood in Mozambique,Red Flood in Mozambique from: 09 Mar 2019 00 to: 29 Mar 2019 00.,RED,Mozambique,2019-03-09 00:00:00+00:00,2019,2019-03-29 00:00:00+00:00,,-15.178,36.432,1694310567224,port137; port784; port896,3,0.0,c2ad419a75d24ec28ae55a0728a0eb79,642589988843.8467,5359810.993936229,0.0,0.0,Beira,Mozambique,MOZ,Africa,-19.8110704,34.83983895,598,188,196,43,1,170,51.3,11.28,1,2,0,1,0,0,0,6.395261598115449,5.241747015059643,5.14166355650266,5.2832037287379885,31.29,20.0,2019,3,540.4814897014779
1000227,port784,FL,Flood in Mozambique,Flood in Mozambique,Red Flood in Mozambique from: 09 Mar 2019 00 to: 29 Mar 2019 00.,RED,Mozambique,2019-03-09 00:00:00+00:00,2019,2019-03-29 00:00:00+00:00,,-15.178,36.432,1694310567224,port137; port784; port896,3,0.0,c2ad419a75d24ec28ae55a0728a0eb79,642589988843.8467,5359810.993936229,0.0,0.0,Nacala,Mozambique,MOZ,Africa,-14.53535059,40.65118404,394,96,180,23,0,95,12.33,30.52,1,2,0,1,0,0,0,5.978885764901122,4.574710978503383,4.564348191467836,5.198497031265826,21.425,20.0,2019,3,458.91757628490285
1000227,port896,FL,Flood in Mozambique,Flood in Mozambique,Red Flood in Mozambique from: 09 Mar 2019 00 to: 29 Mar 2019 00.,RED,Mozambique,2019-03-09 00:00:00+00:00,2019,2019-03-29 00:00:00+00:00,,-15.178,36.432,1694310567224,port137; port784; port896,3,0.0,c2ad419a75d24ec28ae55a0728a0eb79,642589988843.8467,5359810.993936229,0.0,0.0,Pemba,Mozambique,MOZ,Africa,-12.96679021,40.48677495,83,7,2,51,0,23,0.76,0.7,1,2,0,1,0,0,0,4.430816798843313,2.0794415416798357,3.1780538303479458,1.0986122886681098,0.73,20.0,2019,3,502.6087787092236
1000559,port896,TC,KENNETH-19,Tropical Cyclone KENNETH-19,"Red Tropical Cyclone KENNETH-19 in , Mozambique, Comoros from: 23 Apr 2019  to: 25 Apr 2019 .",RED,Mozambique; Comoros,2019-04-23 00:00:00+00:00,2019,2019-04-25 18:00:00+00:00,Hurricane/Typhoon > 74 mph (maximum wind speed of 231 km/h),-12.3,40.1,1694310802591,port896; port769,2,0.0,74c5908f37dd496caedc335fc2bcf6e1,226352974513.5713,2574508.3200122174,231.0,0.0,Pemba,Mozambique,MOZ,Africa,-12.96679021,40.48677495,83,7,2,51,0,23,0.76,0.7,1,2,1,0,0,0,0,4.430816798843313,2.0794415416798357,3.1780538303479458,1.0986122886681098,0.73,2.75,2019,4,85.01991839947092
1000559,port769,TC,KENNETH-19,Tropical Cyclone KENNETH-19,"Red Tropical Cyclone KENNETH-19 in , Mozambique, Comoros from: 23 Apr 2019  to: 25 Apr 2019 .",RED,Mozambique; Comoros,2019-04-23 00:00:00+00:00,2019,2019-04-25 18:00:00+00:00,Hurricane/Typhoon > 74 mph (maximum wind speed of 231 km/h),-12.3,40.1,1694310802591,port896; port769,2,0.0,74c5908f37dd496caedc335fc2bcf6e1,226352974513.5713,2574508.3200122174,231.0,0.0,Moroni,Comoros,COM,Africa,-11.70541816,43.2469507,90,33,17,29,0,11,67.13,18.3,1,2,1,0,0,0,0,4.51085950651685,3.5263605246161616,2.4849066497880004,2.8903717578961645,42.714999999999996,2.75,2019,4,348.35620070056586
1000561,port290,TC,FANI-19,Tropical Cyclone FANI-19,"Red Tropical Cyclone FANI-19 in , India, Bangladesh, Bhutan from: 27 Apr 2019  to: 03 May 2019 .",RED,India,2019-04-27 00:00:00+00:00,2019,2019-05-03 12:00:00+00:00,Hurricane/Typhoon > 74 mph (maximum wind speed of 250 km/h),21.3,86.2,1694310887323,port290; port883,2,0.0,7a4e3ee5892f497a996870d3e0e6f414,560020159936.9023,4851355.971460343,250.0,0.0,Dhamra Port,India,IND,Asia & Pacific,20.82773698,86.9595015,367,0,360,7,0,0,3.23,3.45,1,2,1,0,0,0,0,5.908082938168931,0.0,0.0,5.8888779583328805,3.34,6.5,2019,4,94.64004719732696
1000561,port883,TC,FANI-19,Tropical Cyclone FANI-19,"Red Tropical Cyclone FANI-19 in , India, Bangladesh, Bhutan from: 27 Apr 2019  to: 03 May 2019 .",RED,India,2019-04-27 00:00:00+00:00,2019,2019-05-03 12:00:00+00:00,Hurricane/Typhoon > 74 mph (maximum wind speed of 250 km/h),21.3,86.2,1694310887323,port290; port883,2,0.0,7a4e3ee5892f497a996870d3e0e6f414,560020159936.9023,4851355.971460343,250.0,0.0,Paradip,India,IND,Asia & Pacific,20.28045307,86.64892168,1267,13,1044,49,0,161,4.89,16.35,1,2,1,0,0,0,0,7.145196134997171,2.6390573296152584,5.087596335232384,6.951772164398911,10.620000000000001,6.5,2019,4,122.44232016016119
1178759,port624,EQ,"Earthquake in Eastern New Guinea Reg., P.N.G.","Earthquake in Eastern New Guinea Reg., P.N.G.","Red M 7.2 Earthquake in Eastern New Guinea Reg., P.N.G. at: 06 May 2019 21:19:35.",RED,Papua New Guinea,2019-05-06 21:19:35+00:00,2019,2019-05-06 21:19:35+00:00,"Magnitude 7.2M, Depth:126.92km",-6.9767,146.44,1694310914933,port624,1,0.0,98299d6738574f2ea18e46e19f71327e,32064448784.467773,634862.1513849135,0.0,7.2,Lae,Papua New Guinea,PNG,Asia & Pacific,-6.736625768,146.9873906,657,365,21,163,41,67,33.01,2.54,1,2,0,0,1,0,0,6.489204931325317,5.902633333401366,4.219507705176107,3.091042453358316,17.775,0.0,2019,5,65.96323173864134
1013088,port776,DR,Central India-2019,Drought in India,Red Drought in India from: 21 Feb 2019  to: 02 Jul 2019 .,RED,India,2019-02-21 00:00:00+00:00,2019,2019-07-02 09:17:00+00:00,Severe impact for agricultural drought in 139078 km2,19.833,76.244,1694311389075,port776,1,0.0,,158054648311.6328,2820951.373598021,0.0,0.0,Mumbai-Jawaharlal Nehru (Nhava Sheva),India,IND,Asia & Pacific,18.91732276,72.93965039,6559,2071,1067,1818,101,1502,17.5,22.59,1,2,0,0,0,1,0,8.788745881938135,7.6362696033793735,7.315218389752975,6.97354301952014,20.045,131.38680555555555,2019,2,361.5525264313648
1000582,port227,TC,LEKIMA-19,Tropical Cyclone LEKIMA-19,"Red Tropical Cyclone LEKIMA-19 in , China, Japan from: 04 Aug 2019  to: 11 Aug 2019 .",RED,China; Taiwan Province of China,2019-08-04 00:00:00+00:00,2019,2019-08-11 12:00:00+00:00,Tropical Depression (maximum wind speed of 241 km/h),36.0,119.5,1694311686493,port227; port228; port370; port375; port438; port517; port792; port824; port1073; port1188; port1253; port1390; port1403; port1425; port1427; port1429; port238; port1261,18,0.0,a8c66fa7bd0c4373a1abfd43fdc50a94,964019445621.8224,5154645.7219629465,241.0,0.0,Suzhou (Changshu),China,CHN,Asia & Pacific,31.75778041,120.9642729,701,52,303,341,1,4,0.17,0.08,1,2,1,0,0,0,0,6.553933404025811,3.970291913552122,1.6094379124341003,5.717027701406222,0.125,7.5,2019,8,490.7475493999396
1000582,port228,TC,LEKIMA-19,Tropical Cyclone LEKIMA-19,"Red Tropical Cyclone LEKIMA-19 in , China, Japan from: 04 Aug 2019  to: 11 Aug 2019 .",RED,China; Taiwan Province of China,2019-08-04 00:00:00+00:00,2019,2019-08-11 12:00:00+00:00,Tropical Depression (maximum wind speed of 241 km/h),36.0,119.5,1694311686493,port227; port228; port370; port375; port438; port517; port792; port824; port1073; port1188; port1253; port1390; port1403; port1425; port1427; port1429; port238; port1261,18,0.0,a8c66fa7bd0c4373a1abfd43fdc50a94,964019445621.8224,5154645.7219629465,241.0,0.0,Changzhou,China,CHN,Asia & Pacific,31.9742313,119.9982754,1468,59,329,35,1,1044,0.41,0.05,1,2,1,0,0,0,0,7.292337176173877,4.0943445622221,6.951772164398911,5.799092654460526,0.22999999999999998,7.5,2019,8,449.3165953556824
1000582,port370,TC,LEKIMA-19,Tropical Cyclone LEKIMA-19,"Red Tropical Cyclone LEKIMA-19 in , China, Japan from: 04 Aug 2019  to: 11 Aug 2019 .",RED,China; Taiwan Province of China,2019-08-04 00:00:00+00:00,2019,2019-08-11 12:00:00+00:00,Tropical Depression (maximum wind speed of 241 km/h),36.0,119.5,1694311686493,port227; port228; port370; port375; port438; port517; port792; port824; port1073; port1188; port1253; port1390; port1403; port1425; port1427; port1429; port238; port1261,18,0.0,a8c66fa7bd0c4373a1abfd43fdc50a94,964019445621.8224,5154645.7219629465,241.0,0.0,Fuzhou,China,CHN,Asia & Pacific,25.77760491,119.4743241,2718,1071,457,376,9,805,0.33,0.37,1,2,1,0,0,0,0,7.908019444632471,6.977281341630747,6.692083742506628,6.126869184114185,0.35,7.5,2019,8,1134.6887573265267
1000582,port375,TC,LEKIMA-19,Tropical Cyclone LEKIMA-19,"Red Tropical Cyclone LEKIMA-19 in , China, Japan from: 04 Aug 2019  to: 11 Aug 2019 .",RED,China; Taiwan Province of China,2019-08-04 00:00:00+00:00,2019,2019-08-11 12:00:00+00:00,Tropical Depression (maximum wind speed of 241 km/h),36.0,119.5,1694311686493,port227; port228; port370; port375; port438; port517; port792; port824; port1073; port1188; port1253; port1390; port1403; port1425; port1427; port1429; port238; port1261,18,0.0,a8c66fa7bd0c4373a1abfd43fdc50a94,964019445621.8224,5154645.7219629465,241.0,0.0,Gaogang,China,CHN,Asia & Pacific,32.31346734,119.8111009,1010,16,698,86,1,209,0.56,0.09,1,2,1,0,0,0,0,6.918695219020472,2.833213344056216,5.3471075307174685,6.54965074223381,0.325,7.5,2019,8,410.2445179110454
1000582,port438,TC,LEKIMA-19,Tropical Cyclone LEKIMA-19,"Red Tropical Cyclone LEKIMA-19 in , China, Japan from: 04 Aug 2019  to: 11 Aug 2019 .",RED,China; Taiwan Province of China,2019-08-04 00:00:00+00:00,2019,2019-08-11 12:00:00+00:00,Tropical Depression (maximum wind speed of 241 km/h),36.0,119.5,1694311686493,port227; port228; port370; port375; port438; port517; port792; port824; port1073; port1188; port1253; port1390; port1403; port1425; port1427; port1429; port238; port1261,18,0.0,a8c66fa7bd0c4373a1abfd43fdc50a94,964019445621.8224,5154645.7219629465,241.0,0.0,Haimen,China,CHN,Asia & Pacific,28.83311121,121.5625881,399,8,40,181,0,170,0.02,0.01,1,2,1,0,0,0,0,5.991464547107982,2.1972245773362196,5.14166355650266,3.713572066704308,0.015,7.5,2019,8,820.417880574434
1000582,port517,TC,LEKIMA-19,Tropical Cyclone LEKIMA-19,"Red Tropical Cyclone LEKIMA-19 in , China, Japan from: 04 Aug 2019  to: 11 Aug 2019 .",RED,China; Taiwan Province of China,2019-08-04 00:00:00+00:00,2019,2019-08-11 12:00:00+00:00,Tropical Depression (maximum wind speed of 241 km/h),36.0,119.5,1694311686493,port227; port228; port370; port375; port438; port517; port792; port824; port1073; port1188; port1253; port1390; port1403; port1425; port1427; port1429; port238; port1261,18,0.0,a8c66fa7bd0c4373a1abfd43fdc50a94,964019445621.8224,5154645.7219629465,241.0,0.0,Jiangyin,China,CHN,Asia & Pacific,31.93240385,120.1593407,4978,250,2575,406,4,1743,2.47,0.17,1,2,1,0,0,0,0,8.512984346642183,5.5254529391317835,7.463936604468925,7.853993087224244,1.32,7.5,2019,8,455.7553866068753
1000582,port792,TC,LEKIMA-19,Tropical Cyclone LEKIMA-19,"Red Tropical Cyclone LEKIMA-19 in , China, Japan from: 04 Aug 2019  to: 11 Aug 2019 .",RED,China; Taiwan Province of China,2019-08-04 00:00:00+00:00,2019,2019-08-11 12:00:00+00:00,Tropical Depression (maximum wind speed of 241 km/h),36.0,119.5,1694311686493,port227; port228; port370; port375; port438; port517; port792; port824; port1073; port1188; port1253; port1390; port1403; port1425; port1427; port1429; port238; port1261,18,0.0,a8c66fa7bd0c4373a1abfd43fdc50a94,964019445621.8224,5154645.7219629465,241.0,0.0,Nantong,China,CHN,Asia & Pacific,31.9862854,120.8374438,6778,272,2773,881,18,2834,2.08,0.22,1,2,1,0,0,0,0,8.821584877430965,5.60947179518496,7.949797216161852,7.928045600874777,1.1500000000000001,7.5,2019,8,462.974295356003
1000582,port824,TC,LEKIMA-19,Tropical Cyclone LEKIMA-19,"Red Tropical Cyclone LEKIMA-19 in , China, Japan from: 04 Aug 2019  to: 11 Aug 2019 .",RED,China; Taiwan Province of China,2019-08-04 00:00:00+00:00,2019,2019-08-11 12:00:00+00:00,Tropical Depression (maximum wind speed of 241 km/h),36.0,119.5,1694311686493,port227; port228; port370; port375; port438; port517; port792; port824; port1073; port1188; port1253; port1390; port1403; port1425; port1427; port1429; port238; port1261,18,0.0,a8c66fa7bd0c4373a1abfd43fdc50a94,964019445621.8224,5154645.7219629465,241.0,0.0,Ningbo,China,CHN,Asia & Pacific,29.92076897,121.8818408,18455,10352,2117,770,271,4945,8.4,10.56,1,2,1,0,0,0,0,9.823144799853589,9.245031611766112,8.506334448081361,7.658227526161352,9.48,7.5,2019,8,712.6399929544826
1000582,port1073,TC,LEKIMA-19,Tropical Cyclone LEKIMA-19,"Red Tropical Cyclone LEKIMA-19 in , China, Japan from: 04 Aug 2019  to: 11 Aug 2019 .",RED,China; Taiwan Province of China,2019-08-04 00:00:00+00:00,2019,2019-08-11 12:00:00+00:00,Tropical Depression (maximum wind speed of 241 km/h),36.0,119.5,1694311686493,port227; port228; port370; port375; port438; port517; port792; port824; port1073; port1188; port1253; port1390; port1403; port1425; port1427; port1429; port238; port1261,18,0.0,a8c66fa7bd0c4373a1abfd43fdc50a94,964019445621.8224,5154645.7219629465,241.0,0.0,Qiwei,China,CHN,Asia & Pacific,31.99831756,120.6176242,5837,194,2881,897,4,1861,2.15,0.29,1,2,1,0,0,0,0,8.67214355141406,5.272999558563747,7.529406457837013,7.966239776559467,1.22,7.5,2019,8,456.4761927446876
1000582,port1188,TC,LEKIMA-19,Tropical Cyclone LEKIMA-19,"Red Tropical Cyclone LEKIMA-19 in , China, Japan from: 04 Aug 2019  to: 11 Aug 2019 .",RED,China; Taiwan Province of China,2019-08-04 00:00:00+00:00,2019,2019-08-11 12:00:00+00:00,Tropical Depression (maximum wind speed of 241 km/h),36.0,119.5,1694311686493,port227; port228; port370; port375; port438; port517; port792; port824; port1073; port1188; port1253; port1390; port1403; port1425; port1427; port1429; port238; port1261,18,0.0,a8c66fa7bd0c4373a1abfd43fdc50a94,964019445621.8224,5154645.7219629465,241.0,0.0,Shanghai,China,CHN,Asia & Pacific,31.19179536,121.6441968,41093,12110,13770,5162,1743,8308,7.33,10.44,1,2,1,0,0,0,0,10.62361740442596,9.401869409521051,9.02509454366498,9.530320210727126,8.885,7.5,2019,8,571.2265936560676
1000582,port1253,TC,LEKIMA-19,Tropical Cyclone LEKIMA-19,"Red Tropical Cyclone LEKIMA-19 in , China, Japan from: 04 Aug 2019  to: 11 Aug 2019 .",RED,China; Taiwan Province of China,2019-08-04 00:00:00+00:00,2019,2019-08-11 12:00:00+00:00,Tropical Depression (maximum wind speed of 241 km/h),36.0,119.5,1694311686493,port227; port228; port370; port375; port438; port517; port792; port824; port1073; port1188; port1253; port1390; port1403; port1425; port1427; port1429; port238; port1261,18,0.0,a8c66fa7bd0c4373a1abfd43fdc50a94,964019445621.8224,5154645.7219629465,241.0,0.0,Suzhou (Taicang),China,CHN,Asia & Pacific,31.68751575,121.137616,8374,1516,3116,1915,186,1641,2.8,0.44,1,2,1,0,0,0,0,9.033006356693267,7.324489979348532,7.403670290012373,8.044626279767337,1.6199999999999999,7.5,2019,8,503.0557838620048
1000582,port1390,TC,LEKIMA-19,Tropical Cyclone LEKIMA-19,"Red Tropical Cyclone LEKIMA-19 in , China, Japan from: 04 Aug 2019  to: 11 Aug 2019 .",RED,China; Taiwan Province of China,2019-08-04 00:00:00+00:00,2019,2019-08-11 12:00:00+00:00,Tropical Depression (maximum wind speed of 241 km/h),36.0,119.5,1694311686493,port227; port228; port370; port375; port438; port517; port792; port824; port1073; port1188; port1253; port1390; port1403; port1425; port1427; port1429; port238; port1261,18,0.0,a8c66fa7bd0c4373a1abfd43fdc50a94,964019445621.8224,5154645.7219629465,241.0,0.0,Wenzhou,China,CHN,Asia & Pacific,28.0006769,120.9135209,583,35,165,142,0,241,0.08,0.0,1,2,1,0,0,0,0,6.369900982828227,3.58351893845611,5.488937726156687,5.111987788356544,0.04,7.5,2019,8,898.666971215542
1000582,port1403,TC,LEKIMA-19,Tropical Cyclone LEKIMA-19,"Red Tropical Cyclone LEKIMA-19 in , China, Japan from: 04 Aug 2019  to: 11 Aug 2019 .",RED,China; Taiwan Province of China,2019-08-04 00:00:00+00:00,2019,2019-08-11 12:00:00+00:00,Tropical Depression (maximum wind speed of 241 km/h),36.0,119.5,1694311686493,port227; port228; port370; port375; port438; port517; port792; port824; port1073; port1188; port1253; port1390; port1403; port1425; port1427; port1429; port238; port1261,18,0.0,a8c66fa7bd0c4373a1abfd43fdc50a94,964019445621.8224,5154645.7219629465,241.0,0.0,Xiagong,China,CHN,Asia & Pacific,26.56552028,119.7215338,1613,52,1081,251,8,221,1.08,0.28,1,2,1,0,0,0,0,7.3864708488298945,3.970291913552122,5.402677381872279,6.9865664594064265,0.68,7.5,2019,8,1047.4581859467198
1000582,port1425,TC,LEKIMA-19,Tropical Cyclone LEKIMA-19,"Red Tropical Cyclone LEKIMA-19 in , China, Japan from: 04 Aug 2019  to: 11 Aug 2019 .",RED,China; Taiwan Province of China,2019-08-04 00:00:00+00:00,2019,2019-08-11 12:00:00+00:00,Tropical Depression (maximum wind speed of 241 km/h),36.0,119.5,1694311686493,port227; port228; port370; port375; port438; port517; port792; port824; port1073; port1188; port1253; port1390; port1403; port1425; port1427; port1429; port238; port1261,18,0.0,a8c66fa7bd0c4373a1abfd43fdc50a94,964019445621.8224,5154645.7219629465,241.0,0.0,Suzhou (Zhangjiagang),China,CHN,Asia & Pacific,31.97462356,120.4288102,2849,345,1008,317,4,1175,1.03,0.14,1,2,1,0,0,0,0,7.955074273262696,5.846438775057725,7.069874128458572,6.9167150203536085,0.585,7.5,2019,8,455.29531632154436
1000582,port1427,TC,LEKIMA-19,Tropical Cyclone LEKIMA-19,"Red Tropical Cyclone LEKIMA-19 in , China, Japan from: 04 Aug 2019  to: 11 Aug 2019 .",RED,China; Taiwan Province of China,2019-08-04 00:00:00+00:00,2019,2019-08-11 12:00:00+00:00,Tropical Depression (maximum wind speed of 241 km/h),36.0,119.5,1694311686493,port227; port228; port370; port375; port438; port517; port792; port824; port1073; port1188; port1253; port1390; port1403; port1425; port1427; port1429; port238; port1261,18,0.0,a8c66fa7bd0c4373a1abfd43fdc50a94,964019445621.8224,5154645.7219629465,241.0,0.0,Zhapu,China,CHN,Asia & Pacific,30.63688515,121.1568835,2196,534,657,161,0,844,0.57,0.07,1,2,1,0,0,0,0,7.69484807238461,6.282266746896006,6.739336627357174,6.489204931325317,0.31999999999999995,7.5,2019,8,615.9785294435437
1000582,port1429,TC,LEKIMA-19,Tropical Cyclone LEKIMA-19,"Red Tropical Cyclone LEKIMA-19 in , China, Japan from: 04 Aug 2019  to: 11 Aug 2019 .",RED,China; Taiwan Province of China,2019-08-04 00:00:00+00:00,2019,2019-08-11 12:00:00+00:00,Tropical Depression (maximum wind speed of 241 km/h),36.0,119.5,1694311686493,port227; port228; port370; port375; port438; port517; port792; port824; port1073; port1188; port1253; port1390; port1403; port1425; port1427; port1429; port238; port1261,18,0.0,a8c66fa7bd0c4373a1abfd43fdc50a94,964019445621.8224,5154645.7219629465,241.0,0.0,Zhoushan,China,CHN,Asia & Pacific,30.05635032,122.1008368,6370,450,1732,611,90,3487,1.85,1.32,1,2,1,0,0,0,0,8.759511722116487,6.111467339502679,8.15708378502887,7.457609289715606,1.585,7.5,2019,8,705.4787562292942
1000582,port238,TC,LEKIMA-19,Tropical Cyclone LEKIMA-19,"Red Tropical Cyclone LEKIMA-19 in , China, Japan from: 04 Aug 2019  to: 11 Aug 2019 .",RED,China; Taiwan Province of China,2019-08-04 00:00:00+00:00,2019,2019-08-11 12:00:00+00:00,Tropical Depression (maximum wind speed of 241 km/h),36.0,119.5,1694311686493,port227; port228; port370; port375; port438; port517; port792; port824; port1073; port1188; port1253; port1390; port1403; port1425; port1427; port1429; port238; port1261,18,0.0,a8c66fa7bd0c4373a1abfd43fdc50a94,964019445621.8224,5154645.7219629465,241.0,0.0,Keelung,Taiwan Province of China,TWN,Asia & Pacific,25.14717994,121.7520059,3510,2527,265,488,33,197,6.76,8.5,1,2,1,0,0,0,0,8.163656176168432,7.8351837552667485,5.288267030694535,5.583496308781699,7.63,7.5,2019,8,1225.730666118399
1000582,port1261,TC,LEKIMA-19,Tropical Cyclone LEKIMA-19,"Red Tropical Cyclone LEKIMA-19 in , China, Japan from: 04 Aug 2019  to: 11 Aug 2019 .",RED,China; Taiwan Province of China,2019-08-04 00:00:00+00:00,2019,2019-08-11 12:00:00+00:00,Tropical Depression (maximum wind speed of 241 km/h),36.0,119.5,1694311686493,port227; port228; port370; port375; port438; port517; port792; port824; port1073; port1188; port1253; port1390; port1403; port1425; port1427; port1429; port238; port1261,18,0.0,a8c66fa7bd0c4373a1abfd43fdc50a94,964019445621.8224,5154645.7219629465,241.0,0.0,Taipei,Taiwan Province of China,TWN,Asia & Pacific,25.15663144,121.3807189,2782,1518,344,353,331,236,4.94,3.11,1,2,1,0,0,0,0,7.931284761525891,7.325807502595773,5.4680601411351315,5.84354441703136,4.025,7.5,2019,8,1218.3562079510393
1012873,port1331,DR,India and Sri Lanka-2019,"Drought in India, Sri Lanka","Red Drought in India, Sri Lanka from: 21 Dec 2018  to: 26 Aug 2019 .",RED,India; Sri Lanka,2018-12-21 00:00:00+00:00,2018,2019-08-26 13:37:00+00:00,Severe impact for agricultural drought in 85408 km2,8.828,79.198,1694311782990,port1331; port1319,2,0.0,,88052703825.3999,2608863.2322916104,0.0,0.0,Tuticorin,India,IND,Asia & Pacific,8.765928225,78.18889725,1253,460,367,291,3,132,4.0,0.89,1,2,0,0,0,1,0,7.134093721192866,6.133398042996649,4.890349128221754,5.908082938168931,2.445,248.5673611111111,2018,12,110.91623665823464
1012873,port1319,DR,India and Sri Lanka-2019,"Drought in India, Sri Lanka","Red Drought in India, Sri Lanka from: 21 Dec 2018  to: 26 Aug 2019 .",RED,India; Sri Lanka,2018-12-21 00:00:00+00:00,2018,2019-08-26 13:37:00+00:00,Severe impact for agricultural drought in 85408 km2,8.828,79.198,1694311782990,port1331; port1319,2,0.0,,88052703825.3999,2608863.2322916104,0.0,0.0,Trincomalee,Sri Lanka,LKA,Asia & Pacific,8.562149056,81.1988085,113,0,66,20,2,25,10.74,2.65,1,2,0,0,0,1,0,4.736198448394496,0.0,3.258096538021482,4.204692619390966,6.695,248.5673611111111,2018,12,221.58825612037606
1100185,port251,FL,"Flood in British Virgin Islands, The Bahamas","Flood in British Virgin Islands, The Bahamas","Red Flood in British Virgin Islands, The Bahamas from: 28 Aug 2019 00 to: 28 Aug 2019 00.",RED,The Bahamas,2019-08-28 00:00:00+00:00,2019,2019-08-28 00:00:00+00:00,,26.70673,-78.87209,1694311792460,port251; port357; port388; port721; port798; port821,6,0.0,5b46b63747f248a6847ddcf455d8e50f,362766691516.7617,2700767.8928220104,0.0,0.0,Clifton Pier,The Bahamas,BHS,North America,25.00515191,-77.54462513,230,0,12,21,0,197,14.82,0.03,1,2,0,1,0,0,0,5.442417710521793,0.0,5.288267030694535,2.5649493574615367,7.425,0.0,2019,8,231.31388949544214
1100185,port357,FL,"Flood in British Virgin Islands, The Bahamas","Flood in British Virgin Islands, The Bahamas","Red Flood in British Virgin Islands, The Bahamas from: 28 Aug 2019 00 to: 28 Aug 2019 00.",RED,The Bahamas,2019-08-28 00:00:00+00:00,2019,2019-08-28 00:00:00+00:00,,26.70673,-78.87209,1694311792460,port251; port357; port388; port721; port798; port821,6,0.0,5b46b63747f248a6847ddcf455d8e50f,362766691516.7617,2700767.8928220104,0.0,0.0,Freeport,The Bahamas,BHS,North America,26.52451521,-78.76266581,1139,742,76,120,25,176,76.23,90.78,1,2,0,1,0,0,0,7.038783541388542,6.610696044717759,5.176149732573829,4.343805421853684,83.505,0.0,2019,8,22.960619177265375
1100185,port388,FL,"Flood in British Virgin Islands, The Bahamas","Flood in British Virgin Islands, The Bahamas","Red Flood in British Virgin Islands, The Bahamas from: 28 Aug 2019 00 to: 28 Aug 2019 00.",RED,The Bahamas,2019-08-28 00:00:00+00:00,2019,2019-08-28 00:00:00+00:00,,26.70673,-78.87209,1694311792460,port251; port357; port388; port721; port798; port821,6,0.0,5b46b63747f248a6847ddcf455d8e50f,362766691516.7617,2700767.8928220104,0.0,0.0,Georgetown,The Bahamas,BHS,North America,23.50673765,-75.76789417,55,0,0,6,12,37,0.01,0.0,1,2,0,1,0,0,0,4.02535169073515,0.0,3.6375861597263857,0.0,0.005,0.0,2019,8,475.39910890385534
1100185,port721,FL,"Flood in British Virgin Islands, The Bahamas","Flood in British Virgin Islands, The Bahamas","Red Flood in British Virgin Islands, The Bahamas from: 28 Aug 2019 00 to: 28 Aug 2019 00.",RED,The Bahamas,2019-08-28 00:00:00+00:00,2019,2019-08-28 00:00:00+00:00,,26.70673,-78.87209,1694311792460,port251; port357; port388; port721; port798; port821,6,0.0,5b46b63747f248a6847ddcf455d8e50f,362766691516.7617,2700767.8928220104,0.0,0.0,Matthew Town,The Bahamas,BHS,North America,21.04685691,-73.64616407,53,0,11,28,0,14,0.4,6.58,1,2,0,1,0,0,0,3.9889840465642745,0.0,2.70805020110221,2.4849066497880004,3.49,0.0,2019,8,829.3275748716073
1100185,port798,FL,"Flood in British Virgin Islands, The Bahamas","Flood in British Virgin Islands, The Bahamas","Red Flood in British Virgin Islands, The Bahamas from: 28 Aug 2019 00 to: 28 Aug 2019 00.",RED,The Bahamas,2019-08-28 00:00:00+00:00,2019,2019-08-28 00:00:00+00:00,,26.70673,-78.87209,1694311792460,port251; port357; port388; port721; port798; port821,6,0.0,5b46b63747f248a6847ddcf455d8e50f,362766691516.7617,2700767.8928220104,0.0,0.0,Nassau,The Bahamas,BHS,North America,25.08066367,-77.34195784,634,264,25,174,165,6,8.17,2.43,1,2,0,1,0,0,0,6.453624998892692,5.579729825986222,1.9459101490553132,3.258096538021482,5.3,0.0,2019,8,237.15317286122675
1100185,port821,FL,"Flood in British Virgin Islands, The Bahamas","Flood in British Virgin Islands, The Bahamas","Red Flood in British Virgin Islands, The Bahamas from: 28 Aug 2019 00 to: 28 Aug 2019 00.",RED,The Bahamas,2019-08-28 00:00:00+00:00,2019,2019-08-28 00:00:00+00:00,,26.70673,-78.87209,1694311792460,port251; port357; port388; port721; port798; port821,6,0.0,5b46b63747f248a6847ddcf455d8e50f,362766691516.7617,2700767.8928220104,0.0,0.0,Nicholls Town,The Bahamas,BHS,North America,25.1757543,-78.02701829,24,0,0,9,0,15,0.37,0.17,1,2,0,1,0,0,0,3.2188758248682006,0.0,2.772588722239781,0.0,0.27,0.0,2019,8,189.96246380474852
1000593,port277,TC,LINGLING-19,Tropical Cyclone LINGLING-19,"Red Tropical Cyclone LINGLING-19 in Korea, Democratic People's Republic of, Republic of, China, Japan, Russian Federation from: 02 Sep 2019  to: 07 Sep 2019 .",RED,China; Korea,2019-09-02 00:00:00+00:00,2019,2019-09-07 06:00:00+00:00,Hurricane/Typhoon > 74 mph (maximum wind speed of 222 km/h),37.9,125.3,1694311847680,port277; port662; port270; port494; port608; port1067,6,0.0,6cf378ff79cf42cfa137c3d13bd2fe0a,1451761258421.6328,7352002.309485452,222.0,0.0,Dandong,China,CHN,Asia & Pacific,39.81024914,124.1468591,548,1,349,191,0,7,0.36,0.23,1,2,1,0,0,0,0,6.3080984415095305,0.6931471805599453,2.0794415416798357,5.857933154483459,0.295,5.25,2019,9,233.72567592579728
1000593,port662,TC,LINGLING-19,Tropical Cyclone LINGLING-19,"Red Tropical Cyclone LINGLING-19 in Korea, Democratic People's Republic of, Republic of, China, Japan, Russian Federation from: 02 Sep 2019  to: 07 Sep 2019 .",RED,China; Korea,2019-09-02 00:00:00+00:00,2019,2019-09-07 06:00:00+00:00,Hurricane/Typhoon > 74 mph (maximum wind speed of 222 km/h),37.9,125.3,1694311847680,port277; port662; port270; port494; port608; port1067,6,0.0,6cf378ff79cf42cfa137c3d13bd2fe0a,1451761258421.6328,7352002.309485452,222.0,0.0,Longyan Port,China,CHN,Asia & Pacific,37.40722471,122.6554029,134,29,66,25,4,10,0.0,0.01,1,2,1,0,0,0,0,4.90527477843843,3.4011973816621555,2.3978952727983707,4.204692619390966,0.005,5.25,2019,9,239.50767530581612
1000593,port270,TC,LINGLING-19,Tropical Cyclone LINGLING-19,"Red Tropical Cyclone LINGLING-19 in Korea, Democratic People's Republic of, Republic of, China, Japan, Russian Federation from: 02 Sep 2019  to: 07 Sep 2019 .",RED,China; Korea,2019-09-02 00:00:00+00:00,2019,2019-09-07 06:00:00+00:00,Hurricane/Typhoon > 74 mph (maximum wind speed of 222 km/h),37.9,125.3,1694311847680,port277; port662; port270; port494; port608; port1067,6,0.0,6cf378ff79cf42cfa137c3d13bd2fe0a,1451761258421.6328,7352002.309485452,222.0,0.0,Daesan,Korea,KOR,Asia & Pacific,37.01322694,126.4036728,3590,200,156,112,1,3121,9.47,8.87,1,2,1,0,0,0,0,8.186185994226083,5.303304908059076,8.046229101075378,5.056245805348308,9.17,5.25,2019,9,138.77304235358503
1000593,port494,TC,LINGLING-19,Tropical Cyclone LINGLING-19,"Red Tropical Cyclone LINGLING-19 in Korea, Democratic People's Republic of, Republic of, China, Japan, Russian Federation from: 02 Sep 2019  to: 07 Sep 2019 .",RED,China; Korea,2019-09-02 00:00:00+00:00,2019,2019-09-07 06:00:00+00:00,Hurricane/Typhoon > 74 mph (maximum wind speed of 222 km/h),37.9,125.3,1694311847680,port277; port662; port270; port494; port608; port1067,6,0.0,6cf378ff79cf42cfa137c3d13bd2fe0a,1451761258421.6328,7352002.309485452,222.0,0.0,Incheon,Korea,KOR,Asia & Pacific,37.44435778,126.6200824,6873,2274,735,1856,245,1763,10.52,4.2,1,2,1,0,0,0,0,8.835501457409778,7.729735331385051,7.475339236566737,6.601230118728877,7.359999999999999,5.25,2019,9,126.85431132960973
1000593,port608,TC,LINGLING-19,Tropical Cyclone LINGLING-19,"Red Tropical Cyclone LINGLING-19 in Korea, Democratic People's Republic of, Republic of, China, Japan, Russian Federation from: 02 Sep 2019  to: 07 Sep 2019 .",RED,China; Korea,2019-09-02 00:00:00+00:00,2019,2019-09-07 06:00:00+00:00,Hurricane/Typhoon > 74 mph (maximum wind speed of 222 km/h),37.9,125.3,1694311847680,port277; port662; port270; port494; port608; port1067,6,0.0,6cf378ff79cf42cfa137c3d13bd2fe0a,1451761258421.6328,7352002.309485452,222.0,0.0,Gunsan,Korea,KOR,Asia & Pacific,35.97369768,126.5946012,748,44,227,276,95,106,1.29,0.24,1,2,1,0,0,0,0,6.618738983517219,3.8066624897703196,4.672828834461906,5.429345628954441,0.765,5.25,2019,9,243.39957465716444
1000593,port1067,TC,LINGLING-19,Tropical Cyclone LINGLING-19,"Red Tropical Cyclone LINGLING-19 in Korea, Democratic People's Republic of, Republic of, China, Japan, Russian Federation from: 02 Sep 2019  to: 07 Sep 2019 .",RED,China; Korea,2019-09-02 00:00:00+00:00,2019,2019-09-07 06:00:00+00:00,Hurricane/Typhoon > 74 mph (maximum wind speed of 222 km/h),37.9,125.3,1694311847680,port277; port662; port270; port494; port608; port1067,6,0.0,6cf378ff79cf42cfa137c3d13bd2fe0a,1451761258421.6328,7352002.309485452,222.0,0.0,Pyeongtaek,Korea,KOR,Asia & Pacific,36.97512759,126.7846279,5022,585,829,1850,781,977,10.42,2.48,1,2,1,0,0,0,0,8.521782643750045,6.373319789577012,6.885509670034818,6.721425700790643,6.45,5.25,2019,9,166.9484842346973
1000624,port290,TC,MATMO-19/BULBUL-19,Tropical Cyclone MATMO-19/BULBUL-19,"Red Tropical Cyclone MATMO-19/BULBUL-19 in Bangladesh, India, Myanmar, Thailand, Cambodia, Laos, Viet Nam from: 29 Oct 2019  to: 10 Nov 2019 .",RED,Bangladesh; Vietnam; India,2019-10-29 18:00:00+00:00,2019,2019-11-10 12:00:00+00:00,Tropical Storm (maximum wind speed of 157 km/h),23.0,90.8,1694312137296,port290; port442; port883; port1078; port759; port890,6,0.0,b846804ea419470084333b3317290139,317900413479.5791,3432525.078379262,157.0,0.0,Dhamra Port,India,IND,Asia & Pacific,20.82773698,86.9595015,367,0,360,7,0,0,3.23,3.45,1,2,1,0,0,0,0,5.908082938168931,0.0,0.0,5.8888779583328805,3.34,11.75,2019,10,465.71736461669104
1000624,port442,TC,MATMO-19/BULBUL-19,Tropical Cyclone MATMO-19/BULBUL-19,"Red Tropical Cyclone MATMO-19/BULBUL-19 in Bangladesh, India, Myanmar, Thailand, Cambodia, Laos, Viet Nam from: 29 Oct 2019  to: 10 Nov 2019 .",RED,Bangladesh; Vietnam; India,2019-10-29 18:00:00+00:00,2019,2019-11-10 12:00:00+00:00,Tropical Storm (maximum wind speed of 157 km/h),23.0,90.8,1694312137296,port290; port442; port883; port1078; port759; port890,6,0.0,b846804ea419470084333b3317290139,317900413479.5791,3432525.078379262,157.0,0.0,Haldia,India,IND,Asia & Pacific,22.0577906,88.10419444,1433,150,711,111,0,461,4.33,1.54,1,2,1,0,0,0,0,7.2682230211595655,5.017279836814924,6.135564891081739,6.568077911411976,2.935,11.75,2019,10,296.39698998325946
1000624,port883,TC,MATMO-19/BULBUL-19,Tropical Cyclone MATMO-19/BULBUL-19,"Red Tropical Cyclone MATMO-19/BULBUL-19 in Bangladesh, India, Myanmar, Thailand, Cambodia, Laos, Viet Nam from: 29 Oct 2019  to: 10 Nov 2019 .",RED,Bangladesh; Vietnam; India,2019-10-29 18:00:00+00:00,2019,2019-11-10 12:00:00+00:00,Tropical Storm (maximum wind speed of 157 km/h),23.0,90.8,1694312137296,port290; port442; port883; port1078; port759; port890,6,0.0,b846804ea419470084333b3317290139,317900413479.5791,3432525.078379262,157.0,0.0,Paradip,India,IND,Asia & Pacific,20.28045307,86.64892168,1267,13,1044,49,0,161,4.89,16.35,1,2,1,0,0,0,0,7.145196134997171,2.6390573296152584,5.087596335232384,6.951772164398911,10.620000000000001,11.75,2019,10,527.1875852504505
1000624,port1078,TC,MATMO-19/BULBUL-19,Tropical Cyclone MATMO-19/BULBUL-19,"Red Tropical Cyclone MATMO-19/BULBUL-19 in Bangladesh, India, Myanmar, Thailand, Cambodia, Laos, Viet Nam from: 29 Oct 2019  to: 10 Nov 2019 .",RED,Bangladesh; Vietnam; India,2019-10-29 18:00:00+00:00,2019,2019-11-10 12:00:00+00:00,Tropical Storm (maximum wind speed of 157 km/h),23.0,90.8,1694312137296,port290; port442; port883; port1078; port759; port890,6,0.0,b846804ea419470084333b3317290139,317900413479.5791,3432525.078379262,157.0,0.0,Quy Nhon,Vietnam,VNM,Asia & Pacific,13.7761055,109.2444482,707,210,148,289,0,60,0.4,3.55,1,2,1,0,0,0,0,6.56244409369372,5.351858133476067,4.110873864173311,5.003946305945459,1.9749999999999999,11.75,2019,10,2236.552048987098
1000624,port759,TC,MATMO-19/BULBUL-19,Tropical Cyclone MATMO-19/BULBUL-19,"Red Tropical Cyclone MATMO-19/BULBUL-19 in Bangladesh, India, Myanmar, Thailand, Cambodia, Laos, Viet Nam from: 29 Oct 2019  to: 10 Nov 2019 .",RED,Bangladesh; Vietnam; India,2019-10-29 18:00:00+00:00,2019,2019-11-10 12:00:00+00:00,Tropical Storm (maximum wind speed of 157 km/h),23.0,90.8,1694312137296,port290; port442; port883; port1078; port759; port890,6,0.0,b846804ea419470084333b3317290139,317900413479.5791,3432525.078379262,157.0,0.0,Mongla,Bangladesh,BGD,Asia & Pacific,22.50341944,89.58968406,248,41,1,38,9,159,1.73,16.2,1,2,1,0,0,0,0,5.517452896464707,3.7376696182833684,5.075173815233827,0.6931471805599453,8.965,11.75,2019,10,135.8047980144299
1000624,port890,TC,MATMO-19/BULBUL-19,Tropical Cyclone MATMO-19/BULBUL-19,"Red Tropical Cyclone MATMO-19/BULBUL-19 in Bangladesh, India, Myanmar, Thailand, Cambodia, Laos, Viet Nam from: 29 Oct 2019  to: 10 Nov 2019 .",RED,Bangladesh; Vietnam; India,2019-10-29 18:00:00+00:00,2019,2019-11-10 12:00:00+00:00,Tropical Storm (maximum wind speed of 157 km/h),23.0,90.8,1694312137296,port290; port442; port883; port1078; port759; port890,6,0.0,b846804ea419470084333b3317290139,317900413479.5791,3432525.078379262,157.0,0.0,Payra,Bangladesh,BGD,Asia & Pacific,21.99789333,90.30570117,54,6,39,9,0,0,3.01,0.62,1,2,1,0,0,0,0,4.007333185232471,1.9459101490553132,0.0,3.6888794541139363,1.815,11.75,2019,10,122.31516612390695
1100273,port207,FL,Flood in Bangladesh,"Flood in Bangladesh, India","Red Flood in Bangladesh, India from: 09 Nov 2019 00 to: 12 Nov 2019 00.",RED,Bangladesh; India,2019-11-09 00:00:00+00:00,2019,2019-11-12 00:00:00+00:00,,22.70099,90.35384,1694312166030,port207; port290; port442; port883; port241; port289; port759; port890,8,0.0,a57b043b47634cbd91006db4600147e7,463957499990.5293,12534138.639033608,0.0,0.0,Kolkata (Syama Prasad Mookerje Port),India,IND,Asia & Pacific,22.53574401,88.29958111,642,434,9,187,1,11,0.2,0.16,1,2,0,1,0,0,0,6.466144724237619,6.075346031088684,2.4849066497880004,2.302585092994046,0.18,3.0,2019,11,211.40827594832388
1100273,port290,FL,Flood in Bangladesh,"Flood in Bangladesh, India","Red Flood in Bangladesh, India from: 09 Nov 2019 00 to: 12 Nov 2019 00.",RED,Bangladesh; India,2019-11-09 00:00:00+00:00,2019,2019-11-12 00:00:00+00:00,,22.70099,90.35384,1694312166030,port207; port290; port442; port883; port241; port289; port759; port890,8,0.0,a57b043b47634cbd91006db4600147e7,463957499990.5293,12534138.639033608,0.0,0.0,Dhamra Port,India,IND,Asia & Pacific,20.82773698,86.9595015,367,0,360,7,0,0,3.23,3.45,1,2,0,1,0,0,0,5.908082938168931,0.0,0.0,5.8888779583328805,3.34,3.0,2019,11,408.9567379885202
1100273,port442,FL,Flood in Bangladesh,"Flood in Bangladesh, India","Red Flood in Bangladesh, India from: 09 Nov 2019 00 to: 12 Nov 2019 00.",RED,Bangladesh; India,2019-11-09 00:00:00+00:00,2019,2019-11-12 00:00:00+00:00,,22.70099,90.35384,1694312166030,port207; port290; port442; port883; port241; port289; port759; port890,8,0.0,a57b043b47634cbd91006db4600147e7,463957499990.5293,12534138.639033608,0.0,0.0,Haldia,India,IND,Asia & Pacific,22.0577906,88.10419444,1433,150,711,111,0,461,4.33,1.54,1,2,0,1,0,0,0,7.2682230211595655,5.017279836814924,6.135564891081739,6.568077911411976,2.935,3.0,2019,11,242.19537721045444
1100273,port883,FL,Flood in Bangladesh,"Flood in Bangladesh, India","Red Flood in Bangladesh, India from: 09 Nov 2019 00 to: 12 Nov 2019 00.",RED,Bangladesh; India,2019-11-09 00:00:00+00:00,2019,2019-11-12 00:00:00+00:00,,22.70099,90.35384,1694312166030,port207; port290; port442; port883; port241; port289; port759; port890,8,0.0,a57b043b47634cbd91006db4600147e7,463957499990.5293,12534138.639033608,0.0,0.0,Paradip,India,IND,Asia & Pacific,20.28045307,86.64892168,1267,13,1044,49,0,161,4.89,16.35,1,2,0,1,0,0,0,7.145196134997171,2.6390573296152584,5.087596335232384,6.951772164398911,10.620000000000001,3.0,2019,11,470.09900297539644
1100273,port241,FL,Flood in Bangladesh,"Flood in Bangladesh, India","Red Flood in Bangladesh, India from: 09 Nov 2019 00 to: 12 Nov 2019 00.",RED,Bangladesh; India,2019-11-09 00:00:00+00:00,2019,2019-11-12 00:00:00+00:00,,22.70099,90.35384,1694312166030,port207; port290; port442; port883; port241; port289; port759; port890,8,0.0,a57b043b47634cbd91006db4600147e7,463957499990.5293,12534138.639033608,0.0,0.0,Chittagong,Bangladesh,BGD,Asia & Pacific,22.2812458,91.81385427,2330,1239,311,315,25,440,90.59,82.72,1,2,0,1,0,0,0,7.754052639035757,7.122866658599083,6.089044875446846,5.7430031878094825,86.655,3.0,2019,11,157.03216628955343
1100273,port289,FL,Flood in Bangladesh,"Flood in Bangladesh, India","Red Flood in Bangladesh, India from: 09 Nov 2019 00 to: 12 Nov 2019 00.",RED,Bangladesh; India,2019-11-09 00:00:00+00:00,2019,2019-11-12 00:00:00+00:00,,22.70099,90.35384,1694312166030,port207; port290; port442; port883; port241; port289; port759; port890,8,0.0,a57b043b47634cbd91006db4600147e7,463957499990.5293,12534138.639033608,0.0,0.0,Dhaka,Bangladesh,BGD,Asia & Pacific,23.6624176,90.44870639,51,5,0,18,0,28,0.06,0.45,1,2,0,1,0,0,0,3.9512437185814275,1.791759469228055,3.367295829986474,0.0,0.255,3.0,2019,11,107.1534121114946
1100273,port759,FL,Flood in Bangladesh,"Flood in Bangladesh, India","Red Flood in Bangladesh, India from: 09 Nov 2019 00 to: 12 Nov 2019 00.",RED,Bangladesh; India,2019-11-09 00:00:00+00:00,2019,2019-11-12 00:00:00+00:00,,22.70099,90.35384,1694312166030,port207; port290; port442; port883; port241; port289; port759; port890,8,0.0,a57b043b47634cbd91006db4600147e7,463957499990.5293,12534138.639033608,0.0,0.0,Mongla,Bangladesh,BGD,Asia & Pacific,22.50341944,89.58968406,248,41,1,38,9,159,1.73,16.2,1,2,0,1,0,0,0,5.517452896464707,3.7376696182833684,5.075173815233827,0.6931471805599453,8.965,3.0,2019,11,81.37356813360086
1100273,port890,FL,Flood in Bangladesh,"Flood in Bangladesh, India","Red Flood in Bangladesh, India from: 09 Nov 2019 00 to: 12 Nov 2019 00.",RED,Bangladesh; India,2019-11-09 00:00:00+00:00,2019,2019-11-12 00:00:00+00:00,,22.70099,90.35384,1694312166030,port207; port290; port442; port883; port241; port289; port759; port890,8,0.0,a57b043b47634cbd91006db4600147e7,463957499990.5293,12534138.639033608,0.0,0.0,Payra,Bangladesh,BGD,Asia & Pacific,21.99789333,90.30570117,54,6,39,9,0,0,3.01,0.62,1,2,0,1,0,0,0,4.007333185232471,1.9459101490553132,0.0,3.6888794541139363,1.815,3.0,2019,11,78.20083056872998
1000636,port125,TC,KAMMURI-19,Tropical Cyclone KAMMURI-19,"Red Tropical Cyclone KAMMURI-19 in Philippines, Guam, Northern Mariana Islands from: 25 Nov 2019  to: 05 Dec 2019 .",RED,Philippines,2019-11-25 18:00:00+00:00,2019,2019-12-05 18:00:00+00:00,Tropical Depression (maximum wind speed of 213 km/h),12.2,113.5,1694312298029,port125; port694; port858; port1232,4,0.0,f189276a7e174aa88ce4270ecf7ee158,1310887873701.8965,7478805.052493515,213.0,0.0,Batangas City,Philippines,PHL,Asia & Pacific,13.74477092,121.0239173,2021,355,112,241,311,1002,9.53,5.22,1,2,1,0,0,0,0,7.611842399580417,5.87493073085203,6.910750787961936,4.727387818712341,7.375,10.0,2019,11,829.1626690974739
1000636,port694,TC,KAMMURI-19,Tropical Cyclone KAMMURI-19,"Red Tropical Cyclone KAMMURI-19 in Philippines, Guam, Northern Mariana Islands from: 25 Nov 2019  to: 05 Dec 2019 .",RED,Philippines,2019-11-25 18:00:00+00:00,2019,2019-12-05 18:00:00+00:00,Tropical Depression (maximum wind speed of 213 km/h),12.2,113.5,1694312298029,port125; port694; port858; port1232,4,0.0,f189276a7e174aa88ce4270ecf7ee158,1310887873701.8965,7478805.052493515,213.0,0.0,Manila,Philippines,PHL,Asia & Pacific,14.59160879,120.8723998,8297,2689,1065,2553,127,1863,50.73,49.87,1,2,1,0,0,0,0,9.023769800892813,7.897296472595885,7.530479995245536,6.97166860472579,50.3,10.0,2019,11,835.251704253297
1000636,port858,TC,KAMMURI-19,Tropical Cyclone KAMMURI-19,"Red Tropical Cyclone KAMMURI-19 in Philippines, Guam, Northern Mariana Islands from: 25 Nov 2019  to: 05 Dec 2019 .",RED,Philippines,2019-11-25 18:00:00+00:00,2019,2019-12-05 18:00:00+00:00,Tropical Depression (maximum wind speed of 213 km/h),12.2,113.5,1694312298029,port125; port694; port858; port1232,4,0.0,f189276a7e174aa88ce4270ecf7ee158,1310887873701.8965,7478805.052493515,213.0,0.0,Ormoc,Philippines,PHL,Asia & Pacific,11.00605657,124.6025404,96,0,1,94,1,0,0.01,0.01,1,2,1,0,0,0,0,4.574710978503383,0.0,0.0,0.6931471805599453,0.01,10.0,2019,11,1216.9525364861709
1000636,port1232,TC,KAMMURI-19,Tropical Cyclone KAMMURI-19,"Red Tropical Cyclone KAMMURI-19 in Philippines, Guam, Northern Mariana Islands from: 25 Nov 2019  to: 05 Dec 2019 .",RED,Philippines,2019-11-25 18:00:00+00:00,2019,2019-12-05 18:00:00+00:00,Tropical Depression (maximum wind speed of 213 km/h),12.2,113.5,1694312298029,port125; port694; port858; port1232,4,0.0,f189276a7e174aa88ce4270ecf7ee158,1310887873701.8965,7478805.052493515,213.0,0.0,Subic Bay,Philippines,PHL,Asia & Pacific,14.80314981,120.2913574,868,316,77,177,30,268,6.43,1.1,1,2,1,0,0,0,0,6.767343125265392,5.75890177387728,5.594711379601839,4.356708826689592,3.7649999999999997,10.0,2019,11,784.0094255796881
1000663,port636,TC,HAROLD-20,Tropical Cyclone HAROLD-20,"Red Tropical Cyclone HAROLD-20 in , Tonga, Fiji, Vanuatu from: 02 Apr 2020  to: 09 Apr 2020 .",RED,Fiji; Vanuatu; Tonga,2020-04-02 18:00:00+00:00,2020,2020-04-09 06:00:00+00:00,Hurricane/Typhoon > 74 mph (maximum wind speed of 269 km/h),-24.6,-170.7,1694314190344,port636; port643; port1240; port669; port836,5,0.0,56210f6c71f84299baa2ea0b705762f0,1886520768475.2756,11970100.92647234,269.0,0.0,Lautoka,Fiji,FJI,Asia & Pacific,-17.60674719,177.4412092,356,158,14,50,0,134,47.13,61.55,1,2,1,0,0,0,0,5.877735781779639,5.0689042022202315,4.90527477843843,2.70805020110221,54.34,6.5,2020,4,36841.592084425974
1000663,port643,TC,HAROLD-20,Tropical Cyclone HAROLD-20,"Red Tropical Cyclone HAROLD-20 in , Tonga, Fiji, Vanuatu from: 02 Apr 2020  to: 09 Apr 2020 .",RED,Fiji; Vanuatu; Tonga,2020-04-02 18:00:00+00:00,2020,2020-04-09 06:00:00+00:00,Hurricane/Typhoon > 74 mph (maximum wind speed of 269 km/h),-24.6,-170.7,1694314190344,port636; port643; port1240; port669; port836,5,0.0,56210f6c71f84299baa2ea0b705762f0,1886520768475.2756,11970100.92647234,269.0,0.0,Levuka,Fiji,FJI,Asia & Pacific,-17.68633414,178.8367224,55,0,0,55,0,0,0.0,0.0,1,2,1,0,0,0,0,4.02535169073515,0.0,0.0,0.0,0.0,6.5,2020,4,36972.686768294334
1000663,port1240,TC,HAROLD-20,Tropical Cyclone HAROLD-20,"Red Tropical Cyclone HAROLD-20 in , Tonga, Fiji, Vanuatu from: 02 Apr 2020  to: 09 Apr 2020 .",RED,Fiji; Vanuatu; Tonga,2020-04-02 18:00:00+00:00,2020,2020-04-09 06:00:00+00:00,Hurricane/Typhoon > 74 mph (maximum wind speed of 269 km/h),-24.6,-170.7,1694314190344,port636; port643; port1240; port669; port836,5,0.0,56210f6c71f84299baa2ea0b705762f0,1886520768475.2756,11970100.92647234,269.0,0.0,Suva,Fiji,FJI,Asia & Pacific,-18.11693144,178.4249763,369,182,9,63,38,77,50.7,21.45,1,2,1,0,0,0,0,5.91350300563827,5.209486152841421,4.356708826689592,2.302585092994046,36.075,6.5,2020,4,36838.68474801225
1000663,port669,TC,HAROLD-20,Tropical Cyclone HAROLD-20,"Red Tropical Cyclone HAROLD-20 in , Tonga, Fiji, Vanuatu from: 02 Apr 2020  to: 09 Apr 2020 .",RED,Fiji; Vanuatu; Tonga,2020-04-02 18:00:00+00:00,2020,2020-04-09 06:00:00+00:00,Hurricane/Typhoon > 74 mph (maximum wind speed of 269 km/h),-24.6,-170.7,1694314190344,port636; port643; port1240; port669; port836,5,0.0,56210f6c71f84299baa2ea0b705762f0,1886520768475.2756,11970100.92647234,269.0,0.0,Luganville,Vanuatu,VUT,Asia & Pacific,-15.51471654,167.1900857,65,28,0,32,0,5,27.41,29.8,1,2,1,0,0,0,0,4.189654742026425,3.367295829986474,1.791759469228055,0.0,28.605,6.5,2020,4,36153.22290156384
1000663,port836,TC,HAROLD-20,Tropical Cyclone HAROLD-20,"Red Tropical Cyclone HAROLD-20 in , Tonga, Fiji, Vanuatu from: 02 Apr 2020  to: 09 Apr 2020 .",RED,Fiji; Vanuatu; Tonga,2020-04-02 18:00:00+00:00,2020,2020-04-09 06:00:00+00:00,Hurricane/Typhoon > 74 mph (maximum wind speed of 269 km/h),-24.6,-170.7,1694314190344,port636; port643; port1240; port669; port836,5,0.0,56210f6c71f84299baa2ea0b705762f0,1886520768475.2756,11970100.92647234,269.0,0.0,Nuku'alofa,Tonga,TON,Asia & Pacific,-21.13871037,-175.1811695,198,66,0,74,14,44,95.74,82.91,1,2,1,0,0,0,0,5.293304824724492,4.204692619390966,3.8066624897703196,0.0,89.32499999999999,6.5,2020,4,602.3716474436042
1000667,port207,TC,AMPHAN-20,Tropical Cyclone AMPHAN-20,"Red Tropical Cyclone AMPHAN-20 in India, Bangladesh, Bhutan from: 16 May 2020  to: 20 May 2020 .",RED,India,2020-05-16 06:00:00+00:00,2020,2020-05-20 12:00:00+00:00,Hurricane/Typhoon > 74 mph (maximum wind speed of 269 km/h),22.2,88.3,1694314330037,port207; port290; port442; port883,4,0.0,4aa2d000ec6344bd8e3ff519e352cddc,486303246583.71,3835378.588229685,269.0,0.0,Kolkata (Syama Prasad Mookerje Port),India,IND,Asia & Pacific,22.53574401,88.29958111,642,434,9,187,1,11,0.2,0.16,1,2,1,0,0,0,0,6.466144724237619,6.075346031088684,2.4849066497880004,2.302585092994046,0.18,4.25,2020,5,37.26760985517864
1000667,port290,TC,AMPHAN-20,Tropical Cyclone AMPHAN-20,"Red Tropical Cyclone AMPHAN-20 in India, Bangladesh, Bhutan from: 16 May 2020  to: 20 May 2020 .",RED,India,2020-05-16 06:00:00+00:00,2020,2020-05-20 12:00:00+00:00,Hurricane/Typhoon > 74 mph (maximum wind speed of 269 km/h),22.2,88.3,1694314330037,port207; port290; port442; port883,4,0.0,4aa2d000ec6344bd8e3ff519e352cddc,486303246583.71,3835378.588229685,269.0,0.0,Dhamra Port,India,IND,Asia & Pacific,20.82773698,86.9595015,367,0,360,7,0,0,3.23,3.45,1,2,1,0,0,0,0,5.908082938168931,0.0,0.0,5.8888779583328805,3.34,4.25,2020,5,206.25905148111502
1000667,port442,TC,AMPHAN-20,Tropical Cyclone AMPHAN-20,"Red Tropical Cyclone AMPHAN-20 in India, Bangladesh, Bhutan from: 16 May 2020  to: 20 May 2020 .",RED,India,2020-05-16 06:00:00+00:00,2020,2020-05-20 12:00:00+00:00,Hurricane/Typhoon > 74 mph (maximum wind speed of 269 km/h),22.2,88.3,1694314330037,port207; port290; port442; port883,4,0.0,4aa2d000ec6344bd8e3ff519e352cddc,486303246583.71,3835378.588229685,269.0,0.0,Haldia,India,IND,Asia & Pacific,22.0577906,88.10419444,1433,150,711,111,0,461,4.33,1.54,1,2,1,0,0,0,0,7.2682230211595655,5.017279836814924,6.135564891081739,6.568077911411976,2.935,4.25,2020,5,25.591749730464862
1000667,port883,TC,AMPHAN-20,Tropical Cyclone AMPHAN-20,"Red Tropical Cyclone AMPHAN-20 in India, Bangladesh, Bhutan from: 16 May 2020  to: 20 May 2020 .",RED,India,2020-05-16 06:00:00+00:00,2020,2020-05-20 12:00:00+00:00,Hurricane/Typhoon > 74 mph (maximum wind speed of 269 km/h),22.2,88.3,1694314330037,port207; port290; port442; port883,4,0.0,4aa2d000ec6344bd8e3ff519e352cddc,486303246583.71,3835378.588229685,269.0,0.0,Paradip,India,IND,Asia & Pacific,20.28045307,86.64892168,1267,13,1044,49,0,161,4.89,16.35,1,2,1,0,0,0,0,7.145196134997171,2.6390573296152584,5.087596335232384,6.951772164398911,10.620000000000001,4.25,2020,5,273.7721030202943
1000673,port511,TC,NISARGA-20,Tropical Cyclone NISARGA-20,Red Tropical Cyclone NISARGA-20 in India from: 02 Jun 2020  to: 03 Jun 2020 .,RED,India,2020-06-02 18:00:00+00:00,2020,2020-06-03 12:00:00+00:00,Hurricane/Typhoon > 74 mph (maximum wind speed of 139 km/h),19.1,73.7,1694314372002,port511; port776,2,0.0,91c5a35ee6804b94a39c91c93021bfe1,116925429196.29688,1668600.0514449673,139.0,0.0,Jaigad Port,India,IND,Asia & Pacific,17.29523509,73.21867272,584,4,200,363,0,17,2.32,0.38,1,2,1,0,0,0,0,6.371611847231857,1.6094379124341003,2.8903717578961645,5.303304908059076,1.3499999999999999,0.75,2020,6,206.7216910639192
1000673,port776,TC,NISARGA-20,Tropical Cyclone NISARGA-20,Red Tropical Cyclone NISARGA-20 in India from: 02 Jun 2020  to: 03 Jun 2020 .,RED,India,2020-06-02 18:00:00+00:00,2020,2020-06-03 12:00:00+00:00,Hurricane/Typhoon > 74 mph (maximum wind speed of 139 km/h),19.1,73.7,1694314372002,port511; port776,2,0.0,91c5a35ee6804b94a39c91c93021bfe1,116925429196.29688,1668600.0514449673,139.0,0.0,Mumbai-Jawaharlal Nehru (Nhava Sheva),India,IND,Asia & Pacific,18.91732276,72.93965039,6559,2071,1067,1818,101,1502,17.5,22.59,1,2,1,0,0,0,0,8.788745881938135,7.6362696033793735,7.315218389752975,6.97354301952014,20.045,0.75,2020,6,82.37488880898775
1000702,port277,TC,BAVI-20,Tropical Cyclone BAVI-20,"Red Tropical Cyclone BAVI-20 in China, Democratic Republic of Korea, Republic of Korea from: 21 Aug 2020  to: 27 Aug 2020 .",RED,China,2020-08-21 12:00:00+00:00,2020,2020-08-27 06:00:00+00:00,Tropical Storm (maximum wind speed of 185 km/h),41.6,125.8,1694314620195,port277; port662,2,0.0,99eadeb4109b4f45891f4d352d984b9c,722913654780.2266,5491058.810650765,185.0,0.0,Dandong,China,CHN,Asia & Pacific,39.81024914,124.1468591,548,1,349,191,0,7,0.36,0.23,1,2,1,0,0,0,0,6.3080984415095305,0.6931471805599453,2.0794415416798357,5.857933154483459,0.295,5.75,2020,8,243.5895652142196
1000702,port662,TC,BAVI-20,Tropical Cyclone BAVI-20,"Red Tropical Cyclone BAVI-20 in China, Democratic Republic of Korea, Republic of Korea from: 21 Aug 2020  to: 27 Aug 2020 .",RED,China,2020-08-21 12:00:00+00:00,2020,2020-08-27 06:00:00+00:00,Tropical Storm (maximum wind speed of 185 km/h),41.6,125.8,1694314620195,port277; port662,2,0.0,99eadeb4109b4f45891f4d352d984b9c,722913654780.2266,5491058.810650765,185.0,0.0,Longyan Port,China,CHN,Asia & Pacific,37.40722471,122.6554029,134,29,66,25,4,10,0.0,0.01,1,2,1,0,0,0,0,4.90527477843843,3.4011973816621555,2.3978952727983707,4.204692619390966,0.005,5.75,2020,8,541.7292931270656
1000705,port545,TC,MAYSAK-20,Tropical Cyclone MAYSAK-20,"Red Tropical Cyclone MAYSAK-20 in Republic of Korea, Japan, Democratic Republic of Korea, China from: 28 Aug 2020  to: 02 Sep 2020 .",RED,Japan; Korea,2020-08-28 00:00:00+00:00,2020,2020-09-02 18:00:00+00:00,Hurricane/Typhoon > 74 mph (maximum wind speed of 231 km/h),35.5,129.0,1694314659620,port545; port785; port432; port715; port915; port1065; port1309; port1338,8,0.0,2e49fb9e14e147c7914103806eaa8c51,1738832135933.7012,9098031.240905829,231.0,0.0,Karatsu,Japan,JPN,Asia & Pacific,33.47638831,129.9549216,315,0,103,74,1,137,0.15,0.03,1,2,1,0,0,0,0,5.755742213586912,0.0,4.927253685157205,4.6443908991413725,0.09,5.75,2020,8,241.39467799421703
1000705,port785,TC,MAYSAK-20,Tropical Cyclone MAYSAK-20,"Red Tropical Cyclone MAYSAK-20 in Republic of Korea, Japan, Democratic Republic of Korea, China from: 28 Aug 2020  to: 02 Sep 2020 .",RED,Japan; Korea,2020-08-28 00:00:00+00:00,2020,2020-09-02 18:00:00+00:00,Hurricane/Typhoon > 74 mph (maximum wind speed of 231 km/h),35.5,129.0,1694314659620,port545; port785; port432; port715; port915; port1065; port1309; port1338,8,0.0,2e49fb9e14e147c7914103806eaa8c51,1738832135933.7012,9098031.240905829,231.0,0.0,Nagasaki,Japan,JPN,Asia & Pacific,32.71445214,129.840702,1057,62,177,438,0,380,0.1,0.08,1,2,1,0,0,0,0,6.964135612418245,4.143134726391533,5.942799375126701,5.181783550292085,0.09,5.75,2020,8,319.0089429965365
1000705,port432,TC,MAYSAK-20,Tropical Cyclone MAYSAK-20,"Red Tropical Cyclone MAYSAK-20 in Republic of Korea, Japan, Democratic Republic of Korea, China from: 28 Aug 2020  to: 02 Sep 2020 .",RED,Japan; Korea,2020-08-28 00:00:00+00:00,2020,2020-09-02 18:00:00+00:00,Hurricane/Typhoon > 74 mph (maximum wind speed of 231 km/h),35.5,129.0,1694314659620,port545; port785; port432; port715; port915; port1065; port1309; port1338,8,0.0,2e49fb9e14e147c7914103806eaa8c51,1738832135933.7012,9098031.240905829,231.0,0.0,Gwangyang (Kwangyang),Korea,KOR,Asia & Pacific,34.87669716,127.7165533,9586,2041,852,1754,391,4548,19.75,21.61,1,2,1,0,0,0,0,9.168163293076997,7.621684998724611,8.422662707570003,6.748759547491679,20.68,5.75,2020,8,135.81731161287874
1000705,port715,TC,MAYSAK-20,Tropical Cyclone MAYSAK-20,"Red Tropical Cyclone MAYSAK-20 in Republic of Korea, Japan, Democratic Republic of Korea, China from: 28 Aug 2020  to: 02 Sep 2020 .",RED,Japan; Korea,2020-08-28 00:00:00+00:00,2020,2020-09-02 18:00:00+00:00,Hurricane/Typhoon > 74 mph (maximum wind speed of 231 km/h),35.5,129.0,1694314659620,port545; port785; port432; port715; port915; port1065; port1309; port1338,8,0.0,2e49fb9e14e147c7914103806eaa8c51,1738832135933.7012,9098031.240905829,231.0,0.0,Masan,Korea,KOR,Asia & Pacific,35.20010332,128.645445,547,15,34,279,204,15,0.11,0.27,1,2,1,0,0,0,0,6.306275286948016,2.772588722239781,2.772588722239781,3.5553480614894135,0.19,5.75,2020,8,46.285417680611076
1000705,port915,TC,MAYSAK-20,Tropical Cyclone MAYSAK-20,"Red Tropical Cyclone MAYSAK-20 in Republic of Korea, Japan, Democratic Republic of Korea, China from: 28 Aug 2020  to: 02 Sep 2020 .",RED,Japan; Korea,2020-08-28 00:00:00+00:00,2020,2020-09-02 18:00:00+00:00,Hurricane/Typhoon > 74 mph (maximum wind speed of 231 km/h),35.5,129.0,1694314659620,port545; port785; port432; port715; port915; port1065; port1309; port1338,8,0.0,2e49fb9e14e147c7914103806eaa8c51,1738832135933.7012,9098031.240905829,231.0,0.0,Pohang,Korea,KOR,Asia & Pacific,36.03523852,129.4087348,2234,143,640,1236,128,87,5.59,2.03,1,2,1,0,0,0,0,7.711996507047669,4.969813299576001,4.477336814478207,6.46302945692067,3.8099999999999996,5.75,2020,8,69.82662581304295
1000705,port1065,TC,MAYSAK-20,Tropical Cyclone MAYSAK-20,"Red Tropical Cyclone MAYSAK-20 in Republic of Korea, Japan, Democratic Republic of Korea, China from: 28 Aug 2020  to: 02 Sep 2020 .",RED,Japan; Korea,2020-08-28 00:00:00+00:00,2020,2020-09-02 18:00:00+00:00,Hurricane/Typhoon > 74 mph (maximum wind speed of 231 km/h),35.5,129.0,1694314659620,port545; port785; port432; port715; port915; port1065; port1309; port1338,8,0.0,2e49fb9e14e147c7914103806eaa8c51,1738832135933.7012,9098031.240905829,231.0,0.0,Busan,Korea,KOR,Asia & Pacific,35.08955067,128.9385952,19994,12101,686,3347,417,3443,17.35,30.77,1,2,1,0,0,0,0,9.90323752128092,9.401126007182267,8.144388865547622,6.532334292222349,24.060000000000002,5.75,2020,8,45.89996810644528
1000705,port1309,TC,MAYSAK-20,Tropical Cyclone MAYSAK-20,"Red Tropical Cyclone MAYSAK-20 in Republic of Korea, Japan, Democratic Republic of Korea, China from: 28 Aug 2020  to: 02 Sep 2020 .",RED,Japan; Korea,2020-08-28 00:00:00+00:00,2020,2020-09-02 18:00:00+00:00,Hurricane/Typhoon > 74 mph (maximum wind speed of 231 km/h),35.5,129.0,1694314659620,port545; port785; port432; port715; port915; port1065; port1309; port1338,8,0.0,2e49fb9e14e147c7914103806eaa8c51,1738832135933.7012,9098031.240905829,231.0,0.0,Donghae,Korea,KOR,Asia & Pacific,37.4880914,129.1384589,933,1,342,471,1,118,1.2,2.72,1,2,1,0,0,0,0,6.839476438228843,0.6931471805599453,4.77912349311153,5.8377304471659395,1.96,5.75,2020,8,221.01484221880204
1000705,port1338,TC,MAYSAK-20,Tropical Cyclone MAYSAK-20,"Red Tropical Cyclone MAYSAK-20 in Republic of Korea, Japan, Democratic Republic of Korea, China from: 28 Aug 2020  to: 02 Sep 2020 .",RED,Japan; Korea,2020-08-28 00:00:00+00:00,2020,2020-09-02 18:00:00+00:00,Hurricane/Typhoon > 74 mph (maximum wind speed of 231 km/h),35.5,129.0,1694314659620,port545; port785; port432; port715; port915; port1065; port1309; port1338,8,0.0,2e49fb9e14e147c7914103806eaa8c51,1738832135933.7012,9098031.240905829,231.0,0.0,Ulsan,Korea,KOR,Asia & Pacific,35.48647294,129.3780838,11795,1143,625,936,448,8643,20.51,25.07,1,2,1,0,0,0,0,9.375515769935166,7.042286171939743,9.064620717626777,6.439350371100098,22.79,5.75,2020,8,34.204956224391914
1000706,port439,TC,HAISHEN-20,Tropical Cyclone HAISHEN-20,"Red Tropical Cyclone HAISHEN-20 in Democratic Republic of Korea, Republic of Korea, Japan, China, from: 31 Aug 2020  to: 07 Sep 2020 .",RED,Japan; Korea,2020-08-31 12:00:00+00:00,2020,2020-09-07 12:00:00+00:00,Tropical Storm (maximum wind speed of 250 km/h),40.7,128.9,1694314690167,port439; port445; port471; port480; port528; port538; port545; port566; port605; port785; port846; port852; port1119; port1190; port1304; port1324; port1335; port1378; port1411; port270; port432; port494; port608; port715; port915; port1065; port1067; port1309; port1338,29,0.0,0ef4c5564b2a41169f223c0b1d019825,2187718787554.5327,8378337.002268916,250.0,0.0,Hakata,Japan,JPN,Asia & Pacific,33.63170193,130.3976497,5762,1792,241,1282,987,1460,0.78,0.6,1,2,1,0,0,0,0,8.659213451436667,7.491645473605133,7.2868764117507,5.488937726156687,0.69,7.0,2020,8,796.6967336818602
1000706,port445,TC,HAISHEN-20,Tropical Cyclone HAISHEN-20,"Red Tropical Cyclone HAISHEN-20 in Democratic Republic of Korea, Republic of Korea, Japan, China, from: 31 Aug 2020  to: 07 Sep 2020 .",RED,Japan; Korea,2020-08-31 12:00:00+00:00,2020,2020-09-07 12:00:00+00:00,Tropical Storm (maximum wind speed of 250 km/h),40.7,128.9,1694314690167,port439; port445; port471; port480; port528; port538; port545; port566; port605; port785; port846; port852; port1119; port1190; port1304; port1324; port1335; port1378; port1411; port270; port432; port494; port608; port715; port915; port1065; port1067; port1309; port1338,29,0.0,0ef4c5564b2a41169f223c0b1d019825,2187718787554.5327,8378337.002268916,250.0,0.0,Hamada,Japan,JPN,Asia & Pacific,34.87940375,132.0517356,190,14,68,99,3,6,0.04,0.01,1,2,1,0,0,0,0,5.25227342804663,2.70805020110221,1.9459101490553132,4.23410650459726,0.025,7.0,2020,8,706.9611617780881
1000706,port471,TC,HAISHEN-20,Tropical Cyclone HAISHEN-20,"Red Tropical Cyclone HAISHEN-20 in Democratic Republic of Korea, Republic of Korea, Japan, China, from: 31 Aug 2020  to: 07 Sep 2020 .",RED,Japan; Korea,2020-08-31 12:00:00+00:00,2020,2020-09-07 12:00:00+00:00,Tropical Storm (maximum wind speed of 250 km/h),40.7,128.9,1694314690167,port439; port445; port471; port480; port528; port538; port545; port566; port605; port785; port846; port852; port1119; port1190; port1304; port1324; port1335; port1378; port1411; port270; port432; port494; port608; port715; port915; port1065; port1067; port1309; port1338,29,0.0,0ef4c5564b2a41169f223c0b1d019825,2187718787554.5327,8378337.002268916,250.0,0.0,Hofu,Japan,JPN,Asia & Pacific,34.02251033,131.5737176,941,140,48,222,290,241,0.03,0.14,1,2,1,0,0,0,0,6.848005274576363,4.948759890378168,5.488937726156687,3.8918202981106265,0.085,7.0,2020,8,780.9513375803945
1000706,port480,TC,HAISHEN-20,Tropical Cyclone HAISHEN-20,"Red Tropical Cyclone HAISHEN-20 in Democratic Republic of Korea, Republic of Korea, Japan, China, from: 31 Aug 2020  to: 07 Sep 2020 .",RED,Japan; Korea,2020-08-31 12:00:00+00:00,2020,2020-09-07 12:00:00+00:00,Tropical Storm (maximum wind speed of 250 km/h),40.7,128.9,1694314690167,port439; port445; port471; port480; port528; port538; port545; port566; port605; port785; port846; port852; port1119; port1190; port1304; port1324; port1335; port1378; port1411; port270; port432; port494; port608; port715; port915; port1065; port1067; port1309; port1338,29,0.0,0ef4c5564b2a41169f223c0b1d019825,2187718787554.5327,8378337.002268916,250.0,0.0,Hososhima,Japan,JPN,Asia & Pacific,32.48242792,131.6706901,645,62,54,267,20,242,0.13,0.07,1,2,1,0,0,0,0,6.470799503782602,4.143134726391533,5.493061443340548,4.007333185232471,0.1,7.0,2020,8,948.3269132477571
1000706,port528,TC,HAISHEN-20,Tropical Cyclone HAISHEN-20,"Red Tropical Cyclone HAISHEN-20 in Democratic Republic of Korea, Republic of Korea, Japan, China, from: 31 Aug 2020  to: 07 Sep 2020 .",RED,Japan; Korea,2020-08-31 12:00:00+00:00,2020,2020-09-07 12:00:00+00:00,Tropical Storm (maximum wind speed of 250 km/h),40.7,128.9,1694314690167,port439; port445; port471; port480; port528; port538; port545; port566; port605; port785; port846; port852; port1119; port1190; port1304; port1324; port1335; port1378; port1411; port270; port432; port494; port608; port715; port915; port1065; port1067; port1309; port1338,29,0.0,0ef4c5564b2a41169f223c0b1d019825,2187718787554.5327,8378337.002268916,250.0,0.0,Kagoshima,Japan,JPN,Asia & Pacific,31.53284272,130.5424733,2282,44,266,868,375,729,0.45,0.1,1,2,1,0,0,0,0,7.733245646529795,3.8066624897703196,6.593044534142437,5.58724865840025,0.275,7.0,2020,8,1029.3514420124145
1000706,port538,TC,HAISHEN-20,Tropical Cyclone HAISHEN-20,"Red Tropical Cyclone HAISHEN-20 in Democratic Republic of Korea, Republic of Korea, Japan, China, from: 31 Aug 2020  to: 07 Sep 2020 .",RED,Japan; Korea,2020-08-31 12:00:00+00:00,2020,2020-09-07 12:00:00+00:00,Tropical Storm (maximum wind speed of 250 km/h),40.7,128.9,1694314690167,port439; port445; port471; port480; port528; port538; port545; port566; port605; port785; port846; port852; port1119; port1190; port1304; port1324; port1335; port1378; port1411; port270; port432; port494; port608; port715; port915; port1065; port1067; port1309; port1338,29,0.0,0ef4c5564b2a41169f223c0b1d019825,2187718787554.5327,8378337.002268916,250.0,0.0,Kanda,Japan,JPN,Asia & Pacific,33.82174515,130.9928633,5687,0,2890,1712,1001,84,0.43,2.44,1,2,1,0,0,0,0,8.646113971483077,0.0,4.442651256490317,7.969357742016346,1.435,7.0,2020,8,787.5013871170979
1000706,port545,TC,HAISHEN-20,Tropical Cyclone HAISHEN-20,"Red Tropical Cyclone HAISHEN-20 in Democratic Republic of Korea, Republic of Korea, Japan, China, from: 31 Aug 2020  to: 07 Sep 2020 .",RED,Japan; Korea,2020-08-31 12:00:00+00:00,2020,2020-09-07 12:00:00+00:00,Tropical Storm (maximum wind speed of 250 km/h),40.7,128.9,1694314690167,port439; port445; port471; port480; port528; port538; port545; port566; port605; port785; port846; port852; port1119; port1190; port1304; port1324; port1335; port1378; port1411; port270; port432; port494; port608; port715; port915; port1065; port1067; port1309; port1338,29,0.0,0ef4c5564b2a41169f223c0b1d019825,2187718787554.5327,8378337.002268916,250.0,0.0,Karatsu,Japan,JPN,Asia & Pacific,33.47638831,129.9549216,315,0,103,74,1,137,0.15,0.03,1,2,1,0,0,0,0,5.755742213586912,0.0,4.927253685157205,4.6443908991413725,0.09,7.0,2020,8,807.7477867714887
1000706,port566,TC,HAISHEN-20,Tropical Cyclone HAISHEN-20,"Red Tropical Cyclone HAISHEN-20 in Democratic Republic of Korea, Republic of Korea, Japan, China, from: 31 Aug 2020  to: 07 Sep 2020 .",RED,Japan; Korea,2020-08-31 12:00:00+00:00,2020,2020-09-07 12:00:00+00:00,Tropical Storm (maximum wind speed of 250 km/h),40.7,128.9,1694314690167,port439; port445; port471; port480; port528; port538; port545; port566; port605; port785; port846; port852; port1119; port1190; port1304; port1324; port1335; port1378; port1411; port270; port432; port494; port608; port715; port915; port1065; port1067; port1309; port1338,29,0.0,0ef4c5564b2a41169f223c0b1d019825,2187718787554.5327,8378337.002268916,250.0,0.0,Kiire,Japan,JPN,Asia & Pacific,31.38796044,130.5485535,335,0,0,0,0,335,2.17,5.31,1,2,1,0,0,0,0,5.817111159963204,0.0,5.817111159963204,0.0,3.7399999999999998,7.0,2020,8,1045.3736206260505
1000706,port605,TC,HAISHEN-20,Tropical Cyclone HAISHEN-20,"Red Tropical Cyclone HAISHEN-20 in Democratic Republic of Korea, Republic of Korea, Japan, China, from: 31 Aug 2020  to: 07 Sep 2020 .",RED,Japan; Korea,2020-08-31 12:00:00+00:00,2020,2020-09-07 12:00:00+00:00,Tropical Storm (maximum wind speed of 250 km/h),40.7,128.9,1694314690167,port439; port445; port471; port480; port528; port538; port545; port566; port605; port785; port846; port852; port1119; port1190; port1304; port1324; port1335; port1378; port1411; port270; port432; port494; port608; port715; port915; port1065; port1067; port1309; port1338,29,0.0,0ef4c5564b2a41169f223c0b1d019825,2187718787554.5327,8378337.002268916,250.0,0.0,Kudamatsu,Japan,JPN,Asia & Pacific,33.99810448,131.8683017,696,1,71,553,1,70,0.35,0.04,1,2,1,0,0,0,0,6.546785410760524,0.6931471805599453,4.2626798770413155,4.276666119016055,0.19499999999999998,7.0,2020,8,792.4760714103124
1000706,port785,TC,HAISHEN-20,Tropical Cyclone HAISHEN-20,"Red Tropical Cyclone HAISHEN-20 in Democratic Republic of Korea, Republic of Korea, Japan, China, from: 31 Aug 2020  to: 07 Sep 2020 .",RED,Japan; Korea,2020-08-31 12:00:00+00:00,2020,2020-09-07 12:00:00+00:00,Tropical Storm (maximum wind speed of 250 km/h),40.7,128.9,1694314690167,port439; port445; port471; port480; port528; port538; port545; port566; port605; port785; port846; port852; port1119; port1190; port1304; port1324; port1335; port1378; port1411; port270; port432; port494; port608; port715; port915; port1065; port1067; port1309; port1338,29,0.0,0ef4c5564b2a41169f223c0b1d019825,2187718787554.5327,8378337.002268916,250.0,0.0,Nagasaki,Japan,JPN,Asia & Pacific,32.71445214,129.840702,1057,62,177,438,0,380,0.1,0.08,1,2,1,0,0,0,0,6.964135612418245,4.143134726391533,5.942799375126701,5.181783550292085,0.09,7.0,2020,8,890.7389981250712
1000706,port846,TC,HAISHEN-20,Tropical Cyclone HAISHEN-20,"Red Tropical Cyclone HAISHEN-20 in Democratic Republic of Korea, Republic of Korea, Japan, China, from: 31 Aug 2020  to: 07 Sep 2020 .",RED,Japan; Korea,2020-08-31 12:00:00+00:00,2020,2020-09-07 12:00:00+00:00,Tropical Storm (maximum wind speed of 250 km/h),40.7,128.9,1694314690167,port439; port445; port471; port480; port528; port538; port545; port566; port605; port785; port846; port852; port1119; port1190; port1304; port1324; port1335; port1378; port1411; port270; port432; port494; port608; port715; port915; port1065; port1067; port1309; port1338,29,0.0,0ef4c5564b2a41169f223c0b1d019825,2187718787554.5327,8378337.002268916,250.0,0.0,Oita,Japan,JPN,Asia & Pacific,33.25922967,131.6858125,7874,235,674,3166,49,3750,4.89,3.59,1,2,1,0,0,0,0,8.971448463693834,5.4638318050256105,8.229777750081887,6.51471269087253,4.24,7.0,2020,8,865.4554640401398
1000706,port852,TC,HAISHEN-20,Tropical Cyclone HAISHEN-20,"Red Tropical Cyclone HAISHEN-20 in Democratic Republic of Korea, Republic of Korea, Japan, China, from: 31 Aug 2020  to: 07 Sep 2020 .",RED,Japan; Korea,2020-08-31 12:00:00+00:00,2020,2020-09-07 12:00:00+00:00,Tropical Storm (maximum wind speed of 250 km/h),40.7,128.9,1694314690167,port439; port445; port471; port480; port528; port538; port545; port566; port605; port785; port846; port852; port1119; port1190; port1304; port1324; port1335; port1378; port1411; port270; port432; port494; port608; port715; port915; port1065; port1067; port1309; port1338,29,0.0,0ef4c5564b2a41169f223c0b1d019825,2187718787554.5327,8378337.002268916,250.0,0.0,Onoda,Japan,JPN,Asia & Pacific,33.9749585,131.1684456,642,0,25,433,0,184,0.01,0.05,1,2,1,0,0,0,0,6.466144724237619,0.0,5.220355825078324,3.258096538021482,0.030000000000000002,7.0,2020,8,775.1347419297831
1000706,port1119,TC,HAISHEN-20,Tropical Cyclone HAISHEN-20,"Red Tropical Cyclone HAISHEN-20 in Democratic Republic of Korea, Republic of Korea, Japan, China, from: 31 Aug 2020  to: 07 Sep 2020 .",RED,Japan; Korea,2020-08-31 12:00:00+00:00,2020,2020-09-07 12:00:00+00:00,Tropical Storm (maximum wind speed of 250 km/h),40.7,128.9,1694314690167,port439; port445; port471; port480; port528; port538; port545; port566; port605; port785; port846; port852; port1119; port1190; port1304; port1324; port1335; port1378; port1411; port270; port432; port494; port608; port715; port915; port1065; port1067; port1309; port1338,29,0.0,0ef4c5564b2a41169f223c0b1d019825,2187718787554.5327,8378337.002268916,250.0,0.0,Saganoseki,Japan,JPN,Asia & Pacific,33.25466589,131.8752029,569,0,110,233,66,160,0.2,0.61,1,2,1,0,0,0,0,6.345636360828596,0.0,5.081404364984463,4.709530201312334,0.405,7.0,2020,8,871.3541360794948
1000706,port1190,TC,HAISHEN-20,Tropical Cyclone HAISHEN-20,"Red Tropical Cyclone HAISHEN-20 in Democratic Republic of Korea, Republic of Korea, Japan, China, from: 31 Aug 2020  to: 07 Sep 2020 .",RED,Japan; Korea,2020-08-31 12:00:00+00:00,2020,2020-09-07 12:00:00+00:00,Tropical Storm (maximum wind speed of 250 km/h),40.7,128.9,1694314690167,port439; port445; port471; port480; port528; port538; port545; port566; port605; port785; port846; port852; port1119; port1190; port1304; port1324; port1335; port1378; port1411; port270; port432; port494; port608; port715; port915; port1065; port1067; port1309; port1338,29,0.0,0ef4c5564b2a41169f223c0b1d019825,2187718787554.5327,8378337.002268916,250.0,0.0,Shibushi,Japan,JPN,Asia & Pacific,31.42327287,131.0670993,1265,328,209,630,75,23,0.49,0.19,1,2,1,0,0,0,0,7.143617602704121,5.796057750765372,3.1780538303479458,5.3471075307174685,0.33999999999999997,7.0,2020,8,1049.977086197247
1000706,port1304,TC,HAISHEN-20,Tropical Cyclone HAISHEN-20,"Red Tropical Cyclone HAISHEN-20 in Democratic Republic of Korea, Republic of Korea, Japan, China, from: 31 Aug 2020  to: 07 Sep 2020 .",RED,Japan; Korea,2020-08-31 12:00:00+00:00,2020,2020-09-07 12:00:00+00:00,Tropical Storm (maximum wind speed of 250 km/h),40.7,128.9,1694314690167,port439; port445; port471; port480; port528; port538; port545; port566; port605; port785; port846; port852; port1119; port1190; port1304; port1324; port1335; port1378; port1411; port270; port432; port494; port608; port715; port915; port1065; port1067; port1309; port1338,29,0.0,0ef4c5564b2a41169f223c0b1d019825,2187718787554.5327,8378337.002268916,250.0,0.0,Tokuyama,Japan,JPN,Asia & Pacific,34.03990671,131.7828868,7272,484,1126,1317,0,4345,2.03,2.13,1,2,1,0,0,0,0,8.89192414015454,6.184148890937483,8.377011160816375,7.027314514039777,2.08,7.0,2020,8,785.3881585362835
1000706,port1324,TC,HAISHEN-20,Tropical Cyclone HAISHEN-20,"Red Tropical Cyclone HAISHEN-20 in Democratic Republic of Korea, Republic of Korea, Japan, China, from: 31 Aug 2020  to: 07 Sep 2020 .",RED,Japan; Korea,2020-08-31 12:00:00+00:00,2020,2020-09-07 12:00:00+00:00,Tropical Storm (maximum wind speed of 250 km/h),40.7,128.9,1694314690167,port439; port445; port471; port480; port528; port538; port545; port566; port605; port785; port846; port852; port1119; port1190; port1304; port1324; port1335; port1378; port1411; port270; port432; port494; port608; port715; port915; port1065; port1067; port1309; port1338,29,0.0,0ef4c5564b2a41169f223c0b1d019825,2187718787554.5327,8378337.002268916,250.0,0.0,Tsukumi,Japan,JPN,Asia & Pacific,33.08238663,131.8599519,2609,0,1355,1220,1,33,0.09,1.34,1,2,1,0,0,0,0,7.867105500316739,0.0,3.5263605246161616,7.212294468500341,0.7150000000000001,7.0,2020,8,889.2405907860737
1000706,port1335,TC,HAISHEN-20,Tropical Cyclone HAISHEN-20,"Red Tropical Cyclone HAISHEN-20 in Democratic Republic of Korea, Republic of Korea, Japan, China, from: 31 Aug 2020  to: 07 Sep 2020 .",RED,Japan; Korea,2020-08-31 12:00:00+00:00,2020,2020-09-07 12:00:00+00:00,Tropical Storm (maximum wind speed of 250 km/h),40.7,128.9,1694314690167,port439; port445; port471; port480; port528; port538; port545; port566; port605; port785; port846; port852; port1119; port1190; port1304; port1324; port1335; port1378; port1411; port270; port432; port494; port608; port715; port915; port1065; port1067; port1309; port1338,29,0.0,0ef4c5564b2a41169f223c0b1d019825,2187718787554.5327,8378337.002268916,250.0,0.0,Ube,Japan,JPN,Asia & Pacific,33.94487467,131.2131838,4799,13,1195,1502,0,2089,0.76,2.35,1,2,1,0,0,0,0,8.476371196895983,2.6390573296152584,7.644919344958857,7.086737934510577,1.5550000000000002,7.0,2020,8,779.4865865280019
1000706,port1378,TC,HAISHEN-20,Tropical Cyclone HAISHEN-20,"Red Tropical Cyclone HAISHEN-20 in Democratic Republic of Korea, Republic of Korea, Japan, China, from: 31 Aug 2020  to: 07 Sep 2020 .",RED,Japan; Korea,2020-08-31 12:00:00+00:00,2020,2020-09-07 12:00:00+00:00,Tropical Storm (maximum wind speed of 250 km/h),40.7,128.9,1694314690167,port439; port445; port471; port480; port528; port538; port545; port566; port605; port785; port846; port852; port1119; port1190; port1304; port1324; port1335; port1378; port1411; port270; port432; port494; port608; port715; port915; port1065; port1067; port1309; port1338,29,0.0,0ef4c5564b2a41169f223c0b1d019825,2187718787554.5327,8378337.002268916,250.0,0.0,Kitakyushu (Wakamatsu),Japan,JPN,Asia & Pacific,33.91060335,130.8126336,6205,3,1313,3829,90,970,1.42,1.53,1,2,1,0,0,0,0,8.733271845008325,1.3862943611198906,6.878326468291325,7.1808311990445555,1.475,7.0,2020,8,773.9451901547925
1000706,port1411,TC,HAISHEN-20,Tropical Cyclone HAISHEN-20,"Red Tropical Cyclone HAISHEN-20 in Democratic Republic of Korea, Republic of Korea, Japan, China, from: 31 Aug 2020  to: 07 Sep 2020 .",RED,Japan; Korea,2020-08-31 12:00:00+00:00,2020,2020-09-07 12:00:00+00:00,Tropical Storm (maximum wind speed of 250 km/h),40.7,128.9,1694314690167,port439; port445; port471; port480; port528; port538; port545; port566; port605; port785; port846; port852; port1119; port1190; port1304; port1324; port1335; port1378; port1411; port270; port432; port494; port608; port715; port915; port1065; port1067; port1309; port1338,29,0.0,0ef4c5564b2a41169f223c0b1d019825,2187718787554.5327,8378337.002268916,250.0,0.0,Yatsushiro,Japan,JPN,Asia & Pacific,32.52343634,130.5536759,897,90,309,209,0,289,0.25,0.07,1,2,1,0,0,0,0,6.8001700683022,4.51085950651685,5.66988092298052,5.736572297479192,0.16,7.0,2020,8,920.7003817841658
1000706,port270,TC,HAISHEN-20,Tropical Cyclone HAISHEN-20,"Red Tropical Cyclone HAISHEN-20 in Democratic Republic of Korea, Republic of Korea, Japan, China, from: 31 Aug 2020  to: 07 Sep 2020 .",RED,Japan; Korea,2020-08-31 12:00:00+00:00,2020,2020-09-07 12:00:00+00:00,Tropical Storm (maximum wind speed of 250 km/h),40.7,128.9,1694314690167,port439; port445; port471; port480; port528; port538; port545; port566; port605; port785; port846; port852; port1119; port1190; port1304; port1324; port1335; port1378; port1411; port270; port432; port494; port608; port715; port915; port1065; port1067; port1309; port1338,29,0.0,0ef4c5564b2a41169f223c0b1d019825,2187718787554.5327,8378337.002268916,250.0,0.0,Daesan,Korea,KOR,Asia & Pacific,37.01322694,126.4036728,3590,200,156,112,1,3121,9.47,8.87,1,2,1,0,0,0,0,8.186185994226083,5.303304908059076,8.046229101075378,5.056245805348308,9.17,7.0,2020,8,465.2154882122128
1000706,port432,TC,HAISHEN-20,Tropical Cyclone HAISHEN-20,"Red Tropical Cyclone HAISHEN-20 in Democratic Republic of Korea, Republic of Korea, Japan, China, from: 31 Aug 2020  to: 07 Sep 2020 .",RED,Japan; Korea,2020-08-31 12:00:00+00:00,2020,2020-09-07 12:00:00+00:00,Tropical Storm (maximum wind speed of 250 km/h),40.7,128.9,1694314690167,port439; port445; port471; port480; port528; port538; port545; port566; port605; port785; port846; port852; port1119; port1190; port1304; port1324; port1335; port1378; port1411; port270; port432; port494; port608; port715; port915; port1065; port1067; port1309; port1338,29,0.0,0ef4c5564b2a41169f223c0b1d019825,2187718787554.5327,8378337.002268916,250.0,0.0,Gwangyang (Kwangyang),Korea,KOR,Asia & Pacific,34.87669716,127.7165533,9586,2041,852,1754,391,4548,19.75,21.61,1,2,1,0,0,0,0,9.168163293076997,7.621684998724611,8.422662707570003,6.748759547491679,20.68,7.0,2020,8,655.3087525676356
1000706,port494,TC,HAISHEN-20,Tropical Cyclone HAISHEN-20,"Red Tropical Cyclone HAISHEN-20 in Democratic Republic of Korea, Republic of Korea, Japan, China, from: 31 Aug 2020  to: 07 Sep 2020 .",RED,Japan; Korea,2020-08-31 12:00:00+00:00,2020,2020-09-07 12:00:00+00:00,Tropical Storm (maximum wind speed of 250 km/h),40.7,128.9,1694314690167,port439; port445; port471; port480; port528; port538; port545; port566; port605; port785; port846; port852; port1119; port1190; port1304; port1324; port1335; port1378; port1411; port270; port432; port494; port608; port715; port915; port1065; port1067; port1309; port1338,29,0.0,0ef4c5564b2a41169f223c0b1d019825,2187718787554.5327,8378337.002268916,250.0,0.0,Incheon,Korea,KOR,Asia & Pacific,37.44435778,126.6200824,6873,2274,735,1856,245,1763,10.52,4.2,1,2,1,0,0,0,0,8.835501457409778,7.729735331385051,7.475339236566737,6.601230118728877,7.359999999999999,7.0,2020,8,413.4771151698516
1000706,port608,TC,HAISHEN-20,Tropical Cyclone HAISHEN-20,"Red Tropical Cyclone HAISHEN-20 in Democratic Republic of Korea, Republic of Korea, Japan, China, from: 31 Aug 2020  to: 07 Sep 2020 .",RED,Japan; Korea,2020-08-31 12:00:00+00:00,2020,2020-09-07 12:00:00+00:00,Tropical Storm (maximum wind speed of 250 km/h),40.7,128.9,1694314690167,port439; port445; port471; port480; port528; port538; port545; port566; port605; port785; port846; port852; port1119; port1190; port1304; port1324; port1335; port1378; port1411; port270; port432; port494; port608; port715; port915; port1065; port1067; port1309; port1338,29,0.0,0ef4c5564b2a41169f223c0b1d019825,2187718787554.5327,8378337.002268916,250.0,0.0,Gunsan,Korea,KOR,Asia & Pacific,35.97369768,126.5946012,748,44,227,276,95,106,1.29,0.24,1,2,1,0,0,0,0,6.618738983517219,3.8066624897703196,4.672828834461906,5.429345628954441,0.765,7.0,2020,8,564.0162984799949
1000706,port715,TC,HAISHEN-20,Tropical Cyclone HAISHEN-20,"Red Tropical Cyclone HAISHEN-20 in Democratic Republic of Korea, Republic of Korea, Japan, China, from: 31 Aug 2020  to: 07 Sep 2020 .",RED,Japan; Korea,2020-08-31 12:00:00+00:00,2020,2020-09-07 12:00:00+00:00,Tropical Storm (maximum wind speed of 250 km/h),40.7,128.9,1694314690167,port439; port445; port471; port480; port528; port538; port545; port566; port605; port785; port846; port852; port1119; port1190; port1304; port1324; port1335; port1378; port1411; port270; port432; port494; port608; port715; port915; port1065; port1067; port1309; port1338,29,0.0,0ef4c5564b2a41169f223c0b1d019825,2187718787554.5327,8378337.002268916,250.0,0.0,Masan,Korea,KOR,Asia & Pacific,35.20010332,128.645445,547,15,34,279,204,15,0.11,0.27,1,2,1,0,0,0,0,6.306275286948016,2.772588722239781,2.772588722239781,3.5553480614894135,0.19,7.0,2020,8,610.92499056723
1000706,port915,TC,HAISHEN-20,Tropical Cyclone HAISHEN-20,"Red Tropical Cyclone HAISHEN-20 in Democratic Republic of Korea, Republic of Korea, Japan, China, from: 31 Aug 2020  to: 07 Sep 2020 .",RED,Japan; Korea,2020-08-31 12:00:00+00:00,2020,2020-09-07 12:00:00+00:00,Tropical Storm (maximum wind speed of 250 km/h),40.7,128.9,1694314690167,port439; port445; port471; port480; port528; port538; port545; port566; port605; port785; port846; port852; port1119; port1190; port1304; port1324; port1335; port1378; port1411; port270; port432; port494; port608; port715; port915; port1065; port1067; port1309; port1338,29,0.0,0ef4c5564b2a41169f223c0b1d019825,2187718787554.5327,8378337.002268916,250.0,0.0,Pohang,Korea,KOR,Asia & Pacific,36.03523852,129.4087348,2234,143,640,1236,128,87,5.59,2.03,1,2,1,0,0,0,0,7.711996507047669,4.969813299576001,4.477336814478207,6.46302945692067,3.8099999999999996,7.0,2020,8,519.7982248149849
1000706,port1065,TC,HAISHEN-20,Tropical Cyclone HAISHEN-20,"Red Tropical Cyclone HAISHEN-20 in Democratic Republic of Korea, Republic of Korea, Japan, China, from: 31 Aug 2020  to: 07 Sep 2020 .",RED,Japan; Korea,2020-08-31 12:00:00+00:00,2020,2020-09-07 12:00:00+00:00,Tropical Storm (maximum wind speed of 250 km/h),40.7,128.9,1694314690167,port439; port445; port471; port480; port528; port538; port545; port566; port605; port785; port846; port852; port1119; port1190; port1304; port1324; port1335; port1378; port1411; port270; port432; port494; port608; port715; port915; port1065; port1067; port1309; port1338,29,0.0,0ef4c5564b2a41169f223c0b1d019825,2187718787554.5327,8378337.002268916,250.0,0.0,Busan,Korea,KOR,Asia & Pacific,35.08955067,128.9385952,19994,12101,686,3347,417,3443,17.35,30.77,1,2,1,0,0,0,0,9.90323752128092,9.401126007182267,8.144388865547622,6.532334292222349,24.060000000000002,7.0,2020,8,622.7697414995739
1000706,port1067,TC,HAISHEN-20,Tropical Cyclone HAISHEN-20,"Red Tropical Cyclone HAISHEN-20 in Democratic Republic of Korea, Republic of Korea, Japan, China, from: 31 Aug 2020  to: 07 Sep 2020 .",RED,Japan; Korea,2020-08-31 12:00:00+00:00,2020,2020-09-07 12:00:00+00:00,Tropical Storm (maximum wind speed of 250 km/h),40.7,128.9,1694314690167,port439; port445; port471; port480; port528; port538; port545; port566; port605; port785; port846; port852; port1119; port1190; port1304; port1324; port1335; port1378; port1411; port270; port432; port494; port608; port715; port915; port1065; port1067; port1309; port1338,29,0.0,0ef4c5564b2a41169f223c0b1d019825,2187718787554.5327,8378337.002268916,250.0,0.0,Pyeongtaek,Korea,KOR,Asia & Pacific,36.97512759,126.7846279,5022,585,829,1850,781,977,10.42,2.48,1,2,1,0,0,0,0,8.521782643750045,6.373319789577012,6.885509670034818,6.721425700790643,6.45,7.0,2020,8,454.02462826178174
1000706,port1309,TC,HAISHEN-20,Tropical Cyclone HAISHEN-20,"Red Tropical Cyclone HAISHEN-20 in Democratic Republic of Korea, Republic of Korea, Japan, China, from: 31 Aug 2020  to: 07 Sep 2020 .",RED,Japan; Korea,2020-08-31 12:00:00+00:00,2020,2020-09-07 12:00:00+00:00,Tropical Storm (maximum wind speed of 250 km/h),40.7,128.9,1694314690167,port439; port445; port471; port480; port528; port538; port545; port566; port605; port785; port846; port852; port1119; port1190; port1304; port1324; port1335; port1378; port1411; port270; port432; port494; port608; port715; port915; port1065; port1067; port1309; port1338,29,0.0,0ef4c5564b2a41169f223c0b1d019825,2187718787554.5327,8378337.002268916,250.0,0.0,Donghae,Korea,KOR,Asia & Pacific,37.4880914,129.1384589,933,1,342,471,1,118,1.2,2.72,1,2,1,0,0,0,0,6.839476438228843,0.6931471805599453,4.77912349311153,5.8377304471659395,1.96,7.0,2020,8,357.13994555015915
1000706,port1338,TC,HAISHEN-20,Tropical Cyclone HAISHEN-20,"Red Tropical Cyclone HAISHEN-20 in Democratic Republic of Korea, Republic of Korea, Japan, China, from: 31 Aug 2020  to: 07 Sep 2020 .",RED,Japan; Korea,2020-08-31 12:00:00+00:00,2020,2020-09-07 12:00:00+00:00,Tropical Storm (maximum wind speed of 250 km/h),40.7,128.9,1694314690167,port439; port445; port471; port480; port528; port538; port545; port566; port605; port785; port846; port852; port1119; port1190; port1304; port1324; port1335; port1378; port1411; port270; port432; port494; port608; port715; port915; port1065; port1067; port1309; port1338,29,0.0,0ef4c5564b2a41169f223c0b1d019825,2187718787554.5327,8378337.002268916,250.0,0.0,Ulsan,Korea,KOR,Asia & Pacific,35.48647294,129.3780838,11795,1143,625,936,448,8643,20.51,25.07,1,2,1,0,0,0,0,9.375515769935166,7.042286171939743,9.064620717626777,6.439350371100098,22.79,7.0,2020,8,580.3124595439003
1000726,port629,TC,DELTA-20,Tropical Cyclone DELTA-20,"Red Tropical Cyclone DELTA-20 in United States, Mexico, Cuba, Cayman Islands from: 04 Oct 2020  to: 10 Oct 2020 .",RED,Mexico; United States,2020-10-04 21:00:00+00:00,2020,2020-10-10 15:00:00+00:00,Tropical Depression (maximum wind speed of 231 km/h),33.1,-90.8,1694314797231,port629; port933; port1144,3,0.0,54de45193f89417299ab745d2c59f315,486618277080.5869,5960717.91273668,231.0,0.0,Lake Charles,United States,USA,North America,30.19064745,-93.31148796,808,5,96,54,0,653,0.19,2.11,1,2,1,0,0,0,0,6.695798917058491,1.791759469228055,6.483107351457199,4.574710978503383,1.15,5.75,2020,10,402.9284739092707
1000726,port933,TC,DELTA-20,Tropical Cyclone DELTA-20,"Red Tropical Cyclone DELTA-20 in United States, Mexico, Cuba, Cayman Islands from: 04 Oct 2020  to: 10 Oct 2020 .",RED,Mexico; United States,2020-10-04 21:00:00+00:00,2020,2020-10-10 15:00:00+00:00,Tropical Depression (maximum wind speed of 231 km/h),33.1,-90.8,1694314797231,port629; port933; port1144,3,0.0,54de45193f89417299ab745d2c59f315,486618277080.5869,5960717.91273668,231.0,0.0,Port Arthur,United States,USA,North America,29.88170301,-93.93104818,1192,11,170,86,13,912,1.96,2.44,1,2,1,0,0,0,0,7.084226422097916,2.4849066497880004,6.816735880594968,5.14166355650266,2.2,5.75,2020,10,467.3553570304725
1000726,port1144,TC,DELTA-20,Tropical Cyclone DELTA-20,"Red Tropical Cyclone DELTA-20 in United States, Mexico, Cuba, Cayman Islands from: 04 Oct 2020  to: 10 Oct 2020 .",RED,Mexico; United States,2020-10-04 21:00:00+00:00,2020,2020-10-10 15:00:00+00:00,Tropical Depression (maximum wind speed of 231 km/h),33.1,-90.8,1694314797231,port629; port933; port1144,3,0.0,54de45193f89417299ab745d2c59f315,486618277080.5869,5960717.91273668,231.0,0.0,San Miguel De Cozumel,Mexico,MEX,North America,20.57479256,-87.13206904,113,1,92,17,3,0,0.0,3.72,1,2,1,0,0,0,0,4.736198448394496,0.6931471805599453,0.0,4.532599493153256,1.86,5.75,2020,10,1441.6031395447064
1000734,port125,TC,MOLAVE-20,Tropical Cyclone MOLAVE-20,"Red Tropical Cyclone MOLAVE-20 in Viet Nam, Laos, Philippines, Cambodia, Thailand from: 24 Oct 2020  to: 28 Oct 2020 .",RED,Philippines; Vietnam,2020-10-24 00:00:00+00:00,2020,2020-10-28 06:00:00+00:00,Hurricane/Typhoon > 74 mph (maximum wind speed of 204 km/h),15.4,108.5,1694314857510,port125; port694; port213; port269; port1078,5,0.0,e84323b3f8cc45bfabbdfe65aca72289,660479170186.7969,5156424.339896273,204.0,0.0,Batangas City,Philippines,PHL,Asia & Pacific,13.74477092,121.0239173,2021,355,112,241,311,1002,9.53,5.22,1,2,1,0,0,0,0,7.611842399580417,5.87493073085203,6.910750787961936,4.727387818712341,7.375,4.25,2020,10,1362.788031354764
1000734,port694,TC,MOLAVE-20,Tropical Cyclone MOLAVE-20,"Red Tropical Cyclone MOLAVE-20 in Viet Nam, Laos, Philippines, Cambodia, Thailand from: 24 Oct 2020  to: 28 Oct 2020 .",RED,Philippines; Vietnam,2020-10-24 00:00:00+00:00,2020,2020-10-28 06:00:00+00:00,Hurricane/Typhoon > 74 mph (maximum wind speed of 204 km/h),15.4,108.5,1694314857510,port125; port694; port213; port269; port1078,5,0.0,e84323b3f8cc45bfabbdfe65aca72289,660479170186.7969,5156424.339896273,204.0,0.0,Manila,Philippines,PHL,Asia & Pacific,14.59160879,120.8723998,8297,2689,1065,2553,127,1863,50.73,49.87,1,2,1,0,0,0,0,9.023769800892813,7.897296472595885,7.530479995245536,6.97166860472579,50.3,4.25,2020,10,1332.0665975017382
1000734,port213,TC,MOLAVE-20,Tropical Cyclone MOLAVE-20,"Red Tropical Cyclone MOLAVE-20 in Viet Nam, Laos, Philippines, Cambodia, Thailand from: 24 Oct 2020  to: 28 Oct 2020 .",RED,Philippines; Vietnam,2020-10-24 00:00:00+00:00,2020,2020-10-28 06:00:00+00:00,Hurricane/Typhoon > 74 mph (maximum wind speed of 204 km/h),15.4,108.5,1694314857510,port125; port694; port213; port269; port1078,5,0.0,e84323b3f8cc45bfabbdfe65aca72289,660479170186.7969,5156424.339896273,204.0,0.0,Dung Quat,Vietnam,VNM,Asia & Pacific,15.40466501,108.8018653,1657,5,355,345,2,950,9.82,8.91,1,2,1,0,0,0,0,7.4133673356952405,1.791759469228055,6.85751406254539,5.87493073085203,9.365,4.25,2020,10,32.30741668246163
1000734,port269,TC,MOLAVE-20,Tropical Cyclone MOLAVE-20,"Red Tropical Cyclone MOLAVE-20 in Viet Nam, Laos, Philippines, Cambodia, Thailand from: 24 Oct 2020  to: 28 Oct 2020 .",RED,Philippines; Vietnam,2020-10-24 00:00:00+00:00,2020,2020-10-28 06:00:00+00:00,Hurricane/Typhoon > 74 mph (maximum wind speed of 204 km/h),15.4,108.5,1694314857510,port125; port694; port213; port269; port1078,5,0.0,e84323b3f8cc45bfabbdfe65aca72289,660479170186.7969,5156424.339896273,204.0,0.0,Da Nang,Vietnam,VNM,Asia & Pacific,16.11513801,108.2296467,1549,1078,82,313,0,76,1.5,3.1,1,2,1,0,0,0,0,7.346010209913293,6.983789965258135,4.343805421853684,4.418840607796598,2.3,4.25,2020,10,84.45357112049491
1000734,port1078,TC,MOLAVE-20,Tropical Cyclone MOLAVE-20,"Red Tropical Cyclone MOLAVE-20 in Viet Nam, Laos, Philippines, Cambodia, Thailand from: 24 Oct 2020  to: 28 Oct 2020 .",RED,Philippines; Vietnam,2020-10-24 00:00:00+00:00,2020,2020-10-28 06:00:00+00:00,Hurricane/Typhoon > 74 mph (maximum wind speed of 204 km/h),15.4,108.5,1694314857510,port125; port694; port213; port269; port1078,5,0.0,e84323b3f8cc45bfabbdfe65aca72289,660479170186.7969,5156424.339896273,204.0,0.0,Quy Nhon,Vietnam,VNM,Asia & Pacific,13.7761055,109.2444482,707,210,148,289,0,60,0.4,3.55,1,2,1,0,0,0,0,6.56244409369372,5.351858133476067,4.110873864173311,5.003946305945459,1.9749999999999999,4.25,2020,10,197.31199322126767
1000736,port125,TC,GONI-20,Tropical Cyclone GONI-20,Red Tropical Cyclone GONI-20 in Philippines from: 28 Oct 2020  to: 06 Nov 2020 .,RED,Philippines,2020-10-28 00:00:00+00:00,2020,2020-11-06 00:00:00+00:00,Tropical Depression (maximum wind speed of 315 km/h),13.9,109.2,1694314929059,port125; port694; port1232,3,0.0,01e6d560b4a74356a99aabb80ae23ac9,463013131529.6758,4774366.591185288,315.0,0.0,Batangas City,Philippines,PHL,Asia & Pacific,13.74477092,121.0239173,2021,355,112,241,311,1002,9.53,5.22,1,2,1,0,0,0,0,7.611842399580417,5.87493073085203,6.910750787961936,4.727387818712341,7.375,9.0,2020,10,1274.987479558097
1000736,port694,TC,GONI-20,Tropical Cyclone GONI-20,Red Tropical Cyclone GONI-20 in Philippines from: 28 Oct 2020  to: 06 Nov 2020 .,RED,Philippines,2020-10-28 00:00:00+00:00,2020,2020-11-06 00:00:00+00:00,Tropical Depression (maximum wind speed of 315 km/h),13.9,109.2,1694314929059,port125; port694; port1232,3,0.0,01e6d560b4a74356a99aabb80ae23ac9,463013131529.6758,4774366.591185288,315.0,0.0,Manila,Philippines,PHL,Asia & Pacific,14.59160879,120.8723998,8297,2689,1065,2553,127,1863,50.73,49.87,1,2,1,0,0,0,0,9.023769800892813,7.897296472595885,7.530479995245536,6.97166860472579,50.3,9.0,2020,10,1256.1949560086482
1000736,port1232,TC,GONI-20,Tropical Cyclone GONI-20,Red Tropical Cyclone GONI-20 in Philippines from: 28 Oct 2020  to: 06 Nov 2020 .,RED,Philippines,2020-10-28 00:00:00+00:00,2020,2020-11-06 00:00:00+00:00,Tropical Depression (maximum wind speed of 315 km/h),13.9,109.2,1694314929059,port125; port694; port1232,3,0.0,01e6d560b4a74356a99aabb80ae23ac9,463013131529.6758,4774366.591185288,315.0,0.0,Subic Bay,Philippines,PHL,Asia & Pacific,14.80314981,120.2913574,868,316,77,177,30,268,6.43,1.1,1,2,1,0,0,0,0,6.767343125265392,5.75890177387728,5.594711379601839,4.356708826689592,3.7649999999999997,9.0,2020,10,1194.4925414394277
1000738,port1030,TC,ETA-20,Tropical Cyclone ETA-20,"Red Tropical Cyclone ETA-20 in Nicaragua, United States, Honduras from: 31 Oct 2020  to: 13 Nov 2020 .",RED,Nicaragua,2020-10-31 21:00:00+00:00,2020,2020-11-13 09:00:00+00:00,Tropical Storm (maximum wind speed of 241 km/h),33.3,-76.8,1694314982932,port1030,1,0.0,fd3925b9021c4a94b60b64845b220025,465290969820.4326,6020829.873127501,241.0,0.0,Puerto Cabezas,Nicaragua,NIC,North America,14.0223709,-83.38873222,1,0,0,0,0,1,0.07,0.0,1,2,1,0,0,0,0,0.6931471805599453,0.0,0.6931471805599453,0.0,0.035,12.5,2020,10,2254.3925348175694
1000741,port125,TC,VAMCO-20,Tropical Cyclone VAMCO-20,"Red Tropical Cyclone VAMCO-20 in Viet Nam, Laos, Philippines from: 09 Nov 2020  to: 15 Nov 2020 .",RED,Philippines; Vietnam,2020-11-09 06:00:00+00:00,2020,2020-11-15 06:00:00+00:00,Hurricane/Typhoon > 74 mph (maximum wind speed of 213 km/h),17.7,106.5,1694315001659,port125; port694; port1232; port213; port269,5,0.0,3b4614b4f7b34fb18ec018043a5f15aa,1054019421551.8712,5596890.617674353,213.0,0.0,Batangas City,Philippines,PHL,Asia & Pacific,13.74477092,121.0239173,2021,355,112,241,311,1002,9.53,5.22,1,2,1,0,0,0,0,7.611842399580417,5.87493073085203,6.910750787961936,4.727387818712341,7.375,6.0,2020,11,1626.3666647795112
1000741,port694,TC,VAMCO-20,Tropical Cyclone VAMCO-20,"Red Tropical Cyclone VAMCO-20 in Viet Nam, Laos, Philippines from: 09 Nov 2020  to: 15 Nov 2020 .",RED,Philippines; Vietnam,2020-11-09 06:00:00+00:00,2020,2020-11-15 06:00:00+00:00,Hurricane/Typhoon > 74 mph (maximum wind speed of 213 km/h),17.7,106.5,1694315001659,port125; port694; port1232; port213; port269,5,0.0,3b4614b4f7b34fb18ec018043a5f15aa,1054019421551.8712,5596890.617674353,213.0,0.0,Manila,Philippines,PHL,Asia & Pacific,14.59160879,120.8723998,8297,2689,1065,2553,127,1863,50.73,49.87,1,2,1,0,0,0,0,9.023769800892813,7.897296472595885,7.530479995245536,6.97166860472579,50.3,6.0,2020,11,1581.9651531882105
1000741,port1232,TC,VAMCO-20,Tropical Cyclone VAMCO-20,"Red Tropical Cyclone VAMCO-20 in Viet Nam, Laos, Philippines from: 09 Nov 2020  to: 15 Nov 2020 .",RED,Philippines; Vietnam,2020-11-09 06:00:00+00:00,2020,2020-11-15 06:00:00+00:00,Hurricane/Typhoon > 74 mph (maximum wind speed of 213 km/h),17.7,106.5,1694315001659,port125; port694; port1232; port213; port269,5,0.0,3b4614b4f7b34fb18ec018043a5f15aa,1054019421551.8712,5596890.617674353,213.0,0.0,Subic Bay,Philippines,PHL,Asia & Pacific,14.80314981,120.2913574,868,316,77,177,30,268,6.43,1.1,1,2,1,0,0,0,0,6.767343125265392,5.75890177387728,5.594711379601839,4.356708826689592,3.7649999999999997,6.0,2020,11,1514.558218072017
1000741,port213,TC,VAMCO-20,Tropical Cyclone VAMCO-20,"Red Tropical Cyclone VAMCO-20 in Viet Nam, Laos, Philippines from: 09 Nov 2020  to: 15 Nov 2020 .",RED,Philippines; Vietnam,2020-11-09 06:00:00+00:00,2020,2020-11-15 06:00:00+00:00,Hurricane/Typhoon > 74 mph (maximum wind speed of 213 km/h),17.7,106.5,1694315001659,port125; port694; port1232; port213; port269,5,0.0,3b4614b4f7b34fb18ec018043a5f15aa,1054019421551.8712,5596890.617674353,213.0,0.0,Dung Quat,Vietnam,VNM,Asia & Pacific,15.40466501,108.8018653,1657,5,355,345,2,950,9.82,8.91,1,2,1,0,0,0,0,7.4133673356952405,1.791759469228055,6.85751406254539,5.87493073085203,9.365,6.0,2020,11,354.38858656479306
1000741,port269,TC,VAMCO-20,Tropical Cyclone VAMCO-20,"Red Tropical Cyclone VAMCO-20 in Viet Nam, Laos, Philippines from: 09 Nov 2020  to: 15 Nov 2020 .",RED,Philippines; Vietnam,2020-11-09 06:00:00+00:00,2020,2020-11-15 06:00:00+00:00,Hurricane/Typhoon > 74 mph (maximum wind speed of 213 km/h),17.7,106.5,1694315001659,port125; port694; port1232; port213; port269,5,0.0,3b4614b4f7b34fb18ec018043a5f15aa,1054019421551.8712,5596890.617674353,213.0,0.0,Da Nang,Vietnam,VNM,Asia & Pacific,16.11513801,108.2296467,1549,1078,82,313,0,76,1.5,3.1,1,2,1,0,0,0,0,7.346010209913293,6.983789965258135,4.343805421853684,4.418840607796598,2.3,6.0,2020,11,254.88881493176572
1000743,port1030,TC,IOTA-20,Tropical Cyclone IOTA-20,"Red Tropical Cyclone IOTA-20 in Honduras, Nicaragua from: 13 Nov 2020  to: 18 Nov 2020 .",RED,Nicaragua,2020-11-13 15:00:00+00:00,2020,2020-11-18 15:00:00+00:00,Tropical Depression (maximum wind speed of 259 km/h),13.8,-89.5,1694315019504,port1030,1,0.0,33119f1ca522447f8f206d2496ad2eed,226711652592.06543,2524213.9943061066,259.0,0.0,Puerto Cabezas,Nicaragua,NIC,North America,14.0223709,-83.38873222,1,0,0,0,0,1,0.07,0.0,1,2,1,0,0,0,0,0.6931471805599453,0.0,0.6931471805599453,0.0,0.035,5.0,2020,11,658.5993864602473
1000752,port636,TC,YASA-20,Tropical Cyclone YASA-20,"Red Tropical Cyclone YASA-20 in Fiji, from: 12 Dec 2020  to: 20 Dec 2020 .",RED,Fiji,2020-12-12 12:00:00+00:00,2020,2020-12-20 00:00:00+00:00,Tropical Storm (maximum wind speed of 259 km/h),-23.3,-178.1,1694315138928,port636; port643; port687; port1240,4,0.0,b1fdccb4c2e54ca0b570e64a6114dbdd,690398598422.3789,5640670.516540977,259.0,0.0,Lautoka,Fiji,FJI,Asia & Pacific,-17.60674719,177.4412092,356,158,14,50,0,134,47.13,61.55,1,2,1,0,0,0,0,5.877735781779639,5.0689042022202315,4.90527477843843,2.70805020110221,54.34,7.5,2020,12,37621.642932612325
1000752,port643,TC,YASA-20,Tropical Cyclone YASA-20,"Red Tropical Cyclone YASA-20 in Fiji, from: 12 Dec 2020  to: 20 Dec 2020 .",RED,Fiji,2020-12-12 12:00:00+00:00,2020,2020-12-20 00:00:00+00:00,Tropical Storm (maximum wind speed of 259 km/h),-23.3,-178.1,1694315138928,port636; port643; port687; port1240,4,0.0,b1fdccb4c2e54ca0b570e64a6114dbdd,690398598422.3789,5640670.516540977,259.0,0.0,Levuka,Fiji,FJI,Asia & Pacific,-17.68633414,178.8367224,55,0,0,55,0,0,0.0,0.0,1,2,1,0,0,0,0,4.02535169073515,0.0,0.0,0.0,0.0,7.5,2020,12,37752.439947105086
1000752,port687,TC,YASA-20,Tropical Cyclone YASA-20,"Red Tropical Cyclone YASA-20 in Fiji, from: 12 Dec 2020  to: 20 Dec 2020 .",RED,Fiji,2020-12-12 12:00:00+00:00,2020,2020-12-20 00:00:00+00:00,Tropical Storm (maximum wind speed of 259 km/h),-23.3,-178.1,1694315138928,port636; port643; port687; port1240,4,0.0,b1fdccb4c2e54ca0b570e64a6114dbdd,690398598422.3789,5640670.516540977,259.0,0.0,Malau,Fiji,FJI,Asia & Pacific,-16.36408559,179.3629264,48,0,3,1,0,44,2.16,7.26,1,2,1,0,0,0,0,3.8918202981106265,0.0,3.8066624897703196,1.3862943611198906,4.71,7.5,2020,12,38078.82746842751
1000752,port1240,TC,YASA-20,Tropical Cyclone YASA-20,"Red Tropical Cyclone YASA-20 in Fiji, from: 12 Dec 2020  to: 20 Dec 2020 .",RED,Fiji,2020-12-12 12:00:00+00:00,2020,2020-12-20 00:00:00+00:00,Tropical Storm (maximum wind speed of 259 km/h),-23.3,-178.1,1694315138928,port636; port643; port687; port1240,4,0.0,b1fdccb4c2e54ca0b570e64a6114dbdd,690398598422.3789,5640670.516540977,259.0,0.0,Suva,Fiji,FJI,Asia & Pacific,-18.11693144,178.4249763,369,182,9,63,38,77,50.7,21.45,1,2,1,0,0,0,0,5.91350300563827,5.209486152841421,4.356708826689592,2.302585092994046,36.075,7.5,2020,12,37616.733398288125
1000772,port94,TC,NIRAN-21,Tropical Cyclone NIRAN-21,"Red Tropical Cyclone NIRAN-21 in New Caledonia, Australia, Norfolk Island, Vanuatu from: 01 Mar 2021  to: 07 Mar 2021 .",RED,New Caledonia,2021-03-01 00:00:00+00:00,2021,2021-03-07 00:00:00+00:00,Tropical Storm (maximum wind speed of 259 km/h),-27.3,175.7,1694315362678,port94; port97; port403; port806; port832; port870; port1372,7,0.0,916961bee1694b1cb56ee0bb197b6070,1589004873948.5508,7945752.333322555,259.0,0.0,Baie De Kouaoua,New Caledonia,NCL,Asia & Pacific,-21.4003154,165.8330009,12,0,12,0,0,0,0.0,6.75,1,2,1,0,0,0,0,2.5649493574615367,0.0,0.0,2.5649493574615367,3.375,6.0,2021,3,1211.893635055193
1000772,port97,TC,NIRAN-21,Tropical Cyclone NIRAN-21,"Red Tropical Cyclone NIRAN-21 in New Caledonia, Australia, Norfolk Island, Vanuatu from: 01 Mar 2021  to: 07 Mar 2021 .",RED,New Caledonia,2021-03-01 00:00:00+00:00,2021,2021-03-07 00:00:00+00:00,Tropical Storm (maximum wind speed of 259 km/h),-27.3,175.7,1694315362678,port94; port97; port403; port806; port832; port870; port1372,7,0.0,916961bee1694b1cb56ee0bb197b6070,1589004873948.5508,7945752.333322555,259.0,0.0,Baie Ugué,New Caledonia,NCL,Asia & Pacific,-21.1475174,165.5568822,11,0,11,0,0,0,0.0,9.87,1,2,1,0,0,0,0,2.4849066497880004,0.0,0.0,2.4849066497880004,4.935,6.0,2021,3,1252.6050482100707
1000772,port403,TC,NIRAN-21,Tropical Cyclone NIRAN-21,"Red Tropical Cyclone NIRAN-21 in New Caledonia, Australia, Norfolk Island, Vanuatu from: 01 Mar 2021  to: 07 Mar 2021 .",RED,New Caledonia,2021-03-01 00:00:00+00:00,2021,2021-03-07 00:00:00+00:00,Tropical Storm (maximum wind speed of 259 km/h),-27.3,175.7,1694315362678,port94; port97; port403; port806; port832; port870; port1372,7,0.0,916961bee1694b1cb56ee0bb197b6070,1589004873948.5508,7945752.333322555,259.0,0.0,Gomen,New Caledonia,NCL,Asia & Pacific,-20.75973976,164.4042797,20,0,20,0,0,0,0.0,23.14,1,2,1,0,0,0,0,3.044522437723423,0.0,0.0,3.044522437723423,11.57,6.0,2021,3,1378.985226805702
1000772,port806,TC,NIRAN-21,Tropical Cyclone NIRAN-21,"Red Tropical Cyclone NIRAN-21 in New Caledonia, Australia, Norfolk Island, Vanuatu from: 01 Mar 2021  to: 07 Mar 2021 .",RED,New Caledonia,2021-03-01 00:00:00+00:00,2021,2021-03-07 00:00:00+00:00,Tropical Storm (maximum wind speed of 259 km/h),-27.3,175.7,1694315362678,port94; port97; port403; port806; port832; port870; port1372,7,0.0,916961bee1694b1cb56ee0bb197b6070,1589004873948.5508,7945752.333322555,259.0,0.0,Népoui,New Caledonia,NCL,Asia & Pacific,-21.33362493,164.988589,52,0,46,0,0,6,0.87,20.77,1,2,1,0,0,0,0,3.970291913552122,0.0,1.9459101490553132,3.8501476017100584,10.82,6.0,2021,3,1290.4053879363485
1000772,port832,TC,NIRAN-21,Tropical Cyclone NIRAN-21,"Red Tropical Cyclone NIRAN-21 in New Caledonia, Australia, Norfolk Island, Vanuatu from: 01 Mar 2021  to: 07 Mar 2021 .",RED,New Caledonia,2021-03-01 00:00:00+00:00,2021,2021-03-07 00:00:00+00:00,Tropical Storm (maximum wind speed of 259 km/h),-27.3,175.7,1694315362678,port94; port97; port403; port806; port832; port870; port1372,7,0.0,916961bee1694b1cb56ee0bb197b6070,1589004873948.5508,7945752.333322555,259.0,0.0,Noumea,New Caledonia,NCL,Asia & Pacific,-22.25280878,166.4275632,535,230,123,115,23,44,63.31,9.32,1,2,1,0,0,0,0,6.284134161070802,5.442417710521793,3.8066624897703196,4.820281565605037,36.315,6.0,2021,3,1105.1173631193938
1000772,port870,TC,NIRAN-21,Tropical Cyclone NIRAN-21,"Red Tropical Cyclone NIRAN-21 in New Caledonia, Australia, Norfolk Island, Vanuatu from: 01 Mar 2021  to: 07 Mar 2021 .",RED,New Caledonia,2021-03-01 00:00:00+00:00,2021,2021-03-07 00:00:00+00:00,Tropical Storm (maximum wind speed of 259 km/h),-27.3,175.7,1694315362678,port94; port97; port403; port806; port832; port870; port1372,7,0.0,916961bee1694b1cb56ee0bb197b6070,1589004873948.5508,7945752.333322555,259.0,0.0,Paagoumène,New Caledonia,NCL,Asia & Pacific,-20.49254527,164.1813198,48,0,48,0,0,0,0.0,26.48,1,2,1,0,0,0,0,3.8918202981106265,0.0,0.0,3.8918202981106265,13.24,6.0,2021,3,1416.1102784637885
1000772,port1372,TC,NIRAN-21,Tropical Cyclone NIRAN-21,"Red Tropical Cyclone NIRAN-21 in New Caledonia, Australia, Norfolk Island, Vanuatu from: 01 Mar 2021  to: 07 Mar 2021 .",RED,New Caledonia,2021-03-01 00:00:00+00:00,2021,2021-03-07 00:00:00+00:00,Tropical Storm (maximum wind speed of 259 km/h),-27.3,175.7,1694315362678,port94; port97; port403; port806; port832; port870; port1372,7,0.0,916961bee1694b1cb56ee0bb197b6070,1589004873948.5508,7945752.333322555,259.0,0.0,Voh,New Caledonia,NCL,Asia & Pacific,-21.01103527,164.6829908,34,9,14,0,0,11,10.94,0.99,1,2,1,0,0,0,0,3.5553480614894135,2.302585092994046,2.4849066497880004,2.70805020110221,5.965,6.0,2021,3,1338.1006971310028
1000782,port271,TC,TAUKTAE-21,Tropical Cyclone TAUKTAE-21,"Red Tropical Cyclone TAUKTAE-21 in India, Pakistan from: 14 May 2021  to: 17 May 2021 .",RED,India,2021-05-14 06:00:00+00:00,2021,2021-05-17 18:00:00+00:00,Hurricane/Typhoon > 74 mph (maximum wind speed of 222 km/h),20.8,71.3,1694315560326,port271; port511; port679; port709; port776; port907,6,0.0,6af995e3acac4015bd1fbaa90a2a3d6a,392042114876.2236,3515692.1056812145,222.0,0.0,Dahej,India,IND,Asia & Pacific,21.70299817,72.57511466,735,15,250,130,2,338,4.31,0.65,1,2,1,0,0,0,0,6.601230118728877,2.772588722239781,5.82600010738045,5.5254529391317835,2.48,3.5,2021,5,165.3483187325107
1000782,port511,TC,TAUKTAE-21,Tropical Cyclone TAUKTAE-21,"Red Tropical Cyclone TAUKTAE-21 in India, Pakistan from: 14 May 2021  to: 17 May 2021 .",RED,India,2021-05-14 06:00:00+00:00,2021,2021-05-17 18:00:00+00:00,Hurricane/Typhoon > 74 mph (maximum wind speed of 222 km/h),20.8,71.3,1694315560326,port271; port511; port679; port709; port776; port907,6,0.0,6af995e3acac4015bd1fbaa90a2a3d6a,392042114876.2236,3515692.1056812145,222.0,0.0,Jaigad Port,India,IND,Asia & Pacific,17.29523509,73.21867272,584,4,200,363,0,17,2.32,0.38,1,2,1,0,0,0,0,6.371611847231857,1.6094379124341003,2.8903717578961645,5.303304908059076,1.3499999999999999,3.5,2021,5,438.9669190209083
1000782,port679,TC,TAUKTAE-21,Tropical Cyclone TAUKTAE-21,"Red Tropical Cyclone TAUKTAE-21 in India, Pakistan from: 14 May 2021  to: 17 May 2021 .",RED,India,2021-05-14 06:00:00+00:00,2021,2021-05-17 18:00:00+00:00,Hurricane/Typhoon > 74 mph (maximum wind speed of 222 km/h),20.8,71.3,1694315560326,port271; port511; port679; port709; port776; port907,6,0.0,6af995e3acac4015bd1fbaa90a2a3d6a,392042114876.2236,3515692.1056812145,222.0,0.0,Magdalla,India,IND,Asia & Pacific,21.13429214,72.67743533,724,0,223,436,0,65,0.03,0.05,1,2,1,0,0,0,0,6.586171654854675,0.0,4.189654742026425,5.4116460518550396,0.04,3.5,2021,5,147.35962487303416
1000782,port709,TC,TAUKTAE-21,Tropical Cyclone TAUKTAE-21,"Red Tropical Cyclone TAUKTAE-21 in India, Pakistan from: 14 May 2021  to: 17 May 2021 .",RED,India,2021-05-14 06:00:00+00:00,2021,2021-05-17 18:00:00+00:00,Hurricane/Typhoon > 74 mph (maximum wind speed of 222 km/h),20.8,71.3,1694315560326,port271; port511; port679; port709; port776; port907,6,0.0,6af995e3acac4015bd1fbaa90a2a3d6a,392042114876.2236,3515692.1056812145,222.0,0.0,Mormugao,India,IND,Asia & Pacific,15.40731887,73.80153102,367,13,234,43,1,76,2.19,1.08,1,2,1,0,0,0,0,5.908082938168931,2.6390573296152584,4.343805421853684,5.459585514144159,1.635,3.5,2021,5,655.7175738095101
1000782,port776,TC,TAUKTAE-21,Tropical Cyclone TAUKTAE-21,"Red Tropical Cyclone TAUKTAE-21 in India, Pakistan from: 14 May 2021  to: 17 May 2021 .",RED,India,2021-05-14 06:00:00+00:00,2021,2021-05-17 18:00:00+00:00,Hurricane/Typhoon > 74 mph (maximum wind speed of 222 km/h),20.8,71.3,1694315560326,port271; port511; port679; port709; port776; port907,6,0.0,6af995e3acac4015bd1fbaa90a2a3d6a,392042114876.2236,3515692.1056812145,222.0,0.0,Mumbai-Jawaharlal Nehru (Nhava Sheva),India,IND,Asia & Pacific,18.91732276,72.93965039,6559,2071,1067,1818,101,1502,17.5,22.59,1,2,1,0,0,0,0,8.788745881938135,7.6362696033793735,7.315218389752975,6.97354301952014,20.045,3.5,2021,5,270.7660515272855
1000782,port907,TC,TAUKTAE-21,Tropical Cyclone TAUKTAE-21,"Red Tropical Cyclone TAUKTAE-21 in India, Pakistan from: 14 May 2021  to: 17 May 2021 .",RED,India,2021-05-14 06:00:00+00:00,2021,2021-05-17 18:00:00+00:00,Hurricane/Typhoon > 74 mph (maximum wind speed of 222 km/h),20.8,71.3,1694315560326,port271; port511; port679; port709; port776; port907,6,0.0,6af995e3acac4015bd1fbaa90a2a3d6a,392042114876.2236,3515692.1056812145,222.0,0.0,Pipavav Port,India,IND,Asia & Pacific,20.90789389,71.46568355,875,222,242,298,32,81,1.17,1.51,1,2,1,0,0,0,0,6.775366090936392,5.407171771460119,4.406719247264253,5.493061443340548,1.3399999999999999,3.5,2021,5,20.942301164265672
1000784,port290,TC,YAAS-21,Tropical Cyclone YAAS-21,Red Tropical Cyclone YAAS-21 in India from: 24 May 2021  to: 26 May 2021 .,RED,India,2021-05-24 00:00:00+00:00,2021,2021-05-26 06:00:00+00:00,Tropical Storm (maximum wind speed of 120 km/h),21.6,87.0,1694315620209,port290; port442; port883,3,0.0,f005e5328daf492b8d64437e2ea8e3f6,279610013323.5176,2292267.97352831,120.0,0.0,Dhamra Port,India,IND,Asia & Pacific,20.82773698,86.9595015,367,0,360,7,0,0,3.23,3.45,1,2,1,0,0,0,0,5.908082938168931,0.0,0.0,5.8888779583328805,3.34,2.25,2021,5,85.82410257985175
1000784,port442,TC,YAAS-21,Tropical Cyclone YAAS-21,Red Tropical Cyclone YAAS-21 in India from: 24 May 2021  to: 26 May 2021 .,RED,India,2021-05-24 00:00:00+00:00,2021,2021-05-26 06:00:00+00:00,Tropical Storm (maximum wind speed of 120 km/h),21.6,87.0,1694315620209,port290; port442; port883,3,0.0,f005e5328daf492b8d64437e2ea8e3f6,279610013323.5176,2292267.97352831,120.0,0.0,Haldia,India,IND,Asia & Pacific,22.0577906,88.10419444,1433,150,711,111,0,461,4.33,1.54,1,2,1,0,0,0,0,7.2682230211595655,5.017279836814924,6.135564891081739,6.568077911411976,2.935,2.25,2021,5,124.44211961748135
1000784,port883,TC,YAAS-21,Tropical Cyclone YAAS-21,Red Tropical Cyclone YAAS-21 in India from: 24 May 2021  to: 26 May 2021 .,RED,India,2021-05-24 00:00:00+00:00,2021,2021-05-26 06:00:00+00:00,Tropical Storm (maximum wind speed of 120 km/h),21.6,87.0,1694315620209,port290; port442; port883,3,0.0,f005e5328daf492b8d64437e2ea8e3f6,279610013323.5176,2292267.97352831,120.0,0.0,Paradip,India,IND,Asia & Pacific,20.28045307,86.64892168,1267,13,1044,49,0,161,4.89,16.35,1,2,1,0,0,0,0,7.145196134997171,2.6390573296152584,5.087596335232384,6.951772164398911,10.620000000000001,2.25,2021,5,150.96211449434205
1100902,port207,FL,"Flood in Bangladesh, India","Flood in Bangladesh, India","Red Flood in Bangladesh, India from: 24 May 2021 01 to: 31 May 2021 01.",RED,India,2021-05-24 01:00:00+00:00,2021,2021-05-31 01:00:00+00:00,,23.45598,85.25573,1694315699826,port207; port235; port290; port442; port534; port544; port883; port1331,8,0.0,0444d1d2ece246b8bf863f26ef9e0444,516672397465.7856,15044471.16740546,0.0,0.0,Kolkata (Syama Prasad Mookerje Port),India,IND,Asia & Pacific,22.53574401,88.29958111,642,434,9,187,1,11,0.2,0.16,1,2,0,1,0,0,0,6.466144724237619,6.075346031088684,2.4849066497880004,2.302585092994046,0.18,7.0,2021,5,328.3601029454952
1100902,port235,FL,"Flood in Bangladesh, India","Flood in Bangladesh, India","Red Flood in Bangladesh, India from: 24 May 2021 01 to: 31 May 2021 01.",RED,India,2021-05-24 01:00:00+00:00,2021,2021-05-31 01:00:00+00:00,,23.45598,85.25573,1694315699826,port207; port235; port290; port442; port534; port544; port883; port1331,8,0.0,0444d1d2ece246b8bf863f26ef9e0444,516672397465.7856,15044471.16740546,0.0,0.0,Chennai (Madras),India,IND,Asia & Pacific,13.10046724,80.29425074,1511,565,163,277,52,454,3.76,2.22,1,2,0,1,0,0,0,7.321188556739478,6.338594078203183,6.12029741895095,5.099866427824199,2.99,7.0,2021,5,1268.4550152949691
1100902,port290,FL,"Flood in Bangladesh, India","Flood in Bangladesh, India","Red Flood in Bangladesh, India from: 24 May 2021 01 to: 31 May 2021 01.",RED,India,2021-05-24 01:00:00+00:00,2021,2021-05-31 01:00:00+00:00,,23.45598,85.25573,1694315699826,port207; port235; port290; port442; port534; port544; port883; port1331,8,0.0,0444d1d2ece246b8bf863f26ef9e0444,516672397465.7856,15044471.16740546,0.0,0.0,Dhamra Port,India,IND,Asia & Pacific,20.82773698,86.9595015,367,0,360,7,0,0,3.23,3.45,1,2,0,1,0,0,0,5.908082938168931,0.0,0.0,5.8888779583328805,3.34,7.0,2021,5,341.10635265503834
1100902,port442,FL,"Flood in Bangladesh, India","Flood in Bangladesh, India","Red Flood in Bangladesh, India from: 24 May 2021 01 to: 31 May 2021 01.",RED,India,2021-05-24 01:00:00+00:00,2021,2021-05-31 01:00:00+00:00,,23.45598,85.25573,1694315699826,port207; port235; port290; port442; port534; port544; port883; port1331,8,0.0,0444d1d2ece246b8bf863f26ef9e0444,516672397465.7856,15044471.16740546,0.0,0.0,Haldia,India,IND,Asia & Pacific,22.0577906,88.10419444,1433,150,711,111,0,461,4.33,1.54,1,2,0,1,0,0,0,7.2682230211595655,5.017279836814924,6.135564891081739,6.568077911411976,2.935,7.0,2021,5,331.59824746462994
1100902,port534,FL,"Flood in Bangladesh, India","Flood in Bangladesh, India","Red Flood in Bangladesh, India from: 24 May 2021 01 to: 31 May 2021 01.",RED,India,2021-05-24 01:00:00+00:00,2021,2021-05-31 01:00:00+00:00,,23.45598,85.25573,1694315699826,port207; port235; port290; port442; port534; port544; port883; port1331,8,0.0,0444d1d2ece246b8bf863f26ef9e0444,516672397465.7856,15044471.16740546,0.0,0.0,Kamarajar Port,India,IND,Asia & Pacific,13.27933099,80.33854581,798,134,330,19,89,226,5.3,0.82,1,2,0,1,0,0,0,6.683360945766275,4.90527477843843,5.424950017481403,5.802118375377063,3.06,7.0,2021,5,1248.2796739956234
1100902,port544,FL,"Flood in Bangladesh, India","Flood in Bangladesh, India","Red Flood in Bangladesh, India from: 24 May 2021 01 to: 31 May 2021 01.",RED,India,2021-05-24 01:00:00+00:00,2021,2021-05-31 01:00:00+00:00,,23.45598,85.25573,1694315699826,port207; port235; port290; port442; port534; port544; port883; port1331,8,0.0,0444d1d2ece246b8bf863f26ef9e0444,516672397465.7856,15044471.16740546,0.0,0.0,Karaikal,India,IND,Asia & Pacific,10.84053369,79.84255847,111,0,102,3,0,6,1.14,0.04,1,2,0,1,0,0,0,4.718498871295094,0.0,1.9459101490553132,4.634728988229636,0.59,7.0,2021,5,1519.5871910828885
1100902,port883,FL,"Flood in Bangladesh, India","Flood in Bangladesh, India","Red Flood in Bangladesh, India from: 24 May 2021 01 to: 31 May 2021 01.",RED,India,2021-05-24 01:00:00+00:00,2021,2021-05-31 01:00:00+00:00,,23.45598,85.25573,1694315699826,port207; port235; port290; port442; port534; port544; port883; port1331,8,0.0,0444d1d2ece246b8bf863f26ef9e0444,516672397465.7856,15044471.16740546,0.0,0.0,Paradip,India,IND,Asia & Pacific,20.28045307,86.64892168,1267,13,1044,49,0,161,4.89,16.35,1,2,0,1,0,0,0,7.145196134997171,2.6390573296152584,5.087596335232384,6.951772164398911,10.620000000000001,7.0,2021,5,381.1643664610892
1100902,port1331,FL,"Flood in Bangladesh, India","Flood in Bangladesh, India","Red Flood in Bangladesh, India from: 24 May 2021 01 to: 31 May 2021 01.",RED,India,2021-05-24 01:00:00+00:00,2021,2021-05-31 01:00:00+00:00,,23.45598,85.25573,1694315699826,port207; port235; port290; port442; port534; port544; port883; port1331,8,0.0,0444d1d2ece246b8bf863f26ef9e0444,516672397465.7856,15044471.16740546,0.0,0.0,Tuticorin,India,IND,Asia & Pacific,8.765928225,78.18889725,1253,460,367,291,3,132,4.0,0.89,1,2,0,1,0,0,0,7.134093721192866,6.133398042996649,4.890349128221754,5.908082938168931,2.445,7.0,2021,5,1805.5093531574278
1000814,port1144,TC,GRACE-21,Tropical Cyclone GRACE-21,Red Tropical Cyclone GRACE-21 in Mexico from: 13 Aug 2021  to: 21 Aug 2021 .,RED,Mexico; Cayman Islands,2021-08-13 15:00:00+00:00,2021,2021-08-21 21:00:00+00:00,Tropical Depression (maximum wind speed of 194 km/h),19.6,-100.1,1694316291193,port1144; port1332; port389,3,0.0,121eef70bd7e4584a988fa9198fa31db,480482637423.72754,5295598.848609343,194.0,0.0,San Miguel De Cozumel,Mexico,MEX,North America,20.57479256,-87.13206904,113,1,92,17,3,0,0.0,3.72,1,2,1,0,0,0,0,4.736198448394496,0.6931471805599453,0.0,4.532599493153256,1.86,8.25,2021,8,1351.9613772485673
1000814,port1332,TC,GRACE-21,Tropical Cyclone GRACE-21,Red Tropical Cyclone GRACE-21 in Mexico from: 13 Aug 2021  to: 21 Aug 2021 .,RED,Mexico; Cayman Islands,2021-08-13 15:00:00+00:00,2021,2021-08-21 21:00:00+00:00,Tropical Depression (maximum wind speed of 194 km/h),19.6,-100.1,1694316291193,port1144; port1332; port389,3,0.0,121eef70bd7e4584a988fa9198fa31db,480482637423.72754,5295598.848609343,194.0,0.0,Tuxpan,Mexico,MEX,North America,20.95612428,-97.33341544,403,64,56,18,22,243,4.6,0.22,1,2,1,0,0,0,0,6.0014148779611505,4.174387269895637,5.497168225293202,4.04305126783455,2.4099999999999997,8.25,2021,8,323.8841970496854
1000814,port389,TC,GRACE-21,Tropical Cyclone GRACE-21,Red Tropical Cyclone GRACE-21 in Mexico from: 13 Aug 2021  to: 21 Aug 2021 .,RED,Mexico; Cayman Islands,2021-08-13 15:00:00+00:00,2021,2021-08-21 21:00:00+00:00,Tropical Depression (maximum wind speed of 194 km/h),19.6,-100.1,1694316291193,port1144; port1332; port389,3,0.0,121eef70bd7e4584a988fa9198fa31db,480482637423.72754,5295598.848609343,194.0,0.0,Georgetown,Cayman Islands,CYM,North America,19.29629306,-81.38380906,253,140,9,103,1,0,100.0,100.0,1,2,1,0,0,0,0,5.537334267018537,4.948759890378168,0.0,2.302585092994046,100.0,8.25,2021,8,1961.0780255786092
1000818,port126,TC,IDA-21,Tropical Cyclone IDA-21,"Red Tropical Cyclone IDA-21 in United States, Cuba from: 26 Aug 2021  to: 30 Aug 2021 .",RED,United States,2021-08-26 15:00:00+00:00,2021,2021-08-30 21:00:00+00:00,Tropical Depression (maximum wind speed of 241 km/h),32.6,-90.3,1694316376901,port126; port352; port812; port1214,4,0.0,7d9d04c6c5ac4e3bbdf68a78a0966767,394139707419.0078,3782111.256095524,241.0,0.0,Baton Rouge,United States,USA,North America,30.43704677,-91.20632261,331,0,109,3,7,212,0.35,1.14,1,2,1,0,0,0,0,5.805134968916488,0.0,5.3612921657094255,4.700480365792417,0.7449999999999999,4.25,2021,8,255.2754393980767
1000818,port352,TC,IDA-21,Tropical Cyclone IDA-21,"Red Tropical Cyclone IDA-21 in United States, Cuba from: 26 Aug 2021  to: 30 Aug 2021 .",RED,United States,2021-08-26 15:00:00+00:00,2021,2021-08-30 21:00:00+00:00,Tropical Depression (maximum wind speed of 241 km/h),32.6,-90.3,1694316376901,port126; port352; port812; port1214,4,0.0,7d9d04c6c5ac4e3bbdf68a78a0966767,394139707419.0078,3782111.256095524,241.0,0.0,Fourchon,United States,USA,North America,29.13034343,-90.20534334,98,0,0,97,0,1,0.01,0.0,1,2,1,0,0,0,0,4.59511985013459,0.0,0.6931471805599453,0.0,0.005,4.25,2021,8,385.24122138682924
1000818,port812,TC,IDA-21,Tropical Cyclone IDA-21,"Red Tropical Cyclone IDA-21 in United States, Cuba from: 26 Aug 2021  to: 30 Aug 2021 .",RED,United States,2021-08-26 15:00:00+00:00,2021,2021-08-30 21:00:00+00:00,Tropical Depression (maximum wind speed of 241 km/h),32.6,-90.3,1694316376901,port126; port352; port812; port1214,4,0.0,7d9d04c6c5ac4e3bbdf68a78a0966767,394139707419.0078,3782111.256095524,241.0,0.0,New Orleans,United States,USA,North America,29.93003343,-90.13086772,5783,430,2620,429,20,2284,5.63,9.26,1,2,1,0,0,0,0,8.6628507638386,6.066108090103747,7.734121303328305,7.8713112033234065,7.445,4.25,2021,8,296.81254735530877
1000818,port1214,TC,IDA-21,Tropical Cyclone IDA-21,"Red Tropical Cyclone IDA-21 in United States, Cuba from: 26 Aug 2021  to: 30 Aug 2021 .",RED,United States,2021-08-26 15:00:00+00:00,2021,2021-08-30 21:00:00+00:00,Tropical Depression (maximum wind speed of 241 km/h),32.6,-90.3,1694316376901,port126; port352; port812; port1214,4,0.0,7d9d04c6c5ac4e3bbdf68a78a0966767,394139707419.0078,3782111.256095524,241.0,0.0,South Louisiana,United States,USA,North America,30.12379526,-90.86781072,2450,4,1196,79,5,1166,2.38,7.4,1,2,1,0,0,0,0,7.804251383528112,1.6094379124341003,7.062191632286556,7.087573705557973,4.890000000000001,4.25,2021,8,280.21273733109854
1000824,port238,TC,CHANTHU-21,Tropical Cyclone CHANTHU-21,"Red Tropical Cyclone CHANTHU-21 in China, Philippines from: 06 Sep 2021  to: 18 Sep 2021 .",RED,Taiwan Province of China,2021-09-06 06:00:00+00:00,2021,2021-09-18 00:00:00+00:00,Tropical Depression (maximum wind speed of 287 km/h),34.1,136.6,1694316572215,port238; port482; port1261,3,0.0,8973ab79e4e84f21863706b376cc33a2,738658048221.1113,8105520.519122106,287.0,0.0,Keelung,Taiwan Province of China,TWN,Asia & Pacific,25.14717994,121.7520059,3510,2527,265,488,33,197,6.76,8.5,1,2,1,0,0,0,0,8.163656176168432,7.8351837552667485,5.288267030694535,5.583496308781699,7.63,11.75,2021,9,1792.5902438915045
1000824,port482,TC,CHANTHU-21,Tropical Cyclone CHANTHU-21,"Red Tropical Cyclone CHANTHU-21 in China, Philippines from: 06 Sep 2021  to: 18 Sep 2021 .",RED,Taiwan Province of China,2021-09-06 06:00:00+00:00,2021,2021-09-18 00:00:00+00:00,Tropical Depression (maximum wind speed of 287 km/h),34.1,136.6,1694316572215,port238; port482; port1261,3,0.0,8973ab79e4e84f21863706b376cc33a2,738658048221.1113,8105520.519122106,287.0,0.0,Hualien,Taiwan Province of China,TWN,Asia & Pacific,23.98211049,121.6278977,226,0,100,109,0,17,0.26,1.01,1,2,1,0,0,0,0,5.424950017481403,0.0,2.8903717578961645,4.61512051684126,0.635,11.75,2021,9,1888.6416159127045
1000824,port1261,TC,CHANTHU-21,Tropical Cyclone CHANTHU-21,"Red Tropical Cyclone CHANTHU-21 in China, Philippines from: 06 Sep 2021  to: 18 Sep 2021 .",RED,Taiwan Province of China,2021-09-06 06:00:00+00:00,2021,2021-09-18 00:00:00+00:00,Tropical Depression (maximum wind speed of 287 km/h),34.1,136.6,1694316572215,port238; port482; port1261,3,0.0,8973ab79e4e84f21863706b376cc33a2,738658048221.1113,8105520.519122106,287.0,0.0,Taipei,Taiwan Province of China,TWN,Asia & Pacific,25.15663144,121.3807189,2782,1518,344,353,331,236,4.94,3.11,1,2,1,0,0,0,0,7.931284761525891,7.325807502595773,5.4680601411351315,5.84354441703136,4.025,11.75,2021,9,1823.0858895224198
1000853,port182,TC,RAI-21,Tropical Cyclone RAI-21,Red Tropical Cyclone RAI-21 in Philippines from: 13 Dec 2021  to: 20 Dec 2021 .,RED,Philippines,2021-12-13 00:00:00+00:00,2021,2021-12-20 18:00:00+00:00,Tropical Storm (maximum wind speed of 259 km/h),19.8,113.0,1694316920132,port182; port198; port224; port716; port797; port858; port1056; port1238; port1366,9,0.0,6cd0c7fb2cff4780a9caf78ad874998f,977345155238.7296,7848305.075547383,259.0,0.0,Buco,Philippines,PHL,Asia & Pacific,8.517492767,124.752947,763,329,15,162,1,256,1.63,1.43,1,2,1,0,0,0,0,6.638567789166521,5.799092654460526,5.54907608489522,2.772588722239781,1.5299999999999998,7.75,2021,12,1798.0511021912762
1000853,port198,TC,RAI-21,Tropical Cyclone RAI-21,Red Tropical Cyclone RAI-21 in Philippines from: 13 Dec 2021  to: 20 Dec 2021 .,RED,Philippines,2021-12-13 00:00:00+00:00,2021,2021-12-20 18:00:00+00:00,Tropical Storm (maximum wind speed of 259 km/h),19.8,113.0,1694316920132,port182; port198; port224; port716; port797; port858; port1056; port1238; port1366,9,0.0,6cd0c7fb2cff4780a9caf78ad874998f,977345155238.7296,7848305.075547383,259.0,0.0,Butuan City,Philippines,PHL,Asia & Pacific,9.276185803,125.5093629,37,0,36,1,0,0,0.0,3.82,1,2,1,0,0,0,0,3.6375861597263857,0.0,0.0,3.6109179126442243,1.91,7.75,2021,12,1800.6952097307142
1000853,port224,TC,RAI-21,Tropical Cyclone RAI-21,Red Tropical Cyclone RAI-21 in Philippines from: 13 Dec 2021  to: 20 Dec 2021 .,RED,Philippines,2021-12-13 00:00:00+00:00,2021,2021-12-20 18:00:00+00:00,Tropical Storm (maximum wind speed of 259 km/h),19.8,113.0,1694316920132,port182; port198; port224; port716; port797; port858; port1056; port1238; port1366,9,0.0,6cd0c7fb2cff4780a9caf78ad874998f,977345155238.7296,7848305.075547383,259.0,0.0,Cebu,Philippines,PHL,Asia & Pacific,10.31413032,123.9369534,2061,635,74,870,160,322,3.9,1.6,1,2,1,0,0,0,0,7.631431664576906,6.455198563340122,5.777652323222656,4.31748811353631,2.75,7.75,2021,12,1592.2372761365154
1000853,port716,TC,RAI-21,Tropical Cyclone RAI-21,Red Tropical Cyclone RAI-21 in Philippines from: 13 Dec 2021  to: 20 Dec 2021 .,RED,Philippines,2021-12-13 00:00:00+00:00,2021,2021-12-20 18:00:00+00:00,Tropical Storm (maximum wind speed of 259 km/h),19.8,113.0,1694316920132,port182; port198; port224; port716; port797; port858; port1056; port1238; port1366,9,0.0,6cd0c7fb2cff4780a9caf78ad874998f,977345155238.7296,7848305.075547383,259.0,0.0,Masao,Philippines,PHL,Asia & Pacific,9.527274017,125.8400651,91,0,4,61,0,26,0.3,0.22,1,2,1,0,0,0,0,4.5217885770490405,0.0,3.295836866004329,1.6094379124341003,0.26,7.75,2021,12,1809.9450570900556
1000853,port797,TC,RAI-21,Tropical Cyclone RAI-21,Red Tropical Cyclone RAI-21 in Philippines from: 13 Dec 2021  to: 20 Dec 2021 .,RED,Philippines,2021-12-13 00:00:00+00:00,2021,2021-12-20 18:00:00+00:00,Tropical Storm (maximum wind speed of 259 km/h),19.8,113.0,1694316920132,port182; port198; port224; port716; port797; port858; port1056; port1238; port1366,9,0.0,6cd0c7fb2cff4780a9caf78ad874998f,977345155238.7296,7848305.075547383,259.0,0.0,Nasipit Port,Philippines,PHL,Asia & Pacific,8.981512096,125.3368598,133,16,0,73,22,22,0.02,0.03,1,2,1,0,0,0,0,4.897839799950911,2.833213344056216,3.1354942159291497,0.0,0.025,7.75,2021,12,1808.7496774138483
1000853,port858,TC,RAI-21,Tropical Cyclone RAI-21,Red Tropical Cyclone RAI-21 in Philippines from: 13 Dec 2021  to: 20 Dec 2021 .,RED,Philippines,2021-12-13 00:00:00+00:00,2021,2021-12-20 18:00:00+00:00,Tropical Storm (maximum wind speed of 259 km/h),19.8,113.0,1694316920132,port182; port198; port224; port716; port797; port858; port1056; port1238; port1366,9,0.0,6cd0c7fb2cff4780a9caf78ad874998f,977345155238.7296,7848305.075547383,259.0,0.0,Ormoc,Philippines,PHL,Asia & Pacific,11.00605657,124.6025404,96,0,1,94,1,0,0.01,0.01,1,2,1,0,0,0,0,4.574710978503383,0.0,0.0,0.6931471805599453,0.01,7.75,2021,12,1597.188702070131
1000853,port1056,TC,RAI-21,Tropical Cyclone RAI-21,Red Tropical Cyclone RAI-21 in Philippines from: 13 Dec 2021  to: 20 Dec 2021 .,RED,Philippines,2021-12-13 00:00:00+00:00,2021,2021-12-20 18:00:00+00:00,Tropical Storm (maximum wind speed of 259 km/h),19.8,113.0,1694316920132,port182; port198; port224; port716; port797; port858; port1056; port1238; port1366,9,0.0,6cd0c7fb2cff4780a9caf78ad874998f,977345155238.7296,7848305.075547383,259.0,0.0,Puerto Princesa,Philippines,PHL,Asia & Pacific,9.736639064,118.7327548,86,6,4,30,1,45,0.08,0.08,1,2,1,0,0,0,0,4.465908118654584,1.9459101490553132,3.828641396489095,1.6094379124341003,0.08,7.75,2021,12,1281.056086577224
1000853,port1238,TC,RAI-21,Tropical Cyclone RAI-21,Red Tropical Cyclone RAI-21 in Philippines from: 13 Dec 2021  to: 20 Dec 2021 .,RED,Philippines,2021-12-13 00:00:00+00:00,2021,2021-12-20 18:00:00+00:00,Tropical Storm (maximum wind speed of 259 km/h),19.8,113.0,1694316920132,port182; port198; port224; port716; port797; port858; port1056; port1238; port1366,9,0.0,6cd0c7fb2cff4780a9caf78ad874998f,977345155238.7296,7848305.075547383,259.0,0.0,Surigao City,Philippines,PHL,Asia & Pacific,9.815652287,125.4545559,23,1,1,21,0,0,0.01,0.01,1,2,1,0,0,0,0,3.1780538303479458,0.6931471805599453,0.0,0.6931471805599453,0.01,7.75,2021,12,1756.0993863468054
1000853,port1366,TC,RAI-21,Tropical Cyclone RAI-21,Red Tropical Cyclone RAI-21 in Philippines from: 13 Dec 2021  to: 20 Dec 2021 .,RED,Philippines,2021-12-13 00:00:00+00:00,2021,2021-12-20 18:00:00+00:00,Tropical Storm (maximum wind speed of 259 km/h),19.8,113.0,1694316920132,port182; port198; port224; port716; port797; port858; port1056; port1238; port1366,9,0.0,6cd0c7fb2cff4780a9caf78ad874998f,977345155238.7296,7848305.075547383,259.0,0.0,Villanueva,Philippines,PHL,Asia & Pacific,8.607068203,124.7600253,259,3,118,28,0,110,7.04,19.87,1,2,1,0,0,0,0,5.560681631015528,1.3862943611198906,4.709530201312334,4.77912349311153,13.455,7.75,2021,12,1791.4808860318358
1000036,port836,VO,Eruption  Hunga Tonga-Hunga Ha apai,Eruption  Hunga Tonga-Hunga Ha apai,Red Eruption Hunga Tonga-Hunga Ha apai in Tonga at: 18 Jan 2022 00:00.,RED,Tonga,2021-12-20 00:00:00+00:00,2021,2022-01-18 00:00:00+00:00,,-20.536,-175.382,1694317035039,port836,1,0.0,296a0ab5d56846fa807cf63b19868c85,36021562384.32031,672876.2515519108,0.0,0.0,Nuku'alofa,Tonga,TON,Asia & Pacific,-21.13871037,-175.1811695,198,66,0,74,14,44,95.74,82.91,1,2,0,0,0,0,0,5.293304824724492,4.204692619390966,3.8066624897703196,0.0,89.32499999999999,29.0,2021,12,70.05738528105452
1307299,port934,EQ,Earthquake in Haiti,Earthquake in Haiti,Red M 5.3 Earthquake in Haiti at: 24 Jan 2022 13:16:23.,RED,Haiti,2022-01-24 13:16:23+00:00,2022,2022-01-24 13:16:23+00:00,"Magnitude 5.3M, Depth:10km",18.4723,-73.3346,1694317051845,port934; port1125,2,0.0,a14375d323fe40bcb9e296ba576f56ed,35116991308.7832,664375.8934030486,0.0,5.3,Port Au Prince,Haiti,HTI,North America,18.62806777,-72.35783182,614,214,86,168,34,112,86.22,92.52,1,2,0,0,1,0,0,6.421622267806518,5.3706380281276624,4.727387818712341,4.465908118654584,89.37,0.0,2022,1,104.18601842294116
1307299,port1125,EQ,Earthquake in Haiti,Earthquake in Haiti,Red M 5.3 Earthquake in Haiti at: 24 Jan 2022 13:16:23.,RED,Haiti,2022-01-24 13:16:23+00:00,2022,2022-01-24 13:16:23+00:00,"Magnitude 5.3M, Depth:10km",18.4723,-73.3346,1694317051845,port934; port1125,2,0.0,a14375d323fe40bcb9e296ba576f56ed,35116991308.7832,664375.8934030486,0.0,5.3,Saint-Marc,Haiti,HTI,North America,19.10948777,-72.70279036,39,1,0,10,28,0,0.63,0.16,1,2,0,0,1,0,0,3.6888794541139363,0.6931471805599453,0.0,0.0,0.395,0.0,2022,1,96.92083718059462
1000859,port1307,TC,BATSIRAI-22,Tropical Cyclone BATSIRAI-22,Red Tropical Cyclone BATSIRAI-22 in Madagascar from: 27 Jan 2022  to: 08 Feb 2022 .,RED,Madagascar; Mauritius,2022-01-27 00:00:00+00:00,2022,2022-02-08 12:00:00+00:00,Tropical Storm (maximum wind speed of 231 km/h),-28.3,41.8,1694317131752,port1307; port965,2,0.0,1bc9b902d2a444d79c808ce9db848e82,1190876567564.8682,9370132.00224266,231.0,0.0,Tulear (Toliara),Madagascar,MDG,Africa,-23.37321861,43.66993419,61,0,14,28,0,19,2.73,3.0,1,2,1,0,0,0,0,4.127134385045092,0.0,2.995732273553991,2.70805020110221,2.865,12.5,2022,1,579.1127001089529
1000859,port965,TC,BATSIRAI-22,Tropical Cyclone BATSIRAI-22,Red Tropical Cyclone BATSIRAI-22 in Madagascar from: 27 Jan 2022  to: 08 Feb 2022 .,RED,Madagascar; Mauritius,2022-01-27 00:00:00+00:00,2022,2022-02-08 12:00:00+00:00,Tropical Storm (maximum wind speed of 231 km/h),-28.3,41.8,1694317131752,port1307; port965,2,0.0,1bc9b902d2a444d79c808ce9db848e82,1190876567564.8682,9370132.00224266,231.0,0.0,Port Louis,Mauritius,MUS,Africa,-20.14941789,57.49585987,923,429,58,107,35,294,100.0,100.0,1,2,1,0,0,0,0,6.828712071641684,6.063785208687608,5.68697535633982,4.07753744390572,100.0,12.5,2022,1,1869.1526859244088
1000866,port340,TC,EMNATI-22,Tropical Cyclone EMNATI-22,Red Tropical Cyclone EMNATI-22 in Madagascar from: 16 Feb 2022  to: 24 Feb 2022 .,RED,Madagascar,2022-02-16 18:00:00+00:00,2022,2022-02-24 18:00:00+00:00,Tropical Storm (maximum wind speed of 204 km/h),-28.7,41.8,1694317200080,port340; port1301; port1307,3,0.0,4712455782b24b729ffa2d23c4fb9f61,915533029862.0216,6324014.687704501,204.0,0.0,Ehoala,Madagascar,MDG,Africa,-25.06680991,46.96379773,74,1,21,34,0,18,2.04,68.43,1,2,1,0,0,0,0,4.31748811353631,0.6931471805599453,2.9444389791664403,3.091042453358316,35.23500000000001,8.0,2022,2,657.4212052782212
1000866,port1301,TC,EMNATI-22,Tropical Cyclone EMNATI-22,Red Tropical Cyclone EMNATI-22 in Madagascar from: 16 Feb 2022  to: 24 Feb 2022 .,RED,Madagascar,2022-02-16 18:00:00+00:00,2022,2022-02-24 18:00:00+00:00,Tropical Storm (maximum wind speed of 204 km/h),-28.7,41.8,1694317200080,port340; port1301; port1307,3,0.0,4712455782b24b729ffa2d23c4fb9f61,915533029862.0216,6324014.687704501,204.0,0.0,Toamasina,Madagascar,MDG,Africa,-18.15789697,49.4263411,398,139,86,57,24,92,89.9,20.77,1,2,1,0,0,0,0,5.988961416889864,4.941642422609304,4.532599493153256,4.465908118654584,55.335,8.0,2022,2,1419.9696770494113
1000866,port1307,TC,EMNATI-22,Tropical Cyclone EMNATI-22,Red Tropical Cyclone EMNATI-22 in Madagascar from: 16 Feb 2022  to: 24 Feb 2022 .,RED,Madagascar,2022-02-16 18:00:00+00:00,2022,2022-02-24 18:00:00+00:00,Tropical Storm (maximum wind speed of 204 km/h),-28.7,41.8,1694317200080,port340; port1301; port1307,3,0.0,4712455782b24b729ffa2d23c4fb9f61,915533029862.0216,6324014.687704501,204.0,0.0,Tulear (Toliara),Madagascar,MDG,Africa,-23.37321861,43.66993419,61,0,14,28,0,19,2.73,3.0,1,2,1,0,0,0,0,4.127134385045092,0.0,2.995732273553991,2.70805020110221,2.865,8.0,2022,2,621.2126674758282
1337179,port624,EQ,Earthquake in Papua New Guinea,Earthquake in Papua New Guinea,Red M 7.6 Earthquake in Papua New Guinea at: 10 Sep 2022 23:46:55.,RED,Papua New Guinea,2022-09-10 23:46:55+00:00,2022,2022-09-10 23:46:55+00:00,"Magnitude 7.6M, Depth:90.013km",-6.2557,146.4692,1694317950004,port624,1,0.0,c8de7f4575724cc3a7afccf0faf762a0,31972252448.100582,633942.8061322744,0.0,7.6,Lae,Papua New Guinea,PNG,Asia & Pacific,-6.736625768,146.9873906,657,365,21,163,41,67,33.01,2.54,1,2,0,0,1,0,0,6.489204931325317,5.902633333401366,4.219507705176107,3.091042453358316,17.775,0.0,2022,9,78.18341359278469
1101664,port438,FL,"Flood in China, Taiwan","Flood in China, Taiwan","Red Flood in China, Taiwan from: 14 Sep 2022 01 to: 16 Sep 2022 01.",RED,China,2022-09-14 01:00:00+00:00,2022,2022-09-16 01:00:00+00:00,,31.23228,121.4692,1694317999111,port438; port824; port1188; port1390; port1427; port1429,6,0.0,e8ad23d722674521baae5de97cc97f61,217355300848.26956,3579326.493505684,0.0,0.0,Haimen,China,CHN,Asia & Pacific,28.83311121,121.5625881,399,8,40,181,0,170,0.02,0.01,1,2,0,1,0,0,0,5.991464547107982,2.1972245773362196,5.14166355650266,3.713572066704308,0.015,2.0,2022,9,266.46251937056854
1101664,port824,FL,"Flood in China, Taiwan","Flood in China, Taiwan","Red Flood in China, Taiwan from: 14 Sep 2022 01 to: 16 Sep 2022 01.",RED,China,2022-09-14 01:00:00+00:00,2022,2022-09-16 01:00:00+00:00,,31.23228,121.4692,1694317999111,port438; port824; port1188; port1390; port1427; port1429,6,0.0,e8ad23d722674521baae5de97cc97f61,217355300848.26956,3579326.493505684,0.0,0.0,Ningbo,China,CHN,Asia & Pacific,29.92076897,121.8818408,18455,10352,2117,770,271,4945,8.4,10.56,1,2,0,1,0,0,0,9.823144799853589,9.245031611766112,8.506334448081361,7.658227526161352,9.48,2.0,2022,9,150.89343655616707
1101664,port1188,FL,"Flood in China, Taiwan","Flood in China, Taiwan","Red Flood in China, Taiwan from: 14 Sep 2022 01 to: 16 Sep 2022 01.",RED,China,2022-09-14 01:00:00+00:00,2022,2022-09-16 01:00:00+00:00,,31.23228,121.4692,1694317999111,port438; port824; port1188; port1390; port1427; port1429,6,0.0,e8ad23d722674521baae5de97cc97f61,217355300848.26956,3579326.493505684,0.0,0.0,Shanghai,China,CHN,Asia & Pacific,31.19179536,121.6441968,41093,12110,13770,5162,1743,8308,7.33,10.44,1,2,0,1,0,0,0,10.62361740442596,9.401869409521051,9.02509454366498,9.530320210727126,8.885,2.0,2022,9,17.21351736850192
1101664,port1390,FL,"Flood in China, Taiwan","Flood in China, Taiwan","Red Flood in China, Taiwan from: 14 Sep 2022 01 to: 16 Sep 2022 01.",RED,China,2022-09-14 01:00:00+00:00,2022,2022-09-16 01:00:00+00:00,,31.23228,121.4692,1694317999111,port438; port824; port1188; port1390; port1427; port1429,6,0.0,e8ad23d722674521baae5de97cc97f61,217355300848.26956,3579326.493505684,0.0,0.0,Wenzhou,China,CHN,Asia & Pacific,28.0006769,120.9135209,583,35,165,142,0,241,0.08,0.0,1,2,0,1,0,0,0,6.369900982828227,3.58351893845611,5.488937726156687,5.111987788356544,0.04,2.0,2022,9,362.81855335203926
1101664,port1427,FL,"Flood in China, Taiwan","Flood in China, Taiwan","Red Flood in China, Taiwan from: 14 Sep 2022 01 to: 16 Sep 2022 01.",RED,China,2022-09-14 01:00:00+00:00,2022,2022-09-16 01:00:00+00:00,,31.23228,121.4692,1694317999111,port438; port824; port1188; port1390; port1427; port1429,6,0.0,e8ad23d722674521baae5de97cc97f61,217355300848.26956,3579326.493505684,0.0,0.0,Zhapu,China,CHN,Asia & Pacific,30.63688515,121.1568835,2196,534,657,161,0,844,0.57,0.07,1,2,0,1,0,0,0,7.69484807238461,6.282266746896006,6.739336627357174,6.489204931325317,0.31999999999999995,2.0,2022,9,72.50826299817068
1101664,port1429,FL,"Flood in China, Taiwan","Flood in China, Taiwan","Red Flood in China, Taiwan from: 14 Sep 2022 01 to: 16 Sep 2022 01.",RED,China,2022-09-14 01:00:00+00:00,2022,2022-09-16 01:00:00+00:00,,31.23228,121.4692,1694317999111,port438; port824; port1188; port1390; port1427; port1429,6,0.0,e8ad23d722674521baae5de97cc97f61,217355300848.26956,3579326.493505684,0.0,0.0,Zhoushan,China,CHN,Asia & Pacific,30.05635032,122.1008368,6370,450,1732,611,90,3487,1.85,1.32,1,2,0,1,0,0,0,8.759511722116487,6.111467339502679,8.15708378502887,7.457609289715606,1.585,2.0,2022,9,143.94497771700497
1000916,port1245,TC,FIONA-22,Tropical Cyclone FIONA-22,"Red Tropical Cyclone FIONA-22 in Canada, Turks and Caicos Islands, Dominican Republic, Puerto Rico from: 14 Sep 2022  to: 24 Sep 2022 .",RED,Montserrat; Canada; Antigua and Barbuda; Guadeloupe; St. Kitts and Nevis; United States; Dominican Republic; Turks and Caicos Islands; Puerto Rico,2022-09-14 15:00:00+00:00,2022,2022-09-24 21:00:00+00:00,Tropical Storm (maximum wind speed of 213 km/h),48.4,-60.5,1694318078129,port1245; port211; port443; port935; port1219; port51; port1055; port1147; port122; port232; port164; port913; port414; port1025; port910; port922; port1221,17,0.0,9ccdff1760bb46af903ec5b39378a058,3331680947058.3047,13796058.932976147,213.0,0.0,Sydney,United States,USA,North America,46.17600891,-60.21659641,97,0,30,4,17,46,0.13,0.01,1,2,1,0,0,0,0,4.584967478670572,0.0,3.8501476017100584,3.4339872044851463,0.07,10.25,2022,9,247.8221879067929
1000916,port211,TC,FIONA-22,Tropical Cyclone FIONA-22,"Red Tropical Cyclone FIONA-22 in Canada, Turks and Caicos Islands, Dominican Republic, Puerto Rico from: 14 Sep 2022  to: 24 Sep 2022 .",RED,Montserrat; Canada; Antigua and Barbuda; Guadeloupe; St. Kitts and Nevis; United States; Dominican Republic; Turks and Caicos Islands; Puerto Rico,2022-09-14 15:00:00+00:00,2022,2022-09-24 21:00:00+00:00,Tropical Storm (maximum wind speed of 213 km/h),48.4,-60.5,1694318078129,port1245; port211; port443; port935; port1219; port51; port1055; port1147; port122; port232; port164; port913; port414; port1025; port910; port922; port1221,17,0.0,9ccdff1760bb46af903ec5b39378a058,3331680947058.3047,13796058.932976147,213.0,0.0,Canaport (St. John),Canada,CAN,North America,45.21338638,-65.98533043,131,0,0,0,0,131,12.96,0.0,1,2,1,0,0,0,0,4.882801922586371,0.0,4.882801922586371,0.0,6.48,10.25,2022,9,555.9634497438634
1000916,port443,TC,FIONA-22,Tropical Cyclone FIONA-22,"Red Tropical Cyclone FIONA-22 in Canada, Turks and Caicos Islands, Dominican Republic, Puerto Rico from: 14 Sep 2022  to: 24 Sep 2022 .",RED,Montserrat; Canada; Antigua and Barbuda; Guadeloupe; St. Kitts and Nevis; United States; Dominican Republic; Turks and Caicos Islands; Puerto Rico,2022-09-14 15:00:00+00:00,2022,2022-09-24 21:00:00+00:00,Tropical Storm (maximum wind speed of 213 km/h),48.4,-60.5,1694318078129,port1245; port211; port443; port935; port1219; port51; port1055; port1147; port122; port232; port164; port913; port414; port1025; port910; port922; port1221,17,0.0,9ccdff1760bb46af903ec5b39378a058,3331680947058.3047,13796058.932976147,213.0,0.0,Halifax,Canada,CAN,North America,44.66623193,-63.57185138,1060,648,75,53,148,136,4.33,1.77,1,2,1,0,0,0,0,6.966967138613983,6.47543271670409,4.919980925828125,4.330733340286331,3.05,10.25,2022,9,480.184098738585
1000916,port935,TC,FIONA-22,Tropical Cyclone FIONA-22,"Red Tropical Cyclone FIONA-22 in Canada, Turks and Caicos Islands, Dominican Republic, Puerto Rico from: 14 Sep 2022  to: 24 Sep 2022 .",RED,Montserrat; Canada; Antigua and Barbuda; Guadeloupe; St. Kitts and Nevis; United States; Dominican Republic; Turks and Caicos Islands; Puerto Rico,2022-09-14 15:00:00+00:00,2022,2022-09-24 21:00:00+00:00,Tropical Storm (maximum wind speed of 213 km/h),48.4,-60.5,1694318078129,port1245; port211; port443; port935; port1219; port51; port1055; port1147; port122; port232; port164; port913; port414; port1025; port910; port922; port1221,17,0.0,9ccdff1760bb46af903ec5b39378a058,3331680947058.3047,13796058.932976147,213.0,0.0,Channel-Port aux Basques,Canada,CAN,North America,47.58178167,-59.1410866,23,0,0,1,16,6,0.01,0.0,1,2,1,0,0,0,0,3.1780538303479458,0.0,1.9459101490553132,0.0,0.005,10.25,2022,9,136.38579073643845
1000916,port1219,TC,FIONA-22,Tropical Cyclone FIONA-22,"Red Tropical Cyclone FIONA-22 in Canada, Turks and Caicos Islands, Dominican Republic, Puerto Rico from: 14 Sep 2022  to: 24 Sep 2022 .",RED,Montserrat; Canada; Antigua and Barbuda; Guadeloupe; St. Kitts and Nevis; United States; Dominican Republic; Turks and Caicos Islands; Puerto Rico,2022-09-14 15:00:00+00:00,2022,2022-09-24 21:00:00+00:00,Tropical Storm (maximum wind speed of 213 km/h),48.4,-60.5,1694318078129,port1245; port211; port443; port935; port1219; port51; port1055; port1147; port122; port232; port164; port913; port414; port1025; port910; port922; port1221,17,0.0,9ccdff1760bb46af903ec5b39378a058,3331680947058.3047,13796058.932976147,213.0,0.0,Saint John,Canada,CAN,North America,45.2723998,-66.03688907,644,152,42,15,1,434,0.92,6.71,1,2,1,0,0,0,0,6.4692503167957724,5.030437921392435,6.075346031088684,3.7612001156935624,3.815,10.25,2022,9,554.6080656471717
1000916,port51,TC,FIONA-22,Tropical Cyclone FIONA-22,"Red Tropical Cyclone FIONA-22 in Canada, Turks and Caicos Islands, Dominican Republic, Puerto Rico from: 14 Sep 2022  to: 24 Sep 2022 .",RED,Montserrat; Canada; Antigua and Barbuda; Guadeloupe; St. Kitts and Nevis; United States; Dominican Republic; Turks and Caicos Islands; Puerto Rico,2022-09-14 15:00:00+00:00,2022,2022-09-24 21:00:00+00:00,Tropical Storm (maximum wind speed of 213 km/h),48.4,-60.5,1694318078129,port1245; port211; port443; port935; port1219; port51; port1055; port1147; port122; port232; port164; port913; port414; port1025; port910; port922; port1221,17,0.0,9ccdff1760bb46af903ec5b39378a058,3331680947058.3047,13796058.932976147,213.0,0.0,Caucedo,Dominican Republic,DOM,North America,18.41885296,-69.63329978,1059,937,11,76,1,34,30.38,45.61,1,2,1,0,0,0,0,6.966024187106113,6.843749949006225,3.5553480614894135,2.4849066497880004,37.995,10.25,2022,9,3464.122531490149
1000916,port1055,TC,FIONA-22,Tropical Cyclone FIONA-22,"Red Tropical Cyclone FIONA-22 in Canada, Turks and Caicos Islands, Dominican Republic, Puerto Rico from: 14 Sep 2022  to: 24 Sep 2022 .",RED,Montserrat; Canada; Antigua and Barbuda; Guadeloupe; St. Kitts and Nevis; United States; Dominican Republic; Turks and Caicos Islands; Puerto Rico,2022-09-14 15:00:00+00:00,2022,2022-09-24 21:00:00+00:00,Tropical Storm (maximum wind speed of 213 km/h),48.4,-60.5,1694318078129,port1245; port211; port443; port935; port1219; port51; port1055; port1147; port122; port232; port164; port913; port414; port1025; port910; port922; port1221,17,0.0,9ccdff1760bb46af903ec5b39378a058,3331680947058.3047,13796058.932976147,213.0,0.0,Puerto Plata,Dominican Republic,DOM,North America,19.79999101,-70.69821992,226,52,34,136,3,1,5.13,2.45,1,2,1,0,0,0,0,5.424950017481403,3.970291913552122,0.6931471805599453,3.5553480614894135,3.79,10.25,2022,9,3348.504970459838
1000916,port1147,TC,FIONA-22,Tropical Cyclone FIONA-22,"Red Tropical Cyclone FIONA-22 in Canada, Turks and Caicos Islands, Dominican Republic, Puerto Rico from: 14 Sep 2022  to: 24 Sep 2022 .",RED,Montserrat; Canada; Antigua and Barbuda; Guadeloupe; St. Kitts and Nevis; United States; Dominican Republic; Turks and Caicos Islands; Puerto Rico,2022-09-14 15:00:00+00:00,2022,2022-09-24 21:00:00+00:00,Tropical Storm (maximum wind speed of 213 km/h),48.4,-60.5,1694318078129,port1245; port211; port443; port935; port1219; port51; port1055; port1147; port122; port232; port164; port913; port414; port1025; port910; port922; port1221,17,0.0,9ccdff1760bb46af903ec5b39378a058,3331680947058.3047,13796058.932976147,213.0,0.0,San Pedro De Macoris,Dominican Republic,DOM,North America,18.44604634,-69.31037894,273,1,13,39,0,220,14.77,22.02,1,2,1,0,0,0,0,5.6131281063880705,0.6931471805599453,5.3981627015177525,2.6390573296152584,18.395,10.25,2022,9,3451.8873019674616
1000916,port122,TC,FIONA-22,Tropical Cyclone FIONA-22,"Red Tropical Cyclone FIONA-22 in Canada, Turks and Caicos Islands, Dominican Republic, Puerto Rico from: 14 Sep 2022  to: 24 Sep 2022 .",RED,Montserrat; Canada; Antigua and Barbuda; Guadeloupe; St. Kitts and Nevis; United States; Dominican Republic; Turks and Caicos Islands; Puerto Rico,2022-09-14 15:00:00+00:00,2022,2022-09-24 21:00:00+00:00,Tropical Storm (maximum wind speed of 213 km/h),48.4,-60.5,1694318078129,port1245; port211; port443; port935; port1219; port51; port1055; port1147; port122; port232; port164; port913; port414; port1025; port910; port922; port1221,17,0.0,9ccdff1760bb46af903ec5b39378a058,3331680947058.3047,13796058.932976147,213.0,0.0,Basseterre,St.  Kitts and Nevis,KNA,North America,17.28735648,-62.70846699,267,65,0,38,79,85,87.52,69.93,1,2,1,0,0,0,0,5.5909869805108565,4.189654742026425,4.454347296253507,0.0,78.725,10.25,2022,9,3461.426415810068
1000916,port232,TC,FIONA-22,Tropical Cyclone FIONA-22,"Red Tropical Cyclone FIONA-22 in Canada, Turks and Caicos Islands, Dominican Republic, Puerto Rico from: 14 Sep 2022  to: 24 Sep 2022 .",RED,Montserrat; Canada; Antigua and Barbuda; Guadeloupe; St. Kitts and Nevis; United States; Dominican Republic; Turks and Caicos Islands; Puerto Rico,2022-09-14 15:00:00+00:00,2022,2022-09-24 21:00:00+00:00,Tropical Storm (maximum wind speed of 213 km/h),48.4,-60.5,1694318078129,port1245; port211; port443; port935; port1219; port51; port1055; port1147; port122; port232; port164; port913; port414; port1025; port910; port922; port1221,17,0.0,9ccdff1760bb46af903ec5b39378a058,3331680947058.3047,13796058.932976147,213.0,0.0,Charlestown,St.  Kitts and Nevis,KNA,North America,17.10979491,-62.6229819,109,6,0,59,44,0,12.48,30.07,1,2,1,0,0,0,0,4.700480365792417,1.9459101490553132,0.0,0.0,21.275,10.25,2022,9,3480.507396207003
1000916,port164,TC,FIONA-22,Tropical Cyclone FIONA-22,"Red Tropical Cyclone FIONA-22 in Canada, Turks and Caicos Islands, Dominican Republic, Puerto Rico from: 14 Sep 2022  to: 24 Sep 2022 .",RED,Montserrat; Canada; Antigua and Barbuda; Guadeloupe; St. Kitts and Nevis; United States; Dominican Republic; Turks and Caicos Islands; Puerto Rico,2022-09-14 15:00:00+00:00,2022,2022-09-24 21:00:00+00:00,Tropical Storm (maximum wind speed of 213 km/h),48.4,-60.5,1694318078129,port1245; port211; port443; port935; port1219; port51; port1055; port1147; port122; port232; port164; port913; port414; port1025; port910; port922; port1221,17,0.0,9ccdff1760bb46af903ec5b39378a058,3331680947058.3047,13796058.932976147,213.0,0.0,Brades,Montserrat,MSR,North America,16.80337933,-62.20515712,67,0,0,43,3,21,100.0,30.33,1,2,1,0,0,0,0,4.219507705176107,0.0,3.091042453358316,0.0,65.16499999999999,10.25,2022,9,3511.9021380881622
1000916,port913,TC,FIONA-22,Tropical Cyclone FIONA-22,"Red Tropical Cyclone FIONA-22 in Canada, Turks and Caicos Islands, Dominican Republic, Puerto Rico from: 14 Sep 2022  to: 24 Sep 2022 .",RED,Montserrat; Canada; Antigua and Barbuda; Guadeloupe; St. Kitts and Nevis; United States; Dominican Republic; Turks and Caicos Islands; Puerto Rico,2022-09-14 15:00:00+00:00,2022,2022-09-24 21:00:00+00:00,Tropical Storm (maximum wind speed of 213 km/h),48.4,-60.5,1694318078129,port1245; port211; port443; port935; port1219; port51; port1055; port1147; port122; port232; port164; port913; port414; port1025; port910; port922; port1221,17,0.0,9ccdff1760bb46af903ec5b39378a058,3331680947058.3047,13796058.932976147,213.0,0.0,Plymouth,Montserrat,MSR,North America,16.70433595,-62.22183849,10,0,0,10,0,0,0.0,69.67,1,2,1,0,0,0,0,2.3978952727983707,0.0,0.0,0.0,34.835,10.25,2022,9,3522.9779171622245
1000916,port414,TC,FIONA-22,Tropical Cyclone FIONA-22,"Red Tropical Cyclone FIONA-22 in Canada, Turks and Caicos Islands, Dominican Republic, Puerto Rico from: 14 Sep 2022  to: 24 Sep 2022 .",RED,Montserrat; Canada; Antigua and Barbuda; Guadeloupe; St. Kitts and Nevis; United States; Dominican Republic; Turks and Caicos Islands; Puerto Rico,2022-09-14 15:00:00+00:00,2022,2022-09-24 21:00:00+00:00,Tropical Storm (maximum wind speed of 213 km/h),48.4,-60.5,1694318078129,port1245; port211; port443; port935; port1219; port51; port1055; port1147; port122; port232; port164; port913; port414; port1025; port910; port922; port1221,17,0.0,9ccdff1760bb46af903ec5b39378a058,3331680947058.3047,13796058.932976147,213.0,0.0,Grand Turk,Turks and Caicos Islands,TCA,North America,21.43520362,-71.14781935,55,0,0,37,0,18,8.11,16.99,1,2,1,0,0,0,0,4.02535169073515,0.0,2.9444389791664403,0.0,12.549999999999999,10.25,2022,9,3188.8787577616213
1000916,port1025,TC,FIONA-22,Tropical Cyclone FIONA-22,"Red Tropical Cyclone FIONA-22 in Canada, Turks and Caicos Islands, Dominican Republic, Puerto Rico from: 14 Sep 2022  to: 24 Sep 2022 .",RED,Montserrat; Canada; Antigua and Barbuda; Guadeloupe; St. Kitts and Nevis; United States; Dominican Republic; Turks and Caicos Islands; Puerto Rico,2022-09-14 15:00:00+00:00,2022,2022-09-24 21:00:00+00:00,Tropical Storm (maximum wind speed of 213 km/h),48.4,-60.5,1694318078129,port1245; port211; port443; port935; port1219; port51; port1055; port1147; port122; port232; port164; port913; port414; port1025; port910; port922; port1221,17,0.0,9ccdff1760bb46af903ec5b39378a058,3331680947058.3047,13796058.932976147,213.0,0.0,Providenciales,Turks and Caicos Islands,TCA,North America,21.74055089,-72.279852,210,3,0,157,3,47,91.89,83.01,1,2,1,0,0,0,0,5.351858133476067,1.3862943611198906,3.871201010907891,0.0,87.45,10.25,2022,9,3198.7509414828064
1000916,port910,TC,FIONA-22,Tropical Cyclone FIONA-22,"Red Tropical Cyclone FIONA-22 in Canada, Turks and Caicos Islands, Dominican Republic, Puerto Rico from: 14 Sep 2022  to: 24 Sep 2022 .",RED,Montserrat; Canada; Antigua and Barbuda; Guadeloupe; St. Kitts and Nevis; United States; Dominican Republic; Turks and Caicos Islands; Puerto Rico,2022-09-14 15:00:00+00:00,2022,2022-09-24 21:00:00+00:00,Tropical Storm (maximum wind speed of 213 km/h),48.4,-60.5,1694318078129,port1245; port211; port443; port935; port1219; port51; port1055; port1147; port122; port232; port164; port913; port414; port1025; port910; port922; port1221,17,0.0,9ccdff1760bb46af903ec5b39378a058,3331680947058.3047,13796058.932976147,213.0,0.0,Guayanilla,Puerto Rico,PRI,North America,17.99604873,-66.74920125,124,0,0,17,0,107,20.1,0.0,1,2,1,0,0,0,0,4.8283137373023015,0.0,4.68213122712422,0.0,10.05,10.25,2022,9,3438.7168829108095
1000916,port922,TC,FIONA-22,Tropical Cyclone FIONA-22,"Red Tropical Cyclone FIONA-22 in Canada, Turks and Caicos Islands, Dominican Republic, Puerto Rico from: 14 Sep 2022  to: 24 Sep 2022 .",RED,Montserrat; Canada; Antigua and Barbuda; Guadeloupe; St. Kitts and Nevis; United States; Dominican Republic; Turks and Caicos Islands; Puerto Rico,2022-09-14 15:00:00+00:00,2022,2022-09-24 21:00:00+00:00,Tropical Storm (maximum wind speed of 213 km/h),48.4,-60.5,1694318078129,port1245; port211; port443; port935; port1219; port51; port1055; port1147; port122; port232; port164; port913; port414; port1025; port910; port922; port1221,17,0.0,9ccdff1760bb46af903ec5b39378a058,3331680947058.3047,13796058.932976147,213.0,0.0,Pointe A Pitre,Guadeloupe,GLP,North America,16.23054802,-61.5486927,687,183,18,113,195,178,98.21,99.73,1,2,1,0,0,0,0,6.5337888379333435,5.214935757608986,5.187385805840755,2.9444389791664403,98.97,10.25,2022,9,3572.5578602848527
1000916,port1221,TC,FIONA-22,Tropical Cyclone FIONA-22,"Red Tropical Cyclone FIONA-22 in Canada, Turks and Caicos Islands, Dominican Republic, Puerto Rico from: 14 Sep 2022  to: 24 Sep 2022 .",RED,Montserrat; Canada; Antigua and Barbuda; Guadeloupe; St. Kitts and Nevis; United States; Dominican Republic; Turks and Caicos Islands; Puerto Rico,2022-09-14 15:00:00+00:00,2022,2022-09-24 21:00:00+00:00,Tropical Storm (maximum wind speed of 213 km/h),48.4,-60.5,1694318078129,port1245; port211; port443; port935; port1219; port51; port1055; port1147; port122; port232; port164; port913; port414; port1025; port910; port922; port1221,17,0.0,9ccdff1760bb46af903ec5b39378a058,3331680947058.3047,13796058.932976147,213.0,0.0,Port of Saint John's,Antigua and Barbuda,ATG,North America,17.12392658,-61.85103052,437,56,0,137,75,169,100.0,100.0,1,2,1,0,0,0,0,6.082218910376446,4.04305126783455,5.135798437050262,0.0,100.0,10.25,2022,9,3474.6010874909766
1000922,port694,TC,NORU-22,Tropical Cyclone NORU-22,"Red Tropical Cyclone NORU-22 in Viet Nam, Laos, Philippines from: 22 Sep 2022  to: 28 Sep 2022 .",RED,Philippines; Vietnam,2022-09-22 00:00:00+00:00,2022,2022-09-28 00:00:00+00:00,Hurricane/Typhoon > 74 mph (maximum wind speed of 259 km/h),16.0,107.8,1694318122116,port694; port1232; port213; port269,4,0.0,fcb67d56baae4103ade370dd3995d8c8,543451018476.1074,5830422.225303048,259.0,0.0,Manila,Philippines,PHL,Asia & Pacific,14.59160879,120.8723998,8297,2689,1065,2553,127,1863,50.73,49.87,1,2,1,0,0,0,0,9.023769800892813,7.897296472595885,7.530479995245536,6.97166860472579,50.3,6.0,2022,9,1412.910039776376
1000922,port1232,TC,NORU-22,Tropical Cyclone NORU-22,"Red Tropical Cyclone NORU-22 in Viet Nam, Laos, Philippines from: 22 Sep 2022  to: 28 Sep 2022 .",RED,Philippines; Vietnam,2022-09-22 00:00:00+00:00,2022,2022-09-28 00:00:00+00:00,Hurricane/Typhoon > 74 mph (maximum wind speed of 259 km/h),16.0,107.8,1694318122116,port694; port1232; port213; port269,4,0.0,fcb67d56baae4103ade370dd3995d8c8,543451018476.1074,5830422.225303048,259.0,0.0,Subic Bay,Philippines,PHL,Asia & Pacific,14.80314981,120.2913574,868,316,77,177,30,268,6.43,1.1,1,2,1,0,0,0,0,6.767343125265392,5.75890177387728,5.594711379601839,4.356708826689592,3.7649999999999997,6.0,2022,9,1347.0873656446777
1000922,port213,TC,NORU-22,Tropical Cyclone NORU-22,"Red Tropical Cyclone NORU-22 in Viet Nam, Laos, Philippines from: 22 Sep 2022  to: 28 Sep 2022 .",RED,Philippines; Vietnam,2022-09-22 00:00:00+00:00,2022,2022-09-28 00:00:00+00:00,Hurricane/Typhoon > 74 mph (maximum wind speed of 259 km/h),16.0,107.8,1694318122116,port694; port1232; port213; port269,4,0.0,fcb67d56baae4103ade370dd3995d8c8,543451018476.1074,5830422.225303048,259.0,0.0,Dung Quat,Vietnam,VNM,Asia & Pacific,15.40466501,108.8018653,1657,5,355,345,2,950,9.82,8.91,1,2,1,0,0,0,0,7.4133673356952405,1.791759469228055,6.85751406254539,5.87493073085203,9.365,6.0,2022,9,125.9413552032395
1000922,port269,TC,NORU-22,Tropical Cyclone NORU-22,"Red Tropical Cyclone NORU-22 in Viet Nam, Laos, Philippines from: 22 Sep 2022  to: 28 Sep 2022 .",RED,Philippines; Vietnam,2022-09-22 00:00:00+00:00,2022,2022-09-28 00:00:00+00:00,Hurricane/Typhoon > 74 mph (maximum wind speed of 259 km/h),16.0,107.8,1694318122116,port694; port1232; port213; port269,4,0.0,fcb67d56baae4103ade370dd3995d8c8,543451018476.1074,5830422.225303048,259.0,0.0,Da Nang,Vietnam,VNM,Asia & Pacific,16.11513801,108.2296467,1549,1078,82,313,0,76,1.5,3.1,1,2,1,0,0,0,0,7.346010209913293,6.983789965258135,4.343805421853684,4.418840607796598,2.3,6.0,2022,9,47.56592363679798
1000923,port212,TC,IAN-22,Tropical Cyclone IAN-22,"Red Tropical Cyclone IAN-22 in United States, Cuba from: 23 Sep 2022  to: 02 Oct 2022 .",RED,United States; Cuba,2022-09-23 09:00:00+00:00,2022,2022-10-02 03:00:00+00:00,Tropical Depression (maximum wind speed of 250 km/h),37.3,-78.2,1694318157503,port212; port231; port513; port967; port1259; port1399; port86; port704,8,0.0,a9afc86a1a4548849cb5860689dbbad7,795550443716.9697,5660938.880496826,250.0,0.0,Canaveral Harbor,United States,USA,North America,28.41097835,-80.61594935,197,5,85,44,10,53,0.47,0.01,1,2,1,0,0,0,0,5.288267030694535,1.791759469228055,3.9889840465642745,4.454347296253507,0.24,8.75,2022,9,1014.4828417723452
1000923,port231,TC,IAN-22,Tropical Cyclone IAN-22,"Red Tropical Cyclone IAN-22 in United States, Cuba from: 23 Sep 2022  to: 02 Oct 2022 .",RED,United States; Cuba,2022-09-23 09:00:00+00:00,2022,2022-10-02 03:00:00+00:00,Tropical Depression (maximum wind speed of 250 km/h),37.3,-78.2,1694318157503,port212; port231; port513; port967; port1259; port1399; port86; port704,8,0.0,a9afc86a1a4548849cb5860689dbbad7,795550443716.9697,5660938.880496826,250.0,0.0,Charleston,United States,USA,North America,32.8992962,-79.92115799,1754,1211,90,94,204,155,2.92,1.09,1,2,1,0,0,0,0,7.470224135899966,7.10002716662926,5.049856007249537,4.51085950651685,2.005,8.75,2022,9,514.1420600738722
1000923,port513,TC,IAN-22,Tropical Cyclone IAN-22,"Red Tropical Cyclone IAN-22 in United States, Cuba from: 23 Sep 2022  to: 02 Oct 2022 .",RED,United States; Cuba,2022-09-23 09:00:00+00:00,2022,2022-10-02 03:00:00+00:00,Tropical Depression (maximum wind speed of 250 km/h),37.3,-78.2,1694318157503,port212; port231; port513; port967; port1259; port1399; port86; port704,8,0.0,a9afc86a1a4548849cb5860689dbbad7,795550443716.9697,5660938.880496826,250.0,0.0,Jacksonville,United States,USA,North America,30.3833261,-81.58303357,1322,589,87,93,387,166,1.08,0.25,1,2,1,0,0,0,0,7.187657164114956,6.380122536899765,5.117993812416755,4.477336814478207,0.665,8.75,2022,9,833.295114834014
1000923,port967,TC,IAN-22,Tropical Cyclone IAN-22,"Red Tropical Cyclone IAN-22 in United States, Cuba from: 23 Sep 2022  to: 02 Oct 2022 .",RED,United States; Cuba,2022-09-23 09:00:00+00:00,2022,2022-10-02 03:00:00+00:00,Tropical Depression (maximum wind speed of 250 km/h),37.3,-78.2,1694318157503,port212; port231; port513; port967; port1259; port1399; port86; port704,8,0.0,a9afc86a1a4548849cb5860689dbbad7,795550443716.9697,5660938.880496826,250.0,0.0,Port Manatee,United States,USA,North America,27.63344969,-82.55715768,311,130,84,48,0,49,0.46,0.02,1,2,1,0,0,0,0,5.7430031878094825,4.875197323201151,3.912023005428146,4.442651256490317,0.24000000000000002,8.75,2022,9,1155.375905007268
1000923,port1259,TC,IAN-22,Tropical Cyclone IAN-22,"Red Tropical Cyclone IAN-22 in United States, Cuba from: 23 Sep 2022  to: 02 Oct 2022 .",RED,United States; Cuba,2022-09-23 09:00:00+00:00,2022,2022-10-02 03:00:00+00:00,Tropical Depression (maximum wind speed of 250 km/h),37.3,-78.2,1694318157503,port212; port231; port513; port967; port1259; port1399; port86; port704,8,0.0,a9afc86a1a4548849cb5860689dbbad7,795550443716.9697,5660938.880496826,250.0,0.0,Tampa Port,United States,USA,North America,27.89834075,-82.41979139,930,156,285,87,12,390,1.77,0.34,1,2,1,0,0,0,0,6.836259277277067,5.056245805348308,5.968707559985366,5.655991810819852,1.055,8.75,2022,9,1122.688871261333
1000923,port1399,TC,IAN-22,Tropical Cyclone IAN-22,"Red Tropical Cyclone IAN-22 in United States, Cuba from: 23 Sep 2022  to: 02 Oct 2022 .",RED,United States; Cuba,2022-09-23 09:00:00+00:00,2022,2022-10-02 03:00:00+00:00,Tropical Depression (maximum wind speed of 250 km/h),37.3,-78.2,1694318157503,port212; port231; port513; port967; port1259; port1399; port86; port704,8,0.0,a9afc86a1a4548849cb5860689dbbad7,795550443716.9697,5660938.880496826,250.0,0.0,"Wilmington, NC",United States,USA,North America,34.20514713,-77.95014843,619,316,113,55,12,123,0.39,0.19,1,2,1,0,0,0,0,6.429719478039138,5.75890177387728,4.820281565605037,4.736198448394496,0.29000000000000004,8.75,2022,9,344.2935190606317
1000923,port86,TC,IAN-22,Tropical Cyclone IAN-22,"Red Tropical Cyclone IAN-22 in United States, Cuba from: 23 Sep 2022  to: 02 Oct 2022 .",RED,United States; Cuba,2022-09-23 09:00:00+00:00,2022,2022-10-02 03:00:00+00:00,Tropical Depression (maximum wind speed of 250 km/h),37.3,-78.2,1694318157503,port212; port231; port513; port967; port1259; port1399; port86; port704,8,0.0,a9afc86a1a4548849cb5860689dbbad7,795550443716.9697,5660938.880496826,250.0,0.0,La Habana,Cuba,CUB,North America,23.12766955,-82.33371675,212,2,81,64,8,57,21.5,4.65,1,2,1,0,0,0,0,5.3612921657094255,1.0986122886681098,4.060443010546419,4.406719247264253,13.075,8.75,2022,9,1628.738582987885
1000923,port704,TC,IAN-22,Tropical Cyclone IAN-22,"Red Tropical Cyclone IAN-22 in United States, Cuba from: 23 Sep 2022  to: 02 Oct 2022 .",RED,United States; Cuba,2022-09-23 09:00:00+00:00,2022,2022-10-02 03:00:00+00:00,Tropical Depression (maximum wind speed of 250 km/h),37.3,-78.2,1694318157503,port212; port231; port513; port967; port1259; port1399; port86; port704,8,0.0,a9afc86a1a4548849cb5860689dbbad7,795550443716.9697,5660938.880496826,250.0,0.0,Mariel,Cuba,CUB,North America,23.00539885,-82.75527869,397,187,20,132,4,54,17.28,12.93,1,2,1,0,0,0,0,5.986452005284438,5.236441962829949,4.007333185232471,3.044522437723423,15.105,8.75,2022,9,1653.552711732488
1101659,port205,FL,Flood in Nigeria,Flood in Nigeria,Red Flood in Nigeria from: 10 Sep 2022 01 to: 26 Oct 2022 01.,RED,Nigeria,2022-09-10 01:00:00+00:00,2022,2022-10-26 01:00:00+00:00,,4.762979,6.028898,1694318293002,port205; port587; port1165; port1383,4,0.0,9a4da61ebdd844f7a73d21254b8224ff,48581411140.71811,1903249.6982656445,0.0,0.0,Calabar,Nigeria,NGA,Africa,5.007882924,8.325139169,144,0,38,12,2,92,0.73,1.72,1,2,0,1,0,0,0,4.976733742420574,0.0,4.532599493153256,3.6635616461296463,1.225,46.0,2022,9,255.36087648798565
1101659,port587,FL,Flood in Nigeria,Flood in Nigeria,Red Flood in Nigeria from: 10 Sep 2022 01 to: 26 Oct 2022 01.,RED,Nigeria,2022-09-10 01:00:00+00:00,2022,2022-10-26 01:00:00+00:00,,4.762979,6.028898,1694318293002,port205; port587; port1165; port1383,4,0.0,9a4da61ebdd844f7a73d21254b8224ff,48581411140.71811,1903249.6982656445,0.0,0.0,Koko,Nigeria,NGA,Africa,5.999492393,5.460395648,141,0,6,28,0,107,0.59,0.1,1,2,0,1,0,0,0,4.955827057601261,0.0,4.68213122712422,1.9459101490553132,0.345,46.0,2022,9,150.92039385383262
1101659,port1165,FL,Flood in Nigeria,Flood in Nigeria,Red Flood in Nigeria from: 10 Sep 2022 01 to: 26 Oct 2022 01.,RED,Nigeria,2022-09-10 01:00:00+00:00,2022,2022-10-26 01:00:00+00:00,,4.762979,6.028898,1694318293002,port205; port587; port1165; port1383,4,0.0,9a4da61ebdd844f7a73d21254b8224ff,48581411140.71811,1903249.6982656445,0.0,0.0,Sapele,Nigeria,NGA,Africa,5.921430709,5.647356031,127,0,8,0,0,119,0.67,0.02,1,2,0,1,0,0,0,4.852030263919617,0.0,4.787491742782046,2.1972245773362196,0.34500000000000003,46.0,2022,9,135.3123827333068
1101659,port1383,FL,Flood in Nigeria,Flood in Nigeria,Red Flood in Nigeria from: 10 Sep 2022 01 to: 26 Oct 2022 01.,RED,Nigeria,2022-09-10 01:00:00+00:00,2022,2022-10-26 01:00:00+00:00,,4.762979,6.028898,1694318293002,port205; port587; port1165; port1383,4,0.0,9a4da61ebdd844f7a73d21254b8224ff,48581411140.71811,1903249.6982656445,0.0,0.0,Warri,Nigeria,NGA,Africa,5.516631504,5.721271738,249,1,25,17,0,206,0.98,0.16,1,2,0,1,0,0,0,5.521460917862246,0.6931471805599453,5.332718793265369,3.258096538021482,0.57,46.0,2022,9,90.2963965523865
1347183,port514,EQ,Earthquake in Indonesia,Earthquake in Indonesia,Red M 5.6 Earthquake in Indonesia at: 21 Nov 2022 06:21:10.,RED,Indonesia,2022-11-21 06:21:10+00:00,2022,2022-11-21 06:21:10+00:00,"Magnitude 5.6M, Depth:10km",-6.8531,107.0946,1694318361325,port514; port894,2,0.0,87c03fd3cd7e4fbeb866673caea8815a,32048571438.088867,634691.4947898124,0.0,5.6,Tanjung Priok,Indonesia,IDN,Asia & Pacific,-6.100544627,106.9054876,9315,4257,590,2380,727,1361,13.66,2.48,1,2,0,0,1,0,0,9.139488631004232,8.356554845453426,7.216709486709457,6.3818160174060985,8.07,0.0,2022,11,86.10189036239275
1347183,port894,EQ,Earthquake in Indonesia,Earthquake in Indonesia,Red M 5.6 Earthquake in Indonesia at: 21 Nov 2022 06:21:10.,RED,Indonesia,2022-11-21 06:21:10+00:00,2022,2022-11-21 06:21:10+00:00,"Magnitude 5.6M, Depth:10km",-6.8531,107.0946,1694318361325,port514; port894,2,0.0,87c03fd3cd7e4fbeb866673caea8815a,32048571438.088867,634691.4947898124,0.0,5.6,PelabuhanRatuCoalPowerPlant,Indonesia,IDN,Asia & Pacific,-6.953376613,106.2464415,202,0,119,83,0,0,0.22,0.02,1,2,0,0,1,0,0,5.313205979041787,0.0,0.0,4.787491742782046,0.12,0.0,2022,11,94.11367686474726
1357372,port286,EQ,Earthquake in Türkiye,Earthquake in Türkiye,Red M 7.8 Earthquake in Türkiye at: 06 Feb 2023 01:17:35.,RED,Türkiye,2023-02-06 01:17:35+00:00,2023,2023-02-06 01:17:35+00:00,"Magnitude 7.8M, Depth:17.925km",37.1736,37.032,1694318563269,port286; port503; port1313; port1406,4,0.0,aa65d7e49ec94b9da3fad7da752a4e1a,49758852592.89258,790857.7798878492,0.0,7.8,Delta Terminal,Türkiye,TUR,Europe,36.86084344,36.15048769,313,0,0,0,0,313,1.44,1.51,1,2,0,0,1,0,0,5.749392985908253,0.0,5.749392985908253,0.0,1.475,0.0,2023,2,85.63960940663998
1357372,port503,EQ,Earthquake in Türkiye,Earthquake in Türkiye,Red M 7.8 Earthquake in Türkiye at: 06 Feb 2023 01:17:35.,RED,Türkiye,2023-02-06 01:17:35+00:00,2023,2023-02-06 01:17:35+00:00,"Magnitude 7.8M, Depth:17.925km",37.1736,37.032,1694318563269,port286; port503; port1313; port1406,4,0.0,aa65d7e49ec94b9da3fad7da752a4e1a,49758852592.89258,790857.7798878492,0.0,7.8,Iskenderun,Türkiye,TUR,Europe,36.60077591,36.19312026,1113,558,67,342,35,111,1.37,0.94,1,2,0,0,1,0,0,7.01571242048723,6.326149473155099,4.718498871295094,4.219507705176107,1.155,0.0,2023,2,98.13784508486079
1357372,port1313,EQ,Earthquake in Türkiye,Earthquake in Türkiye,Red M 7.8 Earthquake in Türkiye at: 06 Feb 2023 01:17:35.,RED,Türkiye,2023-02-06 01:17:35+00:00,2023,2023-02-06 01:17:35+00:00,"Magnitude 7.8M, Depth:17.925km",37.1736,37.032,1694318563269,port286; port503; port1313; port1406,4,0.0,aa65d7e49ec94b9da3fad7da752a4e1a,49758852592.89258,790857.7798878492,0.0,7.8,Toros Gubre,Türkiye,TUR,Europe,36.92590404,35.99101068,370,3,134,85,0,148,1.52,0.88,1,2,0,0,1,0,0,5.916202062607435,1.3862943611198906,5.003946305945459,4.90527477843843,1.2,0.0,2023,2,96.37700572114527
1357372,port1406,EQ,Earthquake in Türkiye,Earthquake in Türkiye,Red M 7.8 Earthquake in Türkiye at: 06 Feb 2023 01:17:35.,RED,Türkiye,2023-02-06 01:17:35+00:00,2023,2023-02-06 01:17:35+00:00,"Magnitude 7.8M, Depth:17.925km",37.1736,37.032,1694318563269,port286; port503; port1313; port1406,4,0.0,aa65d7e49ec94b9da3fad7da752a4e1a,49758852592.89258,790857.7798878492,0.0,7.8,Yakacik,Türkiye,TUR,Europe,36.71363081,36.20476888,2707,285,929,1442,25,26,11.74,5.85,1,2,0,0,1,0,0,7.903965634032166,5.655991810819852,3.295836866004329,6.835184586147301,8.795,0.0,2023,2,89.58196433117372
1000965,port980,TC,JUDY-23,Tropical Cyclone JUDY-23,Red Tropical Cyclone JUDY-23 in Vanuatu from: 27 Feb 2023  to: 03 Mar 2023 .,RED,Vanuatu,2023-02-27 00:00:00+00:00,2023,2023-03-03 06:00:00+00:00,Tropical Storm (maximum wind speed of 204 km/h),-26.1,179.8,1694318783857,port980,1,0.0,9ae35fc3f5a348728400cdc46c18c6b1,899703064607.4922,7567782.065470555,204.0,0.0,Port Vila,Vanuatu,VUT,Asia & Pacific,-17.75583988,168.3019318,122,61,0,39,0,22,72.59,70.2,1,2,1,0,0,0,0,4.812184355372417,4.127134385045092,3.1354942159291497,0.0,71.39500000000001,4.25,2023,2,1528.157088904426
1000966,port669,TC,KEVIN-23,Tropical Cyclone KEVIN-23,Red Tropical Cyclone KEVIN-23 in Vanuatu from: 01 Mar 2023  to: 05 Mar 2023 .,RED,Vanuatu,2023-03-01 18:00:00+00:00,2023,2023-03-05 12:00:00+00:00,Tropical Storm (maximum wind speed of 250 km/h),-27.2,-174.5,1694318806140,port669; port980,2,0.0,7f9e5a20e835400cb291e476b12c6daa,1545193755526.627,9525874.305372307,250.0,0.0,Luganville,Vanuatu,VUT,Asia & Pacific,-15.51471654,167.1900857,65,28,0,32,0,5,27.41,29.8,1,2,1,0,0,0,0,4.189654742026425,3.367295829986474,1.791759469228055,0.0,28.605,3.75,2023,3,36568.59565350296
1000966,port980,TC,KEVIN-23,Tropical Cyclone KEVIN-23,Red Tropical Cyclone KEVIN-23 in Vanuatu from: 01 Mar 2023  to: 05 Mar 2023 .,RED,Vanuatu,2023-03-01 18:00:00+00:00,2023,2023-03-05 12:00:00+00:00,Tropical Storm (maximum wind speed of 250 km/h),-27.2,-174.5,1694318806140,port669; port980,2,0.0,7f9e5a20e835400cb291e476b12c6daa,1545193755526.627,9525874.305372307,250.0,0.0,Port Vila,Vanuatu,VUT,Asia & Pacific,-17.75583988,168.3019318,122,61,0,39,0,22,72.59,70.2,1,2,1,0,0,0,0,4.812184355372417,4.127134385045092,3.1354942159291497,0.0,71.39500000000001,3.75,2023,3,36253.60316423608
1365556,port426,EQ,Earthquake in Ecuador,Earthquake in Ecuador,Red M 6.8 Earthquake in Ecuador at: 18 Mar 2023 17:12:53.,RED,Ecuador,2023-03-18 17:12:53+00:00,2023,2023-03-18 17:12:53+00:00,"Magnitude 6.8M, Depth:66.421km",-2.8273,-79.8628,1694318875928,port426; port1028,2,0.0,ef13e43c3ddc4b3498c190570259f5b7,31671258732.4856,630947.1176096611,0.0,6.8,Guayaquil,Ecuador,ECU,South America,-2.261145668,-79.91891512,1895,948,270,128,0,549,69.34,56.55,1,2,0,0,1,0,0,7.547501682814967,6.855408798609928,6.309918278226516,5.602118820879701,62.945,0.0,2023,3,63.15058496069466
1365556,port1028,EQ,Earthquake in Ecuador,Earthquake in Ecuador,Red M 6.8 Earthquake in Ecuador at: 18 Mar 2023 17:12:53.,RED,Ecuador,2023-03-18 17:12:53+00:00,2023,2023-03-18 17:12:53+00:00,"Magnitude 6.8M, Depth:66.421km",-2.8273,-79.8628,1694318875928,port426; port1028,2,0.0,ef13e43c3ddc4b3498c190570259f5b7,31671258732.4856,630947.1176096611,0.0,6.8,Puerto Bolivar,Ecuador,ECU,South America,-3.259294792,-79.99877388,224,206,5,8,0,5,1.54,14.24,1,2,0,0,1,0,0,5.41610040220442,5.332718793265369,1.791759469228055,1.791759469228055,7.890000000000001,0.0,2023,3,50.26334838693505
1000970,port961,TC,MOCHA-23,Tropical Cyclone MOCHA-23,Red Tropical Cyclone MOCHA-23 in Myanmar from: 11 May 2023  to: 14 May 2023 .,RED,Myanmar,2023-05-11 00:00:00+00:00,2023,2023-05-14 12:00:00+00:00,Hurricane/Typhoon > 74 mph (maximum wind speed of 259 km/h),20.8,93.1,1694319041758,port961,1,0.0,14fa1161bedc426888263e54f9c2e255,477790409195.9639,4284932.731565202,259.0,0.0,Kyaukpyu,Myanmar,MMR,Asia & Pacific,19.36256828,93.68246844,11,0,0,0,0,11,18.78,0.0,1,2,1,0,0,0,0,2.4849066497880004,0.0,2.4849066497880004,0.0,9.39,3.5,2023,5,170.81692797756077
1000972,port61,TC,MAWAR-23,Tropical Cyclone MAWAR-23,Red Tropical Cyclone MAWAR-23 in Guam from: 20 May 2023  to: 03 Jun 2023 .,RED,Guam; Northern Mariana Islands,2023-05-20 00:00:00+00:00,2023,2023-06-03 00:00:00+00:00,Tropical Storm (maximum wind speed of 296 km/h),30.7,138.1,1694319152977,port61; port1113,2,0.0,fe349de1f71843cca826c88a9a5396c0,1696969700479.611,9505783.434634589,296.0,0.0,Apra Harbor,Guam,GUM,Asia & Pacific,13.4602817,144.6753643,311,146,12,54,27,72,100.0,100.0,1,2,1,0,0,0,0,5.7430031878094825,4.990432586778736,4.290459441148391,2.5649493574615367,100.0,14.0,2023,5,2041.0141468399718
1000972,port1113,TC,MAWAR-23,Tropical Cyclone MAWAR-23,Red Tropical Cyclone MAWAR-23 in Guam from: 20 May 2023  to: 03 Jun 2023 .,RED,Guam; Northern Mariana Islands,2023-05-20 00:00:00+00:00,2023,2023-06-03 00:00:00+00:00,Tropical Storm (maximum wind speed of 296 km/h),30.7,138.1,1694319152977,port61; port1113,2,0.0,fe349de1f71843cca826c88a9a5396c0,1696969700479.611,9505783.434634589,296.0,0.0,Rota,Northern Mariana Islands,MNP,Asia & Pacific,14.13525179,145.1338618,16,0,0,9,0,7,4.56,3.88,1,2,1,0,0,0,0,2.833213344056216,0.0,2.0794415416798357,0.0,4.22,14.0,2023,5,1988.4664843864282
1000985,port370,TC,DOKSURI-23,Tropical Cyclone DOKSURI-23,"Red Tropical Cyclone DOKSURI-23 in China, Philippines from: 21 Jul 2023  to: 28 Jul 2023 .",RED,China; Taiwan Province of China,2023-07-21 12:00:00+00:00,2023,2023-07-28 06:00:00+00:00,Hurricane/Typhoon > 74 mph (maximum wind speed of 241 km/h),25.7,118.4,1694319313120,port370; port1074; port1192; port1404; port1405; port541,6,0.0,b540df4fc6a5421bb2da4ed0f0a690c4,928424469375.0684,5417913.710063252,241.0,0.0,Fuzhou,China,CHN,Asia & Pacific,25.77760491,119.4743241,2718,1071,457,376,9,805,0.33,0.37,1,2,1,0,0,0,0,7.908019444632471,6.977281341630747,6.692083742506628,6.126869184114185,0.35,6.75,2023,7,107.72822307818093
1000985,port1074,TC,DOKSURI-23,Tropical Cyclone DOKSURI-23,"Red Tropical Cyclone DOKSURI-23 in China, Philippines from: 21 Jul 2023  to: 28 Jul 2023 .",RED,China; Taiwan Province of China,2023-07-21 12:00:00+00:00,2023,2023-07-28 06:00:00+00:00,Hurricane/Typhoon > 74 mph (maximum wind speed of 241 km/h),25.7,118.4,1694319313120,port370; port1074; port1192; port1404; port1405; port541,6,0.0,b540df4fc6a5421bb2da4ed0f0a690c4,928424469375.0684,5417913.710063252,241.0,0.0,Quanzhou,China,CHN,Asia & Pacific,24.84610329,118.7030793,710,342,62,274,1,31,0.08,0.03,1,2,1,0,0,0,0,6.566672429803241,5.8377304471659395,3.4657359027997265,4.143134726391533,0.055,6.75,2023,7,99.57751729195078
1000985,port1192,TC,DOKSURI-23,Tropical Cyclone DOKSURI-23,"Red Tropical Cyclone DOKSURI-23 in China, Philippines from: 21 Jul 2023  to: 28 Jul 2023 .",RED,China; Taiwan Province of China,2023-07-21 12:00:00+00:00,2023,2023-07-28 06:00:00+00:00,Hurricane/Typhoon > 74 mph (maximum wind speed of 241 km/h),25.7,118.4,1694319313120,port370; port1074; port1192; port1404; port1405; port541,6,0.0,b540df4fc6a5421bb2da4ed0f0a690c4,928424469375.0684,5417913.710063252,241.0,0.0,Shijing Longxiang,China,CHN,Asia & Pacific,24.6609656,118.4382757,185,2,12,58,0,113,0.01,0.0,1,2,1,0,0,0,0,5.225746673713202,1.0986122886681098,4.736198448394496,2.5649493574615367,0.005,6.75,2023,7,115.39743101505573
1000985,port1404,TC,DOKSURI-23,Tropical Cyclone DOKSURI-23,"Red Tropical Cyclone DOKSURI-23 in China, Philippines from: 21 Jul 2023  to: 28 Jul 2023 .",RED,China; Taiwan Province of China,2023-07-21 12:00:00+00:00,2023,2023-07-28 06:00:00+00:00,Hurricane/Typhoon > 74 mph (maximum wind speed of 241 km/h),25.7,118.4,1694319313120,port370; port1074; port1192; port1404; port1405; port541,6,0.0,b540df4fc6a5421bb2da4ed0f0a690c4,928424469375.0684,5417913.710063252,241.0,0.0,Xiamen,China,CHN,Asia & Pacific,24.46593394,118.0205536,7761,5339,901,954,55,512,2.56,3.43,1,2,1,0,0,0,0,8.956995311928852,8.582980931954241,6.240275845170769,6.804614520062624,2.995,6.75,2023,7,142.2447978716206
1000985,port1405,TC,DOKSURI-23,Tropical Cyclone DOKSURI-23,"Red Tropical Cyclone DOKSURI-23 in China, Philippines from: 21 Jul 2023  to: 28 Jul 2023 .",RED,China; Taiwan Province of China,2023-07-21 12:00:00+00:00,2023,2023-07-28 06:00:00+00:00,Hurricane/Typhoon > 74 mph (maximum wind speed of 241 km/h),25.7,118.4,1694319313120,port370; port1074; port1192; port1404; port1405; port541,6,0.0,b540df4fc6a5421bb2da4ed0f0a690c4,928424469375.0684,5417913.710063252,241.0,0.0,Xiuyu,China,CHN,Asia & Pacific,25.16527891,118.9870449,2353,4,827,154,0,1368,1.3,0.54,1,2,1,0,0,0,0,7.763871287820222,1.6094379124341003,7.221835825288449,6.71901315438526,0.92,6.75,2023,7,83.6731965956949
1000985,port541,TC,DOKSURI-23,Tropical Cyclone DOKSURI-23,"Red Tropical Cyclone DOKSURI-23 in China, Philippines from: 21 Jul 2023  to: 28 Jul 2023 .",RED,China; Taiwan Province of China,2023-07-21 12:00:00+00:00,2023,2023-07-28 06:00:00+00:00,Hurricane/Typhoon > 74 mph (maximum wind speed of 241 km/h),25.7,118.4,1694319313120,port370; port1074; port1192; port1404; port1405; port541,6,0.0,b540df4fc6a5421bb2da4ed0f0a690c4,928424469375.0684,5417913.710063252,241.0,0.0,Kaohsiung,Taiwan Province of China,TWN,Asia & Pacific,22.5615278,120.3226847,13044,7471,1676,1680,72,2145,48.22,64.92,1,2,1,0,0,0,0,9.47616019757083,8.918917979908679,7.671360923190644,7.424761761823209,56.57,6.75,2023,7,400.25532702491097
1000999,port423,TC,SAOLA-23,Tropical Cyclone SAOLA-23,"Red Tropical Cyclone SAOLA-23 in China, Philippines from: 23 Aug 2023  to: 03 Sep 2023 .",RED,Hong Kong Special Administrative Region; China; Macao Special Administrative Region,2023-08-23 18:00:00+00:00,2023,2023-09-03 12:00:00+00:00,Tropical Depression (maximum wind speed of 250 km/h),20.7,109.0,1698455547761,port423; port425; port436; port484; port1189; port1196; port1414; port474; port674,9,0.0,1da448d78c3c4c11bc85b5c96692e090,453017205092.41016,4360517.904701316,250.0,0.0,Guangdong Yangjiang Port,China,CHN,Asia & Pacific,21.69554902,111.8415794,576,2,387,72,0,115,0.33,0.06,1,2,1,0,0,0,0,6.3578422665081,1.0986122886681098,4.7535901911063645,5.961005339623274,0.195,10.75,2023,8,313.2133210710079
1000999,port425,TC,SAOLA-23,Tropical Cyclone SAOLA-23,"Red Tropical Cyclone SAOLA-23 in China, Philippines from: 23 Aug 2023  to: 03 Sep 2023 .",RED,Hong Kong Special Administrative Region; China; Macao Special Administrative Region,2023-08-23 18:00:00+00:00,2023,2023-09-03 12:00:00+00:00,Tropical Depression (maximum wind speed of 250 km/h),20.7,109.0,1698455547761,port423; port425; port436; port484; port1189; port1196; port1414; port474; port674,9,0.0,1da448d78c3c4c11bc85b5c96692e090,453017205092.41016,4360517.904701316,250.0,0.0,Guangzhou (Nansha),China,CHN,Asia & Pacific,23.02754052,113.4836,9654,5528,656,961,607,1902,4.53,6.35,1,2,1,0,0,0,0,9.175231194862615,8.617762246337932,7.551186867296149,6.48768401848461,5.4399999999999995,10.75,2023,8,525.8644056506085
1000999,port436,TC,SAOLA-23,Tropical Cyclone SAOLA-23,"Red Tropical Cyclone SAOLA-23 in China, Philippines from: 23 Aug 2023  to: 03 Sep 2023 .",RED,Hong Kong Special Administrative Region; China; Macao Special Administrative Region,2023-08-23 18:00:00+00:00,2023,2023-09-03 12:00:00+00:00,Tropical Depression (maximum wind speed of 250 km/h),20.7,109.0,1698455547761,port423; port425; port436; port484; port1189; port1196; port1414; port474; port674,9,0.0,1da448d78c3c4c11bc85b5c96692e090,453017205092.41016,4360517.904701316,250.0,0.0,Haifeng power,China,CHN,Asia & Pacific,22.75341512,115.0438556,77,0,64,1,12,0,0.09,0.0,1,2,1,0,0,0,0,4.356708826689592,0.0,0.0,4.174387269895637,0.045,10.75,2023,8,659.3113099355976
1000999,port484,TC,SAOLA-23,Tropical Cyclone SAOLA-23,"Red Tropical Cyclone SAOLA-23 in China, Philippines from: 23 Aug 2023  to: 03 Sep 2023 .",RED,Hong Kong Special Administrative Region; China; Macao Special Administrative Region,2023-08-23 18:00:00+00:00,2023,2023-09-03 12:00:00+00:00,Tropical Depression (maximum wind speed of 250 km/h),20.7,109.0,1698455547761,port423; port425; port436; port484; port1189; port1196; port1414; port474; port674,9,0.0,1da448d78c3c4c11bc85b5c96692e090,453017205092.41016,4360517.904701316,250.0,0.0,Huizhou,China,CHN,Asia & Pacific,22.73482063,114.5982287,1858,29,181,55,0,1593,0.25,0.19,1,2,1,0,0,0,0,7.527793987721444,3.4011973816621555,7.374001859350161,5.204006687076795,0.22,10.75,2023,8,616.023036148136
1000999,port1189,TC,SAOLA-23,Tropical Cyclone SAOLA-23,"Red Tropical Cyclone SAOLA-23 in China, Philippines from: 23 Aug 2023  to: 03 Sep 2023 .",RED,Hong Kong Special Administrative Region; China; Macao Special Administrative Region,2023-08-23 18:00:00+00:00,2023,2023-09-03 12:00:00+00:00,Tropical Depression (maximum wind speed of 250 km/h),20.7,109.0,1698455547761,port423; port425; port436; port484; port1189; port1196; port1414; port474; port674,9,0.0,1da448d78c3c4c11bc85b5c96692e090,453017205092.41016,4360517.904701316,250.0,0.0,Shekou (Shenzhen),China,CHN,Asia & Pacific,22.58146762,113.8103377,3509,3236,72,129,0,72,0.18,7.69,1,2,1,0,0,0,0,8.163371316459912,8.082402253926244,4.290459441148391,4.290459441148391,3.935,10.75,2023,8,535.4216164497356
1000999,port1196,TC,SAOLA-23,Tropical Cyclone SAOLA-23,"Red Tropical Cyclone SAOLA-23 in China, Philippines from: 23 Aug 2023  to: 03 Sep 2023 .",RED,Hong Kong Special Administrative Region; China; Macao Special Administrative Region,2023-08-23 18:00:00+00:00,2023,2023-09-03 12:00:00+00:00,Tropical Depression (maximum wind speed of 250 km/h),20.7,109.0,1698455547761,port423; port425; port436; port484; port1189; port1196; port1414; port474; port674,9,0.0,1da448d78c3c4c11bc85b5c96692e090,453017205092.41016,4360517.904701316,250.0,0.0,Shui Dong,China,CHN,Asia & Pacific,21.47648316,111.0730326,623,0,42,14,0,567,0.02,0.05,1,2,1,0,0,0,0,6.436150368369428,0.0,6.342121418721152,3.7612001156935624,0.035,10.75,2023,8,230.82512776064735
1000999,port1414,TC,SAOLA-23,Tropical Cyclone SAOLA-23,"Red Tropical Cyclone SAOLA-23 in China, Philippines from: 23 Aug 2023  to: 03 Sep 2023 .",RED,Hong Kong Special Administrative Region; China; Macao Special Administrative Region,2023-08-23 18:00:00+00:00,2023,2023-09-03 12:00:00+00:00,Tropical Depression (maximum wind speed of 250 km/h),20.7,109.0,1698455547761,port423; port425; port436; port484; port1189; port1196; port1414; port474; port674,9,0.0,1da448d78c3c4c11bc85b5c96692e090,453017205092.41016,4360517.904701316,250.0,0.0,Yantian,China,CHN,Asia & Pacific,22.58487742,114.2935158,3421,3156,4,40,0,221,0.2,1.21,1,2,1,0,0,0,0,8.137980454452139,8.057377488557991,5.402677381872279,1.6094379124341003,0.705,10.75,2023,8,581.4646915194835
1000999,port474,TC,SAOLA-23,Tropical Cyclone SAOLA-23,"Red Tropical Cyclone SAOLA-23 in China, Philippines from: 23 Aug 2023  to: 03 Sep 2023 .",RED,Hong Kong Special Administrative Region; China; Macao Special Administrative Region,2023-08-23 18:00:00+00:00,2023,2023-09-03 12:00:00+00:00,Tropical Depression (maximum wind speed of 250 km/h),20.7,109.0,1698455547761,port423; port425; port436; port484; port1189; port1196; port1414; port474; port674,9,0.0,1da448d78c3c4c11bc85b5c96692e090,453017205092.41016,4360517.904701316,250.0,0.0,Hong Kong,Hong Kong SAR,HKG,Asia & Pacific,22.33510926,114.0966519,16306,13076,398,696,210,1926,100.0,100.0,1,2,1,0,0,0,0,9.699349742461278,9.478610240906502,7.563719668414366,5.988961416889864,100.0,10.75,2023,8,553.8674650765531
1000999,port674,TC,SAOLA-23,Tropical Cyclone SAOLA-23,"Red Tropical Cyclone SAOLA-23 in China, Philippines from: 23 Aug 2023  to: 03 Sep 2023 .",RED,Hong Kong Special Administrative Region; China; Macao Special Administrative Region,2023-08-23 18:00:00+00:00,2023,2023-09-03 12:00:00+00:00,Tropical Depression (maximum wind speed of 250 km/h),20.7,109.0,1698455547761,port423; port425; port436; port484; port1189; port1196; port1414; port474; port674,9,0.0,1da448d78c3c4c11bc85b5c96692e090,453017205092.41016,4360517.904701316,250.0,0.0,Macau,Macao SAR,MAC,Asia & Pacific,22.15538395,113.5578462,314,66,29,62,0,157,100.0,100.0,1,2,1,0,0,0,0,5.752572638825633,4.204692619390966,5.062595033026967,3.4011973816621555,100.0,10.75,2023,8,495.6326721765481
1001002,port1192,TC,HAIKUI-23,Tropical Cyclone HAIKUI-23,Red Tropical Cyclone HAIKUI-23 in China from: 28 Aug 2023  to: 04 Sep 2023 .,RED,China; Taiwan Province of China,2023-08-28 12:00:00+00:00,2023,2023-09-04 18:00:00+00:00,Tropical Depression (maximum wind speed of 194 km/h),23.7,117.3,1698455547761,port1192; port1404; port541; port681,4,0.0,83cbe0ec2d85422ab03cbb25f151b70d,485380883238.77344,5280102.282037299,194.0,0.0,Shijing Longxiang,China,CHN,Asia & Pacific,24.6609656,118.4382757,185,2,12,58,0,113,0.01,0.0,1,2,1,0,0,0,0,5.225746673713202,1.0986122886681098,4.736198448394496,2.5649493574615367,0.005,7.25,2023,8,156.72458366278366
1001002,port1404,TC,HAIKUI-23,Tropical Cyclone HAIKUI-23,Red Tropical Cyclone HAIKUI-23 in China from: 28 Aug 2023  to: 04 Sep 2023 .,RED,China; Taiwan Province of China,2023-08-28 12:00:00+00:00,2023,2023-09-04 18:00:00+00:00,Tropical Depression (maximum wind speed of 194 km/h),23.7,117.3,1698455547761,port1192; port1404; port541; port681,4,0.0,83cbe0ec2d85422ab03cbb25f151b70d,485380883238.77344,5280102.282037299,194.0,0.0,Xiamen,China,CHN,Asia & Pacific,24.46593394,118.0205536,7761,5339,901,954,55,512,2.56,3.43,1,2,1,0,0,0,0,8.956995311928852,8.582980931954241,6.240275845170769,6.804614520062624,2.995,7.25,2023,8,111.92843403687907
1001002,port541,TC,HAIKUI-23,Tropical Cyclone HAIKUI-23,Red Tropical Cyclone HAIKUI-23 in China from: 28 Aug 2023  to: 04 Sep 2023 .,RED,China; Taiwan Province of China,2023-08-28 12:00:00+00:00,2023,2023-09-04 18:00:00+00:00,Tropical Depression (maximum wind speed of 194 km/h),23.7,117.3,1698455547761,port1192; port1404; port541; port681,4,0.0,83cbe0ec2d85422ab03cbb25f151b70d,485380883238.77344,5280102.282037299,194.0,0.0,Kaohsiung,Taiwan Province of China,TWN,Asia & Pacific,22.5615278,120.3226847,13044,7471,1676,1680,72,2145,48.22,64.92,1,2,1,0,0,0,0,9.47616019757083,8.918917979908679,7.671360923190644,7.424761761823209,56.57,7.25,2023,8,334.6197889876486
1001002,port681,TC,HAIKUI-23,Tropical Cyclone HAIKUI-23,Red Tropical Cyclone HAIKUI-23 in China from: 28 Aug 2023  to: 04 Sep 2023 .,RED,China; Taiwan Province of China,2023-08-28 12:00:00+00:00,2023,2023-09-04 18:00:00+00:00,Tropical Depression (maximum wind speed of 194 km/h),23.7,117.3,1698455547761,port1192; port1404; port541; port681,4,0.0,83cbe0ec2d85422ab03cbb25f151b70d,485380883238.77344,5280102.282037299,194.0,0.0,Mailiao,Taiwan Province of China,TWN,Asia & Pacific,23.79148547,120.1959404,1194,0,130,55,0,1009,10.88,8.13,1,2,1,0,0,0,0,7.085901464365611,0.0,6.917705609835305,4.875197323201151,9.505,7.25,2023,8,294.30774177879607
1001027,port669,TC,LOLA-23,Tropical Cyclone LOLA-23,"Red Tropical Cyclone LOLA-23 in Vanuatu, Solomon Islands from: 21 Oct 2023  to: 26 Oct 2023 .",RED,Vanuatu,2023-10-21 18:00:00+00:00,2023,2023-10-26 00:00:00+00:00,Tropical Depression (maximum wind speed of 222 km/h),-17.5,165.6,1698455547761,port669,1,0.0,cbc6d099a6e94f3e81a235627b040e2c,210094812873.85745,2572664.852082143,222.0,0.0,Luganville,Vanuatu,VUT,Asia & Pacific,-15.51471654,167.1900857,65,28,0,32,0,5,27.41,29.8,1,2,1,0,0,0,0,4.189654742026425,3.367295829986474,1.791759469228055,0.0,28.605,4.25,2023,10,278.36049638169095
1001028,port7,TC,OTIS-23,Tropical Cyclone OTIS-23,Red Tropical Cyclone OTIS-23 in Mexico from: 22 Oct 2023  to: 25 Oct 2023 .,RED,Mexico,2023-10-22 15:00:00+00:00,2023,2023-10-25 21:00:00+00:00,Tropical Depression (maximum wind speed of 259 km/h),19.1,-100.8,1698455547761,port7,1,0.0,b2af87430d8340f29465e5075633c14a,83209950822.40918,1505916.18134488,259.0,0.0,Acapulco,Mexico,MEX,North America,16.84281811,-99.8724081,90,0,1,1,8,80,0.32,0.01,1,2,1,0,0,0,0,4.51085950651685,0.0,4.394449154672439,0.6931471805599453,0.165,3.25,2023,10,269.230747461287
1001029,port241,TC,HAMOON-23,Tropical Cyclone HAMOON-23,"Red Tropical Cyclone HAMOON-23 in Bangladesh, India, Myanmar from: 23 Oct 2023  to: 24 Oct 2023 .",RED,Bangladesh,2023-10-23 06:00:00+00:00,2023,2023-10-24 18:00:00+00:00,Hurricane/Typhoon > 74 mph (maximum wind speed of 148 km/h),21.6,92.1,1698455547761,port241,1,0.0,143c6b04e7914c1dad1d2532a0d69438,120544698041.00977,1815860.986469032,148.0,0.0,Chittagong,Bangladesh,BGD,Asia & Pacific,22.2812458,91.81385427,2330,1239,311,315,25,440,90.59,82.72,1,2,1,0,0,0,0,7.754052639035757,7.122866658599083,6.089044875446846,5.7430031878094825,86.655,1.5,2023,10,81.12911459149856
1001024,port905,TC,NORMA-23,Tropical Cyclone NORMA-23,Red Tropical Cyclone NORMA-23 in Mexico from: 17 Oct 2023  to: 23 Oct 2023 .,RED,Mexico,2023-10-17 21:00:00+00:00,2023,2023-10-23 15:00:00+00:00,Tropical Depression (maximum wind speed of 213 km/h),24.9,-107.7,1698455547761,port905; port1310,2,0.0,542de4ebd2eb4527b0172fb958086ec0,343416457081.3711,3420268.4940884463,213.0,0.0,Pichilingue,Mexico,MEX,North America,24.27059407,-110.3307462,424,0,74,10,106,234,1.2,0.02,1,2,1,0,0,0,0,6.052089168924417,0.0,5.459585514144159,4.31748811353631,0.61,5.75,2023,10,275.21822277408666
1001024,port1310,TC,NORMA-23,Tropical Cyclone NORMA-23,Red Tropical Cyclone NORMA-23 in Mexico from: 17 Oct 2023  to: 23 Oct 2023 .,RED,Mexico,2023-10-17 21:00:00+00:00,2023,2023-10-23 15:00:00+00:00,Tropical Depression (maximum wind speed of 213 km/h),24.9,-107.7,1698455547761,port905; port1310,2,0.0,542de4ebd2eb4527b0172fb958086ec0,343416457081.3711,3420268.4940884463,213.0,0.0,Topolobampo,Mexico,MEX,North America,25.58916703,-109.055862,302,0,88,9,42,163,1.91,0.96,1,2,1,0,0,0,0,5.713732805509369,0.0,5.099866427824199,4.48863636973214,1.435,5.75,2023,10,155.810362826417
1001018,port482,TC,KOINU-23,Tropical Cyclone KOINU-23,"Red Tropical Cyclone KOINU-23 in China, Japan, Philippines from: 29 Sep 2023  to: 10 Oct 2023 .",RED,Hong Kong Special Administrative Region; Taiwan Province of China; Macao Special Administrative Region,2023-09-29 12:00:00+00:00,2023,2023-10-10 00:00:00+00:00,Tropical Depression (maximum wind speed of 213 km/h),20.8,110.3,1698455547761,port482; port541; port681; port474; port674,5,0.0,06ae052bc2cc4c478d215983fb8fc680,759972452688.5215,4831098.315807256,213.0,0.0,Hualien,Taiwan Province of China,TWN,Asia & Pacific,23.98211049,121.6278977,226,0,100,109,0,17,0.26,1.01,1,2,1,0,0,0,0,5.424950017481403,0.0,2.8903717578961645,4.61512051684126,0.635,10.5,2023,9,1201.9207424236527
1001018,port541,TC,KOINU-23,Tropical Cyclone KOINU-23,"Red Tropical Cyclone KOINU-23 in China, Japan, Philippines from: 29 Sep 2023  to: 10 Oct 2023 .",RED,Hong Kong Special Administrative Region; Taiwan Province of China; Macao Special Administrative Region,2023-09-29 12:00:00+00:00,2023,2023-10-10 00:00:00+00:00,Tropical Depression (maximum wind speed of 213 km/h),20.8,110.3,1698455547761,port482; port541; port681; port474; port674,5,0.0,06ae052bc2cc4c478d215983fb8fc680,759972452688.5215,4831098.315807256,213.0,0.0,Kaohsiung,Taiwan Province of China,TWN,Asia & Pacific,22.5615278,120.3226847,13044,7471,1676,1680,72,2145,48.22,64.92,1,2,1,0,0,0,0,9.47616019757083,8.918917979908679,7.671360923190644,7.424761761823209,56.57,10.5,2023,9,1045.815882668224
1001018,port681,TC,KOINU-23,Tropical Cyclone KOINU-23,"Red Tropical Cyclone KOINU-23 in China, Japan, Philippines from: 29 Sep 2023  to: 10 Oct 2023 .",RED,Hong Kong Special Administrative Region; Taiwan Province of China; Macao Special Administrative Region,2023-09-29 12:00:00+00:00,2023,2023-10-10 00:00:00+00:00,Tropical Depression (maximum wind speed of 213 km/h),20.8,110.3,1698455547761,port482; port541; port681; port474; port674,5,0.0,06ae052bc2cc4c478d215983fb8fc680,759972452688.5215,4831098.315807256,213.0,0.0,Mailiao,Taiwan Province of China,TWN,Asia & Pacific,23.79148547,120.1959404,1194,0,130,55,0,1009,10.88,8.13,1,2,1,0,0,0,0,7.085901464365611,0.0,6.917705609835305,4.875197323201151,9.505,10.5,2023,9,1058.5329369515516
1001018,port474,TC,KOINU-23,Tropical Cyclone KOINU-23,"Red Tropical Cyclone KOINU-23 in China, Japan, Philippines from: 29 Sep 2023  to: 10 Oct 2023 .",RED,Hong Kong Special Administrative Region; Taiwan Province of China; Macao Special Administrative Region,2023-09-29 12:00:00+00:00,2023,2023-10-10 00:00:00+00:00,Tropical Depression (maximum wind speed of 213 km/h),20.8,110.3,1698455547761,port482; port541; port681; port474; port674,5,0.0,06ae052bc2cc4c478d215983fb8fc680,759972452688.5215,4831098.315807256,213.0,0.0,Hong Kong,Hong Kong SAR,HKG,Asia & Pacific,22.33510926,114.0966519,16306,13076,398,696,210,1926,100.0,100.0,1,2,1,0,0,0,0,9.699349742461278,9.478610240906502,7.563719668414366,5.988961416889864,100.0,10.5,2023,9,425.4271109361535
1001018,port674,TC,KOINU-23,Tropical Cyclone KOINU-23,"Red Tropical Cyclone KOINU-23 in China, Japan, Philippines from: 29 Sep 2023  to: 10 Oct 2023 .",RED,Hong Kong Special Administrative Region; Taiwan Province of China; Macao Special Administrative Region,2023-09-29 12:00:00+00:00,2023,2023-10-10 00:00:00+00:00,Tropical Depression (maximum wind speed of 213 km/h),20.8,110.3,1698455547761,port482; port541; port681; port474; port674,5,0.0,06ae052bc2cc4c478d215983fb8fc680,759972452688.5215,4831098.315807256,213.0,0.0,Macau,Macao SAR,MAC,Asia & Pacific,22.15538395,113.5578462,314,66,29,62,0,157,100.0,100.0,1,2,1,0,0,0,0,5.752572638825633,4.204692619390966,5.062595033026967,3.4011973816621555,100.0,10.5,2023,9,367.15965358419294
10000002,port103,OT,COLLAPSE FRANCIS SCOTT KEY BRIDGE,Baltimore: Collapse of Francis Scott Key Bridge,Collapse of the Francis Scott Key Bridge halted vessel traffic at the port of Baltimore,RED,United States,2024-03-26 00:00:00+00:00,2024,2024-06-12 04:00:00+00:00,,39.21934,-76.52521,1711737778359,port103,1,0.0,ce951f9474d843f48c48b47b21b7bab0,95440715.42578124,38765.194399173095,0.0,0.0,Baltimore,United States,USA,North America,39.25976037,-76.5569733,1792,501,453,185,559,94,1.27,2.08,1,2,0,0,0,0,1,7.491645473605133,6.218600119691729,4.553876891600541,6.118097198041348,1.675,78.16666666666667,2024,3,5.251911219122418
1001067,port358,TC,BERYL-24,Tropical Cyclone BERYL-24,"Red Tropical Cyclone BERYL-24 in Haiti, Grenada, Jamaica, Trinidad and Tobago, Saint Vincent and the Grenadines, Mexico, Belize, United States from: 28 Jun 2024  to: 09 Jul 2024 .",RED,St. Vincent and the Grenadines; Grenada; Cayman Islands; Mexico; Jamaica; United States,2024-06-28 21:00:00+00:00,2024,2024-07-09 09:00:00+00:00,Hurricane (maximum wind speed of 269 km/h),33.9,-93.7,1727766190151,port358; port373; port481; port963; port1285; port1023; port1144; port574; port336; port572; port763; port840; port949; port1102; port389; port1223,16,0.0,f47027ca577c458bb00a14c389cd8ec4,1356999108092.17,13353157.560749091,269.0,0.0,Freeport (US-FL),United States,USA,North America,28.94393738,-95.32605,1075,133,21,24,108,789,0.13,2.26,1,2,1,0,0,0,0,6.98100574072173,4.897839799950911,6.672032945461067,3.091042453358316,1.1949999999999998,10.5,2024,6,572.3482502246521
1001067,port373,TC,BERYL-24,Tropical Cyclone BERYL-24,"Red Tropical Cyclone BERYL-24 in Haiti, Grenada, Jamaica, Trinidad and Tobago, Saint Vincent and the Grenadines, Mexico, Belize, United States from: 28 Jun 2024  to: 09 Jul 2024 .",RED,St. Vincent and the Grenadines; Grenada; Cayman Islands; Mexico; Jamaica; United States,2024-06-28 21:00:00+00:00,2024,2024-07-09 09:00:00+00:00,Hurricane (maximum wind speed of 269 km/h),33.9,-93.7,1727766190151,port358; port373; port481; port963; port1285; port1023; port1144; port574; port336; port572; port763; port840; port949; port1102; port389; port1223,16,0.0,f47027ca577c458bb00a14c389cd8ec4,1356999108092.17,13353157.560749091,269.0,0.0,Galveston,United States,USA,North America,29.30976119,-94.80456985,614,9,78,69,94,364,0.13,0.66,1,2,1,0,0,0,0,6.421622267806518,2.302585092994046,5.8998973535824915,4.3694478524670215,0.395,10.5,2024,6,520.6123352634675
1001067,port481,TC,BERYL-24,Tropical Cyclone BERYL-24,"Red Tropical Cyclone BERYL-24 in Haiti, Grenada, Jamaica, Trinidad and Tobago, Saint Vincent and the Grenadines, Mexico, Belize, United States from: 28 Jun 2024  to: 09 Jul 2024 .",RED,St. Vincent and the Grenadines; Grenada; Cayman Islands; Mexico; Jamaica; United States,2024-06-28 21:00:00+00:00,2024,2024-07-09 09:00:00+00:00,Hurricane (maximum wind speed of 269 km/h),33.9,-93.7,1727766190151,port358; port373; port481; port963; port1285; port1023; port1144; port574; port336; port572; port763; port840; port949; port1102; port389; port1223,16,0.0,f47027ca577c458bb00a14c389cd8ec4,1356999108092.17,13353157.560749091,269.0,0.0,Houston (US-TX),United States,USA,North America,29.72023114,-95.13978774,7358,984,735,562,63,5014,8.21,17.78,1,2,1,0,0,0,0,8.903679332926599,6.892641641172089,8.520188700396035,6.601230118728877,12.995000000000001,10.5,2024,6,484.2698667836558
1001067,port963,TC,BERYL-24,Tropical Cyclone BERYL-24,"Red Tropical Cyclone BERYL-24 in Haiti, Grenada, Jamaica, Trinidad and Tobago, Saint Vincent and the Grenadines, Mexico, Belize, United States from: 28 Jun 2024  to: 09 Jul 2024 .",RED,St. Vincent and the Grenadines; Grenada; Cayman Islands; Mexico; Jamaica; United States,2024-06-28 21:00:00+00:00,2024,2024-07-09 09:00:00+00:00,Hurricane (maximum wind speed of 269 km/h),33.9,-93.7,1727766190151,port358; port373; port481; port963; port1285; port1023; port1144; port574; port336; port572; port763; port840; port949; port1102; port389; port1223,16,0.0,f47027ca577c458bb00a14c389cd8ec4,1356999108092.17,13353157.560749091,269.0,0.0,Port Lavaca,United States,USA,North America,28.6755734,-96.54433242,220,0,0,13,0,207,0.07,0.19,1,2,1,0,0,0,0,5.3981627015177525,0.0,5.337538079701318,0.0,0.13,10.5,2024,6,642.6702592206552
1001067,port1285,TC,BERYL-24,Tropical Cyclone BERYL-24,"Red Tropical Cyclone BERYL-24 in Haiti, Grenada, Jamaica, Trinidad and Tobago, Saint Vincent and the Grenadines, Mexico, Belize, United States from: 28 Jun 2024  to: 09 Jul 2024 .",RED,St. Vincent and the Grenadines; Grenada; Cayman Islands; Mexico; Jamaica; United States,2024-06-28 21:00:00+00:00,2024,2024-07-09 09:00:00+00:00,Hurricane (maximum wind speed of 269 km/h),33.9,-93.7,1727766190151,port358; port373; port481; port963; port1285; port1023; port1144; port574; port336; port572; port763; port840; port949; port1102; port389; port1223,16,0.0,f47027ca577c458bb00a14c389cd8ec4,1356999108092.17,13353157.560749091,269.0,0.0,Texas City,United States,USA,North America,29.37581007,-94.91276462,724,0,30,1,0,693,0.59,1.38,1,2,1,0,0,0,0,6.586171654854675,0.0,6.542471960506805,3.4339872044851463,0.9849999999999999,10.5,2024,6,515.704388491246
1001067,port1023,TC,BERYL-24,Tropical Cyclone BERYL-24,"Red Tropical Cyclone BERYL-24 in Haiti, Grenada, Jamaica, Trinidad and Tobago, Saint Vincent and the Grenadines, Mexico, Belize, United States from: 28 Jun 2024  to: 09 Jul 2024 .",RED,St. Vincent and the Grenadines; Grenada; Cayman Islands; Mexico; Jamaica; United States,2024-06-28 21:00:00+00:00,2024,2024-07-09 09:00:00+00:00,Hurricane (maximum wind speed of 269 km/h),33.9,-93.7,1727766190151,port358; port373; port481; port963; port1285; port1023; port1144; port574; port336; port572; port763; port840; port949; port1102; port389; port1223,16,0.0,f47027ca577c458bb00a14c389cd8ec4,1356999108092.17,13353157.560749091,269.0,0.0,Progreso,Mexico,MEX,North America,21.34384604,-89.67539375,587,182,128,105,0,172,3.17,0.58,1,2,1,0,0,0,0,6.376726947898627,5.209486152841421,5.153291594497779,4.859812404361672,1.875,10.5,2024,6,1454.5184474292967
1001067,port1144,TC,BERYL-24,Tropical Cyclone BERYL-24,"Red Tropical Cyclone BERYL-24 in Haiti, Grenada, Jamaica, Trinidad and Tobago, Saint Vincent and the Grenadines, Mexico, Belize, United States from: 28 Jun 2024  to: 09 Jul 2024 .",RED,St. Vincent and the Grenadines; Grenada; Cayman Islands; Mexico; Jamaica; United States,2024-06-28 21:00:00+00:00,2024,2024-07-09 09:00:00+00:00,Hurricane (maximum wind speed of 269 km/h),33.9,-93.7,1727766190151,port358; port373; port481; port963; port1285; port1023; port1144; port574; port336; port572; port763; port840; port949; port1102; port389; port1223,16,0.0,f47027ca577c458bb00a14c389cd8ec4,1356999108092.17,13353157.560749091,269.0,0.0,San Miguel De Cozumel,Mexico,MEX,North America,20.57479256,-87.13206904,113,1,92,17,3,0,0.0,3.72,1,2,1,0,0,0,0,4.736198448394496,0.6931471805599453,0.0,4.532599493153256,1.86,10.5,2024,6,1628.9840437424543
1001067,port574,TC,BERYL-24,Tropical Cyclone BERYL-24,"Red Tropical Cyclone BERYL-24 in Haiti, Grenada, Jamaica, Trinidad and Tobago, Saint Vincent and the Grenadines, Mexico, Belize, United States from: 28 Jun 2024  to: 09 Jul 2024 .",RED,St. Vincent and the Grenadines; Grenada; Cayman Islands; Mexico; Jamaica; United States,2024-06-28 21:00:00+00:00,2024,2024-07-09 09:00:00+00:00,Hurricane (maximum wind speed of 269 km/h),33.9,-93.7,1727766190151,port358; port373; port481; port963; port1285; port1023; port1144; port574; port336; port572; port763; port840; port949; port1102; port389; port1223,16,0.0,f47027ca577c458bb00a14c389cd8ec4,1356999108092.17,13353157.560749091,269.0,0.0,Kingstown,St.  Vincent and the Grenadines,VCT,North America,13.1589419,-61.23551139,439,97,4,74,146,118,100.0,100.0,1,2,1,0,0,0,0,6.0867747269123065,4.584967478670572,4.77912349311153,1.6094379124341003,100.0,10.5,2024,6,4196.787884206299
1001067,port336,TC,BERYL-24,Tropical Cyclone BERYL-24,"Red Tropical Cyclone BERYL-24 in Haiti, Grenada, Jamaica, Trinidad and Tobago, Saint Vincent and the Grenadines, Mexico, Belize, United States from: 28 Jun 2024  to: 09 Jul 2024 .",RED,St. Vincent and the Grenadines; Grenada; Cayman Islands; Mexico; Jamaica; United States,2024-06-28 21:00:00+00:00,2024,2024-07-09 09:00:00+00:00,Hurricane (maximum wind speed of 269 km/h),33.9,-93.7,1727766190151,port358; port373; port481; port963; port1285; port1023; port1144; port574; port336; port572; port763; port840; port949; port1102; port389; port1223,16,0.0,f47027ca577c458bb00a14c389cd8ec4,1356999108092.17,13353157.560749091,269.0,0.0,Falmouth,Jamaica,JAM,North America,18.493441,-77.64899659,5,0,0,0,0,5,0.08,0.0,1,2,1,0,0,0,0,1.791759469228055,0.0,1.791759469228055,0.0,0.04,10.5,2024,6,2404.0541756297985
1001067,port572,TC,BERYL-24,Tropical Cyclone BERYL-24,"Red Tropical Cyclone BERYL-24 in Haiti, Grenada, Jamaica, Trinidad and Tobago, Saint Vincent and the Grenadines, Mexico, Belize, United States from: 28 Jun 2024  to: 09 Jul 2024 .",RED,St. Vincent and the Grenadines; Grenada; Cayman Islands; Mexico; Jamaica; United States,2024-06-28 21:00:00+00:00,2024,2024-07-09 09:00:00+00:00,Hurricane (maximum wind speed of 269 km/h),33.9,-93.7,1727766190151,port358; port373; port481; port963; port1285; port1023; port1144; port574; port336; port572; port763; port840; port949; port1102; port389; port1223,16,0.0,f47027ca577c458bb00a14c389cd8ec4,1356999108092.17,13353157.560749091,269.0,0.0,Kingston,Jamaica,JAM,North America,17.98290381,-76.80443675,2418,1562,88,291,157,320,77.1,21.17,1,2,1,0,0,0,0,7.791109510610028,7.354362330421477,5.771441123130016,4.48863636973214,49.135,10.5,2024,6,2510.674360920816
1001067,port763,TC,BERYL-24,Tropical Cyclone BERYL-24,"Red Tropical Cyclone BERYL-24 in Haiti, Grenada, Jamaica, Trinidad and Tobago, Saint Vincent and the Grenadines, Mexico, Belize, United States from: 28 Jun 2024  to: 09 Jul 2024 .",RED,St. Vincent and the Grenadines; Grenada; Cayman Islands; Mexico; Jamaica; United States,2024-06-28 21:00:00+00:00,2024,2024-07-09 09:00:00+00:00,Hurricane (maximum wind speed of 269 km/h),33.9,-93.7,1727766190151,port358; port373; port481; port963; port1285; port1023; port1144; port574; port336; port572; port763; port840; port949; port1102; port389; port1223,16,0.0,f47027ca577c458bb00a14c389cd8ec4,1356999108092.17,13353157.560749091,269.0,0.0,Montego Bay,Jamaica,JAM,North America,18.46070857,-77.93335097,191,65,0,25,1,100,4.03,1.59,1,2,1,0,0,0,0,5.2574953720277815,4.189654742026425,4.61512051684126,0.0,2.81,10.5,2024,6,2385.9400848753867
1001067,port840,TC,BERYL-24,Tropical Cyclone BERYL-24,"Red Tropical Cyclone BERYL-24 in Haiti, Grenada, Jamaica, Trinidad and Tobago, Saint Vincent and the Grenadines, Mexico, Belize, United States from: 28 Jun 2024  to: 09 Jul 2024 .",RED,St. Vincent and the Grenadines; Grenada; Cayman Islands; Mexico; Jamaica; United States,2024-06-28 21:00:00+00:00,2024,2024-07-09 09:00:00+00:00,Hurricane (maximum wind speed of 269 km/h),33.9,-93.7,1727766190151,port358; port373; port481; port963; port1285; port1023; port1144; port574; port336; port572; port763; port840; port949; port1102; port389; port1223,16,0.0,f47027ca577c458bb00a14c389cd8ec4,1356999108092.17,13353157.560749091,269.0,0.0,Ocho Rios,Jamaica,JAM,North America,18.40948489,-77.11482411,21,0,6,1,0,14,0.37,3.3,1,2,1,0,0,0,0,3.091042453358316,0.0,2.70805020110221,1.9459101490553132,1.835,10.5,2024,6,2451.041410407236
1001067,port949,TC,BERYL-24,Tropical Cyclone BERYL-24,"Red Tropical Cyclone BERYL-24 in Haiti, Grenada, Jamaica, Trinidad and Tobago, Saint Vincent and the Grenadines, Mexico, Belize, United States from: 28 Jun 2024  to: 09 Jul 2024 .",RED,St. Vincent and the Grenadines; Grenada; Cayman Islands; Mexico; Jamaica; United States,2024-06-28 21:00:00+00:00,2024,2024-07-09 09:00:00+00:00,Hurricane (maximum wind speed of 269 km/h),33.9,-93.7,1727766190151,port358; port373; port481; port963; port1285; port1023; port1144; port574; port336; port572; port763; port840; port949; port1102; port389; port1223,16,0.0,f47027ca577c458bb00a14c389cd8ec4,1356999108092.17,13353157.560749091,269.0,0.0,Port Esquivel,Jamaica,JAM,North America,17.89281983,-77.13154378,116,0,14,22,0,80,8.29,8.43,1,2,1,0,0,0,0,4.762173934797756,0.0,4.394449154672439,2.70805020110221,8.36,10.5,2024,6,2493.9970706268846
1001067,port1102,TC,BERYL-24,Tropical Cyclone BERYL-24,"Red Tropical Cyclone BERYL-24 in Haiti, Grenada, Jamaica, Trinidad and Tobago, Saint Vincent and the Grenadines, Mexico, Belize, United States from: 28 Jun 2024  to: 09 Jul 2024 .",RED,St. Vincent and the Grenadines; Grenada; Cayman Islands; Mexico; Jamaica; United States,2024-06-28 21:00:00+00:00,2024,2024-07-09 09:00:00+00:00,Hurricane (maximum wind speed of 269 km/h),33.9,-93.7,1727766190151,port358; port373; port481; port963; port1285; port1023; port1144; port574; port336; port572; port763; port840; port949; port1102; port389; port1223,16,0.0,f47027ca577c458bb00a14c389cd8ec4,1356999108092.17,13353157.560749091,269.0,0.0,Rio Bueno,Jamaica,JAM,North America,18.46316958,-77.43323066,32,0,10,22,0,0,2.29,0.06,1,2,1,0,0,0,0,3.4965075614664802,0.0,0.0,2.3978952727983707,1.175,10.5,2024,6,2422.661114615975
1001067,port389,TC,BERYL-24,Tropical Cyclone BERYL-24,"Red Tropical Cyclone BERYL-24 in Haiti, Grenada, Jamaica, Trinidad and Tobago, Saint Vincent and the Grenadines, Mexico, Belize, United States from: 28 Jun 2024  to: 09 Jul 2024 .",RED,St. Vincent and the Grenadines; Grenada; Cayman Islands; Mexico; Jamaica; United States,2024-06-28 21:00:00+00:00,2024,2024-07-09 09:00:00+00:00,Hurricane (maximum wind speed of 269 km/h),33.9,-93.7,1727766190151,port358; port373; port481; port963; port1285; port1023; port1144; port574; port336; port572; port763; port840; port949; port1102; port389; port1223,16,0.0,f47027ca577c458bb00a14c389cd8ec4,1356999108092.17,13353157.560749091,269.0,0.0,Georgetown,Cayman Islands,CYM,North America,19.29629306,-81.38380906,253,140,9,103,1,0,100.0,100.0,1,2,1,0,0,0,0,5.537334267018537,4.948759890378168,0.0,2.302585092994046,100.0,10.5,2024,6,2071.8455984549196
1001067,port1223,TC,BERYL-24,Tropical Cyclone BERYL-24,"Red Tropical Cyclone BERYL-24 in Haiti, Grenada, Jamaica, Trinidad and Tobago, Saint Vincent and the Grenadines, Mexico, Belize, United States from: 28 Jun 2024  to: 09 Jul 2024 .",RED,St. Vincent and the Grenadines; Grenada; Cayman Islands; Mexico; Jamaica; United States,2024-06-28 21:00:00+00:00,2024,2024-07-09 09:00:00+00:00,Hurricane (maximum wind speed of 269 km/h),33.9,-93.7,1727766190151,port358; port373; port481; port963; port1285; port1023; port1144; port574; port336; port572; port763; port840; port949; port1102; port389; port1223,16,0.0,f47027ca577c458bb00a14c389cd8ec4,1356999108092.17,13353157.560749091,269.0,0.0,Saint George's,Grenada,GRD,North America,12.04075574,-61.7479609,364,116,16,97,21,114,100.0,100.0,1,2,1,0,0,0,0,5.8998973535824915,4.762173934797756,4.74493212836325,2.833213344056216,100.0,10.5,2024,6,4233.0623505690655
1001072,port370,TC,GAEMI-24,Tropical Cyclone GAEMI-24,"Red Tropical Cyclone GAEMI-24 in Japan, Taiwan, China, Philippines from: 19 Jul 2024  to: 25 Jul 2024 .",RED,China; Taiwan Province of China,2024-07-19 18:00:00+00:00,2024,2024-07-25 12:00:00+00:00,Hurricane (maximum wind speed of 231 km/h),25.6,119.4,1727766190151,port370; port1074; port1192; port1403; port1405; port238; port482; port541; port681; port1252; port1261,11,0.0,3093e1e250d5474291d7b7ef8a88fd0a,742777302162.9844,3740151.920270975,231.0,0.0,Fuzhou,China,CHN,Asia & Pacific,25.77760491,119.4743241,2718,1071,457,376,9,805,0.33,0.37,1,2,1,0,0,0,0,7.908019444632471,6.977281341630747,6.692083742506628,6.126869184114185,0.35,5.75,2024,7,21.067456140158384
1001072,port1074,TC,GAEMI-24,Tropical Cyclone GAEMI-24,"Red Tropical Cyclone GAEMI-24 in Japan, Taiwan, China, Philippines from: 19 Jul 2024  to: 25 Jul 2024 .",RED,China; Taiwan Province of China,2024-07-19 18:00:00+00:00,2024,2024-07-25 12:00:00+00:00,Hurricane (maximum wind speed of 231 km/h),25.6,119.4,1727766190151,port370; port1074; port1192; port1403; port1405; port238; port482; port541; port681; port1252; port1261,11,0.0,3093e1e250d5474291d7b7ef8a88fd0a,742777302162.9844,3740151.920270975,231.0,0.0,Quanzhou,China,CHN,Asia & Pacific,24.84610329,118.7030793,710,342,62,274,1,31,0.08,0.03,1,2,1,0,0,0,0,6.566672429803241,5.8377304471659395,3.4657359027997265,4.143134726391533,0.055,5.75,2024,7,109.22688057139574
1001072,port1192,TC,GAEMI-24,Tropical Cyclone GAEMI-24,"Red Tropical Cyclone GAEMI-24 in Japan, Taiwan, China, Philippines from: 19 Jul 2024  to: 25 Jul 2024 .",RED,China; Taiwan Province of China,2024-07-19 18:00:00+00:00,2024,2024-07-25 12:00:00+00:00,Hurricane (maximum wind speed of 231 km/h),25.6,119.4,1727766190151,port370; port1074; port1192; port1403; port1405; port238; port482; port541; port681; port1252; port1261,11,0.0,3093e1e250d5474291d7b7ef8a88fd0a,742777302162.9844,3740151.920270975,231.0,0.0,Shijing Longxiang,China,CHN,Asia & Pacific,24.6609656,118.4382757,185,2,12,58,0,113,0.01,0.0,1,2,1,0,0,0,0,5.225746673713202,1.0986122886681098,4.736198448394496,2.5649493574615367,0.005,5.75,2024,7,142.3951136935305
1001072,port1403,TC,GAEMI-24,Tropical Cyclone GAEMI-24,"Red Tropical Cyclone GAEMI-24 in Japan, Taiwan, China, Philippines from: 19 Jul 2024  to: 25 Jul 2024 .",RED,China; Taiwan Province of China,2024-07-19 18:00:00+00:00,2024,2024-07-25 12:00:00+00:00,Hurricane (maximum wind speed of 231 km/h),25.6,119.4,1727766190151,port370; port1074; port1192; port1403; port1405; port238; port482; port541; port681; port1252; port1261,11,0.0,3093e1e250d5474291d7b7ef8a88fd0a,742777302162.9844,3740151.920270975,231.0,0.0,Xiagong,China,CHN,Asia & Pacific,26.56552028,119.7215338,1613,52,1081,251,8,221,1.08,0.28,1,2,1,0,0,0,0,7.3864708488298945,3.970291913552122,5.402677381872279,6.9865664594064265,0.68,5.75,2024,7,111.82587128926247
1001072,port1405,TC,GAEMI-24,Tropical Cyclone GAEMI-24,"Red Tropical Cyclone GAEMI-24 in Japan, Taiwan, China, Philippines from: 19 Jul 2024  to: 25 Jul 2024 .",RED,China; Taiwan Province of China,2024-07-19 18:00:00+00:00,2024,2024-07-25 12:00:00+00:00,Hurricane (maximum wind speed of 231 km/h),25.6,119.4,1727766190151,port370; port1074; port1192; port1403; port1405; port238; port482; port541; port681; port1252; port1261,11,0.0,3093e1e250d5474291d7b7ef8a88fd0a,742777302162.9844,3740151.920270975,231.0,0.0,Xiuyu,China,CHN,Asia & Pacific,25.16527891,118.9870449,2353,4,827,154,0,1368,1.3,0.54,1,2,1,0,0,0,0,7.763871287820222,1.6094379124341003,7.221835825288449,6.71901315438526,0.92,5.75,2024,7,63.63684661891808
1001072,port238,TC,GAEMI-24,Tropical Cyclone GAEMI-24,"Red Tropical Cyclone GAEMI-24 in Japan, Taiwan, China, Philippines from: 19 Jul 2024  to: 25 Jul 2024 .",RED,China; Taiwan Province of China,2024-07-19 18:00:00+00:00,2024,2024-07-25 12:00:00+00:00,Hurricane (maximum wind speed of 231 km/h),25.6,119.4,1727766190151,port370; port1074; port1192; port1403; port1405; port238; port482; port541; port681; port1252; port1261,11,0.0,3093e1e250d5474291d7b7ef8a88fd0a,742777302162.9844,3740151.920270975,231.0,0.0,Keelung,Taiwan Province of China,TWN,Asia & Pacific,25.14717994,121.7520059,3510,2527,265,488,33,197,6.76,8.5,1,2,1,0,0,0,0,8.163656176168432,7.8351837552667485,5.288267030694535,5.583496308781699,7.63,5.75,2024,7,241.61391575851277
1001072,port482,TC,GAEMI-24,Tropical Cyclone GAEMI-24,"Red Tropical Cyclone GAEMI-24 in Japan, Taiwan, China, Philippines from: 19 Jul 2024  to: 25 Jul 2024 .",RED,China; Taiwan Province of China,2024-07-19 18:00:00+00:00,2024,2024-07-25 12:00:00+00:00,Hurricane (maximum wind speed of 231 km/h),25.6,119.4,1727766190151,port370; port1074; port1192; port1403; port1405; port238; port482; port541; port681; port1252; port1261,11,0.0,3093e1e250d5474291d7b7ef8a88fd0a,742777302162.9844,3740151.920270975,231.0,0.0,Hualien,Taiwan Province of China,TWN,Asia & Pacific,23.98211049,121.6278977,226,0,100,109,0,17,0.26,1.01,1,2,1,0,0,0,0,5.424950017481403,0.0,2.8903717578961645,4.61512051684126,0.635,5.75,2024,7,288.6236127649611
1001072,port541,TC,GAEMI-24,Tropical Cyclone GAEMI-24,"Red Tropical Cyclone GAEMI-24 in Japan, Taiwan, China, Philippines from: 19 Jul 2024  to: 25 Jul 2024 .",RED,China; Taiwan Province of China,2024-07-19 18:00:00+00:00,2024,2024-07-25 12:00:00+00:00,Hurricane (maximum wind speed of 231 km/h),25.6,119.4,1727766190151,port370; port1074; port1192; port1403; port1405; port238; port482; port541; port681; port1252; port1261,11,0.0,3093e1e250d5474291d7b7ef8a88fd0a,742777302162.9844,3740151.920270975,231.0,0.0,Kaohsiung,Taiwan Province of China,TWN,Asia & Pacific,22.5615278,120.3226847,13044,7471,1676,1680,72,2145,48.22,64.92,1,2,1,0,0,0,0,9.47616019757083,8.918917979908679,7.671360923190644,7.424761761823209,56.57,5.75,2024,7,350.28083283400963
1001072,port681,TC,GAEMI-24,Tropical Cyclone GAEMI-24,"Red Tropical Cyclone GAEMI-24 in Japan, Taiwan, China, Philippines from: 19 Jul 2024  to: 25 Jul 2024 .",RED,China; Taiwan Province of China,2024-07-19 18:00:00+00:00,2024,2024-07-25 12:00:00+00:00,Hurricane (maximum wind speed of 231 km/h),25.6,119.4,1727766190151,port370; port1074; port1192; port1403; port1405; port238; port482; port541; port681; port1252; port1261,11,0.0,3093e1e250d5474291d7b7ef8a88fd0a,742777302162.9844,3740151.920270975,231.0,0.0,Mailiao,Taiwan Province of China,TWN,Asia & Pacific,23.79148547,120.1959404,1194,0,130,55,0,1009,10.88,8.13,1,2,1,0,0,0,0,7.085901464365611,0.0,6.917705609835305,4.875197323201151,9.505,5.75,2024,7,216.41149608758536
1001072,port1252,TC,GAEMI-24,Tropical Cyclone GAEMI-24,"Red Tropical Cyclone GAEMI-24 in Japan, Taiwan, China, Philippines from: 19 Jul 2024  to: 25 Jul 2024 .",RED,China; Taiwan Province of China,2024-07-19 18:00:00+00:00,2024,2024-07-25 12:00:00+00:00,Hurricane (maximum wind speed of 231 km/h),25.6,119.4,1727766190151,port370; port1074; port1192; port1403; port1405; port238; port482; port541; port681; port1252; port1261,11,0.0,3093e1e250d5474291d7b7ef8a88fd0a,742777302162.9844,3740151.920270975,231.0,0.0,Taichung,Taiwan Province of China,TWN,Asia & Pacific,24.25457118,120.5049668,5808,2668,1219,788,39,1094,23.6,13.52,1,2,1,0,0,0,0,8.667163717992533,7.889459149404524,6.9985096422506015,7.106606137727303,18.560000000000002,5.75,2024,7,186.56901254567083
1001072,port1261,TC,GAEMI-24,Tropical Cyclone GAEMI-24,"Red Tropical Cyclone GAEMI-24 in Japan, Taiwan, China, Philippines from: 19 Jul 2024  to: 25 Jul 2024 .",RED,China; Taiwan Province of China,2024-07-19 18:00:00+00:00,2024,2024-07-25 12:00:00+00:00,Hurricane (maximum wind speed of 231 km/h),25.6,119.4,1727766190151,port370; port1074; port1192; port1403; port1405; port238; port482; port541; port681; port1252; port1261,11,0.0,3093e1e250d5474291d7b7ef8a88fd0a,742777302162.9844,3740151.920270975,231.0,0.0,Taipei,Taiwan Province of China,TWN,Asia & Pacific,25.15663144,121.3807189,2782,1518,344,353,331,236,4.94,3.11,1,2,1,0,0,0,0,7.931284761525891,7.325807502595773,5.4680601411351315,5.84354441703136,4.025,5.75,2024,7,205.0008642857913
1001101,port879,TC,HELENE-24,Tropical Cyclone HELENE-24,"Red Tropical Cyclone HELENE-24 in United States, Mexico, Belize from: 23 Sep 2024  to: 27 Sep 2024 .",RED,Mexico; United States,2024-09-23 15:00:00+00:00,2024,2024-09-27 21:00:00+00:00,Hurricane (maximum wind speed of 222 km/h),37.5,-85.5,1728469086877,port879; port1144,2,0.0,42ada76f830c4cb58821d311383c4da0,692109064449.9551,4910254.54021647,222.0,0.0,Panama City,United States,USA,North America,30.1558205,-85.66532945,219,59,38,118,3,1,0.06,0.09,1,2,1,0,0,0,0,5.393627546352362,4.0943445622221,0.6931471805599453,3.6635616461296463,0.075,4.25,2024,9,815.3583440105701
1001101,port1144,TC,HELENE-24,Tropical Cyclone HELENE-24,"Red Tropical Cyclone HELENE-24 in United States, Mexico, Belize from: 23 Sep 2024  to: 27 Sep 2024 .",RED,Mexico; United States,2024-09-23 15:00:00+00:00,2024,2024-09-27 21:00:00+00:00,Hurricane (maximum wind speed of 222 km/h),37.5,-85.5,1728469086877,port879; port1144,2,0.0,42ada76f830c4cb58821d311383c4da0,692109064449.9551,4910254.54021647,222.0,0.0,San Miguel De Cozumel,Mexico,MEX,North America,20.57479256,-87.13206904,113,1,92,17,3,0,0.0,3.72,1,2,1,0,0,0,0,4.736198448394496,0.6931471805599453,0.0,4.532599493153256,1.86,4.25,2024,9,1886.3382189022618
1001090,port123,TC,YAGI-24,Tropical Cyclone YAGI-24,"Red Tropical Cyclone YAGI-24 in China, Viet Nam, Philippines from: 01 Sep 2024  to: 07 Sep 2024 .",RED,Vietnam; China,2024-09-01 12:00:00+00:00,2024,2024-09-07 06:00:00+00:00,Hurricane (maximum wind speed of 241 km/h),21.0,106.9,1728469086877,port123; port136; port242; port339; port424; port437; port1071; port1196; port1409; port1426; port434; port473,12,0.0,0387d1f7d4ae4eb2a872db5de07e9c78,638269632730.5098,4139701.742897033,241.0,0.0,Basuo,China,CHN,Asia & Pacific,19.07869612,108.6293529,549,0,95,9,0,445,0.08,0.09,1,2,1,0,0,0,0,6.309918278226516,0.0,6.100318952020064,4.564348191467836,0.08499999999999999,5.75,2024,9,279.9872991980749
1001090,port136,TC,YAGI-24,Tropical Cyclone YAGI-24,"Red Tropical Cyclone YAGI-24 in China, Viet Nam, Philippines from: 01 Sep 2024  to: 07 Sep 2024 .",RED,Vietnam; China,2024-09-01 12:00:00+00:00,2024,2024-09-07 06:00:00+00:00,Hurricane (maximum wind speed of 241 km/h),21.0,106.9,1728469086877,port123; port136; port242; port339; port424; port437; port1071; port1196; port1409; port1426; port434; port473,12,0.0,0387d1f7d4ae4eb2a872db5de07e9c78,638269632730.5098,4139701.742897033,241.0,0.0,Beihai,China,CHN,Asia & Pacific,21.47255148,109.0671522,201,11,64,83,0,43,0.02,0.04,1,2,1,0,0,0,0,5.308267697401205,2.4849066497880004,3.784189633918261,4.174387269895637,0.03,5.75,2024,9,229.9209542445475
1001090,port242,TC,YAGI-24,Tropical Cyclone YAGI-24,"Red Tropical Cyclone YAGI-24 in China, Viet Nam, Philippines from: 01 Sep 2024  to: 07 Sep 2024 .",RED,Vietnam; China,2024-09-01 12:00:00+00:00,2024,2024-09-07 06:00:00+00:00,Hurricane (maximum wind speed of 241 km/h),21.0,106.9,1728469086877,port123; port136; port242; port339; port424; port437; port1071; port1196; port1409; port1426; port434; port473,12,0.0,0387d1f7d4ae4eb2a872db5de07e9c78,638269632730.5098,4139701.742897033,241.0,0.0,Chiwan,China,CHN,Asia & Pacific,19.96273734,110.0339897,267,0,81,35,0,151,0.07,0.01,1,2,1,0,0,0,0,5.5909869805108565,0.0,5.0238805208462765,4.406719247264253,0.04,5.75,2024,9,346.6500853600337
1001090,port339,TC,YAGI-24,Tropical Cyclone YAGI-24,"Red Tropical Cyclone YAGI-24 in China, Viet Nam, Philippines from: 01 Sep 2024  to: 07 Sep 2024 .",RED,Vietnam; China,2024-09-01 12:00:00+00:00,2024,2024-09-07 06:00:00+00:00,Hurricane (maximum wind speed of 241 km/h),21.0,106.9,1728469086877,port123; port136; port242; port339; port424; port437; port1071; port1196; port1409; port1426; port434; port473,12,0.0,0387d1f7d4ae4eb2a872db5de07e9c78,638269632730.5098,4139701.742897033,241.0,0.0,Fangcheng,China,CHN,Asia & Pacific,21.61420534,108.3643393,1968,34,1362,361,0,211,1.9,0.42,1,2,1,0,0,0,0,7.585281078639126,3.5553480614894135,5.356586274672012,7.217443431696533,1.16,5.75,2024,9,165.78023303648263
1001090,port424,TC,YAGI-24,Tropical Cyclone YAGI-24,"Red Tropical Cyclone YAGI-24 in China, Viet Nam, Philippines from: 01 Sep 2024  to: 07 Sep 2024 .",RED,Vietnam; China,2024-09-01 12:00:00+00:00,2024,2024-09-07 06:00:00+00:00,Hurricane (maximum wind speed of 241 km/h),21.0,106.9,1728469086877,port123; port136; port242; port339; port424; port437; port1071; port1196; port1409; port1426; port434; port473,12,0.0,0387d1f7d4ae4eb2a872db5de07e9c78,638269632730.5098,4139701.742897033,241.0,0.0,Guangxi Beibu Gulf Port,China,CHN,Asia & Pacific,21.51087873,109.5385338,603,7,294,103,0,199,0.32,0.04,1,2,1,0,0,0,0,6.403574197934815,2.0794415416798357,5.298317366548036,5.68697535633982,0.18,5.75,2024,9,278.31613655305154
1001090,port437,TC,YAGI-24,Tropical Cyclone YAGI-24,"Red Tropical Cyclone YAGI-24 in China, Viet Nam, Philippines from: 01 Sep 2024  to: 07 Sep 2024 .",RED,Vietnam; China,2024-09-01 12:00:00+00:00,2024,2024-09-07 06:00:00+00:00,Hurricane (maximum wind speed of 241 km/h),21.0,106.9,1728469086877,port123; port136; port242; port339; port424; port437; port1071; port1196; port1409; port1426; port434; port473,12,0.0,0387d1f7d4ae4eb2a872db5de07e9c78,638269632730.5098,4139701.742897033,241.0,0.0,Haikou,China,CHN,Asia & Pacific,20.03232283,110.2808268,361,94,1,156,84,26,0.02,0.01,1,2,1,0,0,0,0,5.8916442118257715,4.553876891600541,3.295836866004329,0.6931471805599453,0.015,5.75,2024,9,368.5665800135504
1001090,port1071,TC,YAGI-24,Tropical Cyclone YAGI-24,"Red Tropical Cyclone YAGI-24 in China, Viet Nam, Philippines from: 01 Sep 2024  to: 07 Sep 2024 .",RED,Vietnam; China,2024-09-01 12:00:00+00:00,2024,2024-09-07 06:00:00+00:00,Hurricane (maximum wind speed of 241 km/h),21.0,106.9,1728469086877,port123; port136; port242; port339; port424; port437; port1071; port1196; port1409; port1426; port434; port473,12,0.0,0387d1f7d4ae4eb2a872db5de07e9c78,638269632730.5098,4139701.742897033,241.0,0.0,Qinzhou,China,CHN,Asia & Pacific,21.67876784,108.6383226,3588,1184,924,495,4,981,1.03,0.56,1,2,1,0,0,0,0,8.185628891147607,7.077498053569231,6.889591308354466,6.829793737512425,0.795,5.75,2024,9,194.49235904116534
1001090,port1196,TC,YAGI-24,Tropical Cyclone YAGI-24,"Red Tropical Cyclone YAGI-24 in China, Viet Nam, Philippines from: 01 Sep 2024  to: 07 Sep 2024 .",RED,Vietnam; China,2024-09-01 12:00:00+00:00,2024,2024-09-07 06:00:00+00:00,Hurricane (maximum wind speed of 241 km/h),21.0,106.9,1728469086877,port123; port136; port242; port339; port424; port437; port1071; port1196; port1409; port1426; port434; port473,12,0.0,0387d1f7d4ae4eb2a872db5de07e9c78,638269632730.5098,4139701.742897033,241.0,0.0,Shui Dong,China,CHN,Asia & Pacific,21.47648316,111.0730326,623,0,42,14,0,567,0.02,0.05,1,2,1,0,0,0,0,6.436150368369428,0.0,6.342121418721152,3.7612001156935624,0.035,5.75,2024,9,434.27789933759635
1001090,port1409,TC,YAGI-24,Tropical Cyclone YAGI-24,"Red Tropical Cyclone YAGI-24 in China, Viet Nam, Philippines from: 01 Sep 2024  to: 07 Sep 2024 .",RED,Vietnam; China,2024-09-01 12:00:00+00:00,2024,2024-09-07 06:00:00+00:00,Hurricane (maximum wind speed of 241 km/h),21.0,106.9,1728469086877,port123; port136; port242; port339; port424; port437; port1071; port1196; port1409; port1426; port434; port473,12,0.0,0387d1f7d4ae4eb2a872db5de07e9c78,638269632730.5098,4139701.742897033,241.0,0.0,Yangpu,China,CHN,Asia & Pacific,19.7673758,109.1758947,1801,304,302,463,0,732,0.21,0.2,1,2,1,0,0,0,0,7.496652438168283,5.720311776607412,6.597145701886651,5.713732805509369,0.20500000000000002,5.75,2024,9,274.29808919054994
1001090,port1426,TC,YAGI-24,Tropical Cyclone YAGI-24,"Red Tropical Cyclone YAGI-24 in China, Viet Nam, Philippines from: 01 Sep 2024  to: 07 Sep 2024 .",RED,Vietnam; China,2024-09-01 12:00:00+00:00,2024,2024-09-07 06:00:00+00:00,Hurricane (maximum wind speed of 241 km/h),21.0,106.9,1728469086877,port123; port136; port242; port339; port424; port437; port1071; port1196; port1409; port1426; port434; port473,12,0.0,0387d1f7d4ae4eb2a872db5de07e9c78,638269632730.5098,4139701.742897033,241.0,0.0,Zhanjiang,China,CHN,Asia & Pacific,21.21212795,110.4084103,2532,215,1143,319,1,854,2.26,0.52,1,2,1,0,0,0,0,7.837159650001675,5.375278407684165,6.75110146893676,7.042286171939743,1.39,5.75,2024,9,363.81110964475135
1001090,port434,TC,YAGI-24,Tropical Cyclone YAGI-24,"Red Tropical Cyclone YAGI-24 in China, Viet Nam, Philippines from: 01 Sep 2024  to: 07 Sep 2024 .",RED,Vietnam; China,2024-09-01 12:00:00+00:00,2024,2024-09-07 06:00:00+00:00,Hurricane (maximum wind speed of 241 km/h),21.0,106.9,1728469086877,port123; port136; port242; port339; port424; port437; port1071; port1196; port1409; port1426; port434; port473,12,0.0,0387d1f7d4ae4eb2a872db5de07e9c78,638269632730.5098,4139701.742897033,241.0,0.0,Hai Phong,Vietnam,VNM,Asia & Pacific,20.84406939,106.7474848,7340,3637,314,1822,74,1493,11.65,4.86,1,2,1,0,0,0,0,8.901230352110781,8.199189359078067,7.309212365692763,5.752572638825633,8.255,5.75,2024,9,23.449687937482484
1001090,port473,TC,YAGI-24,Tropical Cyclone YAGI-24,"Red Tropical Cyclone YAGI-24 in China, Viet Nam, Philippines from: 01 Sep 2024  to: 07 Sep 2024 .",RED,Vietnam; China,2024-09-01 12:00:00+00:00,2024,2024-09-07 06:00:00+00:00,Hurricane (maximum wind speed of 241 km/h),21.0,106.9,1728469086877,port123; port136; port242; port339; port424; port437; port1071; port1196; port1409; port1426; port434; port473,12,0.0,0387d1f7d4ae4eb2a872db5de07e9c78,638269632730.5098,4139701.742897033,241.0,0.0,Hon Gai,Vietnam,VNM,Asia & Pacific,20.99454236,107.0548395,668,15,260,154,0,239,4.97,4.37,1,2,1,0,0,0,0,6.505784060128229,2.772588722239781,5.480638923341991,5.564520407322694,4.67,5.75,2024,9,16.05763704432995
10000003,port812,OT,US PORTS STRIKE,US Ports Strike,"Labor strike affecting many ports across the US East and Gulf Coasts, as well as the Port of Montreal in Canada",RED,,2024-10-01 00:00:00+00:00,2024,2024-10-02 22:00:00+00:00,,29.77081,-95.35517,1727962353164,port812; port815; port826; port103; port901; port159; port513; port736; port754; port1170; port1259; port1398; port231; port481; port766; port2066; port951,17,0.0,9e9f1ca4abad4948af5caed716c137f3,2173469.48828125,6906.2243711354695,0.0,0.0,New Orleans,United States,USA,North America,29.93003343,-90.13086772,5783,430,2620,429,20,2284,5.63,9.26,1,2,0,0,0,0,1,8.6628507638386,6.066108090103747,7.734121303328305,7.8713112033234065,7.445,1.9166666666666667,2024,10,502.87038434088277
10000003,port815,OT,US PORTS STRIKE,US Ports Strike,"Labor strike affecting many ports across the US East and Gulf Coasts, as well as the Port of Montreal in Canada",RED,,2024-10-01 00:00:00+00:00,2024,2024-10-02 22:00:00+00:00,,29.77081,-95.35517,1727962353164,port812; port815; port826; port103; port901; port159; port513; port736; port754; port1170; port1259; port1398; port231; port481; port766; port2066; port951,17,0.0,9e9f1ca4abad4948af5caed716c137f3,2173469.48828125,6906.2243711354695,0.0,0.0,New York-New Jersey,United States,USA,North America,40.63298387,-74.17942126,3883,2190,205,51,338,1099,12.42,2.36,1,2,0,0,0,0,1,8.264620829411216,7.692113339595466,7.003065458786462,5.327876168789581,7.39,1.9166666666666667,2024,10,2153.051614548839
10000003,port826,OT,US PORTS STRIKE,US Ports Strike,"Labor strike affecting many ports across the US East and Gulf Coasts, as well as the Port of Montreal in Canada",RED,,2024-10-01 00:00:00+00:00,2024,2024-10-02 22:00:00+00:00,,29.77081,-95.35517,1727962353164,port812; port815; port826; port103; port901; port159; port513; port736; port754; port1170; port1259; port1398; port231; port481; port766; port2066; port951,17,0.0,9e9f1ca4abad4948af5caed716c137f3,2173469.48828125,6906.2243711354695,0.0,0.0,Norfolk,United States,USA,North America,36.84962748,-76.33049228,1162,671,348,62,7,74,0.56,1.95,1,2,0,0,0,0,1,7.0587581525186645,6.51025834052315,4.31748811353631,5.855071922202427,1.255,1.9166666666666667,2024,10,1863.5875955887361
10000003,port103,OT,US PORTS STRIKE,US Ports Strike,"Labor strike affecting many ports across the US East and Gulf Coasts, as well as the Port of Montreal in Canada",RED,,2024-10-01 00:00:00+00:00,2024,2024-10-02 22:00:00+00:00,,29.77081,-95.35517,1727962353164,port812; port815; port826; port103; port901; port159; port513; port736; port754; port1170; port1259; port1398; port231; port481; port766; port2066; port951,17,0.0,9e9f1ca4abad4948af5caed716c137f3,2173469.48828125,6906.2243711354695,0.0,0.0,Baltimore,United States,USA,North America,39.25976037,-76.5569733,1792,501,453,185,559,94,1.27,2.08,1,2,0,0,0,0,1,7.491645473605133,6.218600119691729,4.553876891600541,6.118097198041348,1.675,1.9166666666666667,2024,10,1928.6320455130042
10000003,port901,OT,US PORTS STRIKE,US Ports Strike,"Labor strike affecting many ports across the US East and Gulf Coasts, as well as the Port of Montreal in Canada",RED,,2024-10-01 00:00:00+00:00,2024,2024-10-02 22:00:00+00:00,,29.77081,-95.35517,1727962353164,port812; port815; port826; port103; port901; port159; port513; port736; port754; port1170; port1259; port1398; port231; port481; port766; port2066; port951,17,0.0,9e9f1ca4abad4948af5caed716c137f3,2173469.48828125,6906.2243711354695,0.0,0.0,Philadelphia,United States,USA,North America,39.90437717,-75.1375391,1049,558,123,94,136,138,0.93,0.17,1,2,0,0,0,0,1,6.956545443151569,6.326149473155099,4.9344739331306915,4.820281565605037,0.55,1.9166666666666667,2024,10,2056.4279321308577
10000003,port159,OT,US PORTS STRIKE,US Ports Strike,"Labor strike affecting many ports across the US East and Gulf Coasts, as well as the Port of Montreal in Canada",RED,,2024-10-01 00:00:00+00:00,2024,2024-10-02 22:00:00+00:00,,29.77081,-95.35517,1727962353164,port812; port815; port826; port103; port901; port159; port513; port736; port754; port1170; port1259; port1398; port231; port481; port766; port2066; port951,17,0.0,9e9f1ca4abad4948af5caed716c137f3,2173469.48828125,6906.2243711354695,0.0,0.0,Boston,United States,USA,North America,42.37717521,-71.03617154,441,149,49,4,44,195,0.86,0.08,1,2,0,0,0,0,1,6.091309882077698,5.0106352940962555,5.278114659230517,3.912023005428146,0.47,1.9166666666666667,2024,10,2436.096197813185
10000003,port513,OT,US PORTS STRIKE,US Ports Strike,"Labor strike affecting many ports across the US East and Gulf Coasts, as well as the Port of Montreal in Canada",RED,,2024-10-01 00:00:00+00:00,2024,2024-10-02 22:00:00+00:00,,29.77081,-95.35517,1727962353164,port812; port815; port826; port103; port901; port159; port513; port736; port754; port1170; port1259; port1398; port231; port481; port766; port2066; port951,17,0.0,9e9f1ca4abad4948af5caed716c137f3,2173469.48828125,6906.2243711354695,0.0,0.0,Jacksonville,United States,USA,North America,30.3833261,-81.58303357,1322,589,87,93,387,166,1.08,0.25,1,2,0,0,0,0,1,7.187657164114956,6.380122536899765,5.117993812416755,4.477336814478207,0.665,1.9166666666666667,2024,10,1320.507326192039
10000003,port736,OT,US PORTS STRIKE,US Ports Strike,"Labor strike affecting many ports across the US East and Gulf Coasts, as well as the Port of Montreal in Canada",RED,,2024-10-01 00:00:00+00:00,2024,2024-10-02 22:00:00+00:00,,29.77081,-95.35517,1727962353164,port812; port815; port826; port103; port901; port159; port513; port736; port754; port1170; port1259; port1398; port231; port481; port766; port2066; port951,17,0.0,9e9f1ca4abad4948af5caed716c137f3,2173469.48828125,6906.2243711354695,0.0,0.0,Miami,United States,USA,North America,25.77821728,-80.1832659,1222,804,0,395,5,18,0.43,0.11,1,2,0,0,0,0,1,7.109062135687172,6.690842277418564,2.9444389791664403,0.0,0.27,1.9166666666666667,2024,10,1579.9190631624042
10000003,port754,OT,US PORTS STRIKE,US Ports Strike,"Labor strike affecting many ports across the US East and Gulf Coasts, as well as the Port of Montreal in Canada",RED,,2024-10-01 00:00:00+00:00,2024,2024-10-02 22:00:00+00:00,,29.77081,-95.35517,1727962353164,port812; port815; port826; port103; port901; port159; port513; port736; port754; port1170; port1259; port1398; port231; port481; port766; port2066; port951,17,0.0,9e9f1ca4abad4948af5caed716c137f3,2173469.48828125,6906.2243711354695,0.0,0.0,Mobile,United States,USA,North America,30.66503638,-88.06673452,1155,294,392,223,70,176,1.97,1.52,1,2,0,0,0,0,1,7.052721049232323,5.68697535633982,5.176149732573829,5.973809611869261,1.745,1.9166666666666667,2024,10,702.9298203903661
10000003,port1170,OT,US PORTS STRIKE,US Ports Strike,"Labor strike affecting many ports across the US East and Gulf Coasts, as well as the Port of Montreal in Canada",RED,,2024-10-01 00:00:00+00:00,2024,2024-10-02 22:00:00+00:00,,29.77081,-95.35517,1727962353164,port812; port815; port826; port103; port901; port159; port513; port736; port754; port1170; port1259; port1398; port231; port481; port766; port2066; port951,17,0.0,9e9f1ca4abad4948af5caed716c137f3,2173469.48828125,6906.2243711354695,0.0,0.0,Savannah,United States,USA,North America,32.10402454,-81.10052022,2274,1603,201,127,89,254,5.4,2.36,1,2,0,0,0,0,1,7.729735331385051,7.38025578842646,5.541263545158426,5.308267697401205,3.88,1.9166666666666667,2024,10,1365.10578235039
10000003,port1259,OT,US PORTS STRIKE,US Ports Strike,"Labor strike affecting many ports across the US East and Gulf Coasts, as well as the Port of Montreal in Canada",RED,,2024-10-01 00:00:00+00:00,2024,2024-10-02 22:00:00+00:00,,29.77081,-95.35517,1727962353164,port812; port815; port826; port103; port901; port159; port513; port736; port754; port1170; port1259; port1398; port231; port481; port766; port2066; port951,17,0.0,9e9f1ca4abad4948af5caed716c137f3,2173469.48828125,6906.2243711354695,0.0,0.0,Tampa Port,United States,USA,North America,27.89834075,-82.41979139,930,156,285,87,12,390,1.77,0.34,1,2,0,0,0,0,1,6.836259277277067,5.056245805348308,5.968707559985366,5.655991810819852,1.055,1.9166666666666667,2024,10,1285.8629400782495
10000003,port1398,OT,US PORTS STRIKE,US Ports Strike,"Labor strike affecting many ports across the US East and Gulf Coasts, as well as the Port of Montreal in Canada",RED,,2024-10-01 00:00:00+00:00,2024,2024-10-02 22:00:00+00:00,,29.77081,-95.35517,1727962353164,port812; port815; port826; port103; port901; port159; port513; port736; port754; port1170; port1259; port1398; port231; port481; port766; port2066; port951,17,0.0,9e9f1ca4abad4948af5caed716c137f3,2173469.48828125,6906.2243711354695,0.0,0.0,"Wilmington, DE",United States,USA,North America,39.70485674,-75.52165536,811,443,64,33,103,168,0.92,0.27,1,2,0,0,0,0,1,6.699500340161678,6.095824562432225,5.1298987149230735,4.174387269895637,0.595,1.9166666666666667,2024,10,2021.0444469691938
10000003,port231,OT,US PORTS STRIKE,US Ports Strike,"Labor strike affecting many ports across the US East and Gulf Coasts, as well as the Port of Montreal in Canada",RED,,2024-10-01 00:00:00+00:00,2024,2024-10-02 22:00:00+00:00,,29.77081,-95.35517,1727962353164,port812; port815; port826; port103; port901; port159; port513; port736; port754; port1170; port1259; port1398; port231; port481; port766; port2066; port951,17,0.0,9e9f1ca4abad4948af5caed716c137f3,2173469.48828125,6906.2243711354695,0.0,0.0,Charleston,United States,USA,North America,32.8992962,-79.92115799,1754,1211,90,94,204,155,2.92,1.09,1,2,0,0,0,0,1,7.470224135899966,7.10002716662926,5.049856007249537,4.51085950651685,2.005,1.9166666666666667,2024,10,1479.751487757258
10000003,port481,OT,US PORTS STRIKE,US Ports Strike,"Labor strike affecting many ports across the US East and Gulf Coasts, as well as the Port of Montreal in Canada",RED,,2024-10-01 00:00:00+00:00,2024,2024-10-02 22:00:00+00:00,,29.77081,-95.35517,1727962353164,port812; port815; port826; port103; port901; port159; port513; port736; port754; port1170; port1259; port1398; port231; port481; port766; port2066; port951,17,0.0,9e9f1ca4abad4948af5caed716c137f3,2173469.48828125,6906.2243711354695,0.0,0.0,Houston (US-TX),United States,USA,North America,29.72023114,-95.13978774,7358,984,735,562,63,5014,8.21,17.78,1,2,0,0,0,0,1,8.903679332926599,6.892641641172089,8.520188700396035,6.601230118728877,12.995000000000001,1.9166666666666667,2024,10,21.508228849289782
10000003,port766,OT,US PORTS STRIKE,US Ports Strike,"Labor strike affecting many ports across the US East and Gulf Coasts, as well as the Port of Montreal in Canada",RED,,2024-10-01 00:00:00+00:00,2024,2024-10-02 22:00:00+00:00,,29.77081,-95.35517,1727962353164,port812; port815; port826; port103; port901; port159; port513; port736; port754; port1170; port1259; port1398; port231; port481; port766; port2066; port951,17,0.0,9e9f1ca4abad4948af5caed716c137f3,2173469.48828125,6906.2243711354695,0.0,0.0,Montreal,Canada,CAN,North America,45.54455368,-73.53480189,1150,433,326,127,77,187,4.41,2.05,1,2,0,0,0,0,1,7.048386408721883,6.073044534100405,5.236441962829949,5.7899601708972535,3.23,1.9166666666666667,2024,10,2437.834573657988
10000003,port2066,OT,US PORTS STRIKE,US Ports Strike,"Labor strike affecting many ports across the US East and Gulf Coasts, as well as the Port of Montreal in Canada",RED,,2024-10-01 00:00:00+00:00,2024,2024-10-02 22:00:00+00:00,,29.77081,-95.35517,1727962353164,port812; port815; port826; port103; port901; port159; port513; port736; port754; port1170; port1259; port1398; port231; port481; port766; port2066; port951,17,0.0,9e9f1ca4abad4948af5caed716c137f3,2173469.48828125,6906.2243711354695,0.0,0.0,Port of Virginia,United States,USA,North America,36.9364539978554,-76.3200234036896,1275,1130,61,41,6,37,2.75,1.71,1,2,0,0,0,0,1,7.151485463904735,7.030857476116121,3.6375861597263857,4.127134385045092,2.23,1.9166666666666667,2024,10,1866.7738594078403
10000003,port951,OT,US PORTS STRIKE,US Ports Strike,"Labor strike affecting many ports across the US East and Gulf Coasts, as well as the Port of Montreal in Canada",RED,,2024-10-01 00:00:00+00:00,2024,2024-10-02 22:00:00+00:00,,29.77081,-95.35517,1727962353164,port812; port815; port826; port103; port901; port159; port513; port736; port754; port1170; port1259; port1398; port231; port481; port766; port2066; port951,17,0.0,9e9f1ca4abad4948af5caed716c137f3,2173469.48828125,6906.2243711354695,0.0,0.0,Port Everglades,United States,USA,North America,26.0810509,-80.12439561,2316,1471,67,283,116,379,1.88,0.22,1,2,0,0,0,0,1,7.748028524432376,7.294377299288821,5.940171252720432,4.219507705176107,1.05,1.9166666666666667,2024,10,1572.7301073237113
1001111,port212,TC,MILTON-24,Tropical Cyclone MILTON-24,"Red Tropical Cyclone MILTON-24 in Mexico, United States from: 05 Oct 2024  to: 09 Oct 2024 .",RED,Mexico; United States,2024-10-05 15:00:00+00:00,2024,2024-10-09 09:00:00+00:00,Hurricane (maximum wind speed of 287 km/h),24.5,-85.4,1728469086877,port212; port876; port967; port1259; port1023,5,0.0,6c5f734acb3a49209d1efa314fad3b08,821112466236.6816,6859035.563660279,287.0,0.0,Canaveral Harbor,United States,USA,North America,28.41097835,-80.61594935,197,5,85,44,10,53,0.47,0.01,1,2,1,0,0,0,0,5.288267030694535,1.791759469228055,3.9889840465642745,4.454347296253507,0.24,3.75,2024,10,637.6631698719214
1001111,port876,TC,MILTON-24,Tropical Cyclone MILTON-24,"Red Tropical Cyclone MILTON-24 in Mexico, United States from: 05 Oct 2024  to: 09 Oct 2024 .",RED,Mexico; United States,2024-10-05 15:00:00+00:00,2024,2024-10-09 09:00:00+00:00,Hurricane (maximum wind speed of 287 km/h),24.5,-85.4,1728469086877,port212; port876; port967; port1259; port1023,5,0.0,6c5f734acb3a49209d1efa314fad3b08,821112466236.6816,6859035.563660279,287.0,0.0,Palm Beach,United States,USA,North America,26.76801713,-80.05581497,619,218,14,313,68,6,0.05,0.07,1,2,1,0,0,0,0,6.429719478039138,5.389071729816501,1.9459101490553132,2.70805020110221,0.060000000000000005,3.75,2024,10,586.4225709044601
1001111,port967,TC,MILTON-24,Tropical Cyclone MILTON-24,"Red Tropical Cyclone MILTON-24 in Mexico, United States from: 05 Oct 2024  to: 09 Oct 2024 .",RED,Mexico; United States,2024-10-05 15:00:00+00:00,2024,2024-10-09 09:00:00+00:00,Hurricane (maximum wind speed of 287 km/h),24.5,-85.4,1728469086877,port212; port876; port967; port1259; port1023,5,0.0,6c5f734acb3a49209d1efa314fad3b08,821112466236.6816,6859035.563660279,287.0,0.0,Port Manatee,United States,USA,North America,27.63344969,-82.55715768,311,130,84,48,0,49,0.46,0.02,1,2,1,0,0,0,0,5.7430031878094825,4.875197323201151,3.912023005428146,4.442651256490317,0.24000000000000002,3.75,2024,10,446.2378117108584
1001111,port1259,TC,MILTON-24,Tropical Cyclone MILTON-24,"Red Tropical Cyclone MILTON-24 in Mexico, United States from: 05 Oct 2024  to: 09 Oct 2024 .",RED,Mexico; United States,2024-10-05 15:00:00+00:00,2024,2024-10-09 09:00:00+00:00,Hurricane (maximum wind speed of 287 km/h),24.5,-85.4,1728469086877,port212; port876; port967; port1259; port1023,5,0.0,6c5f734acb3a49209d1efa314fad3b08,821112466236.6816,6859035.563660279,287.0,0.0,Tampa Port,United States,USA,North America,27.89834075,-82.41979139,930,156,285,87,12,390,1.77,0.34,1,2,1,0,0,0,0,6.836259277277067,5.056245805348308,5.968707559985366,5.655991810819852,1.055,3.75,2024,10,477.24664356866333
1001111,port1023,TC,MILTON-24,Tropical Cyclone MILTON-24,"Red Tropical Cyclone MILTON-24 in Mexico, United States from: 05 Oct 2024  to: 09 Oct 2024 .",RED,Mexico; United States,2024-10-05 15:00:00+00:00,2024,2024-10-09 09:00:00+00:00,Hurricane (maximum wind speed of 287 km/h),24.5,-85.4,1728469086877,port212; port876; port967; port1259; port1023,5,0.0,6c5f734acb3a49209d1efa314fad3b08,821112466236.6816,6859035.563660279,287.0,0.0,Progreso,Mexico,MEX,North America,21.34384604,-89.67539375,587,182,128,105,0,172,3.17,0.58,1,2,1,0,0,0,0,6.376726947898627,5.209486152841421,5.153291594497779,4.859812404361672,1.875,3.75,2024,10,564.0163719787639
1001118,port238,TC,KONG-REY-24,Tropical Cyclone KONG-REY-24,"Red Tropical Cyclone KONG-REY-24 in Philippines, Taiwan, China, Japan from: 25 Oct 2024  to: 01 Nov 2024 .",RED,Taiwan Province of China; China,2024-10-25 00:00:00+00:00,2024,2024-11-01 18:00:00+00:00,Hurricane (maximum wind speed of 241 km/h),32.2,126.1,1743233631549,port238; port824; port681; port2230; port1390; port2229; port541; port1074; port438; port482; port1405; port1261; port1192; port370; port1252; port1404; port1403,17,0.0,8a0fa020db1c41418971e9ad621376c5,1161912189137.1094,5519864.053116027,241.0,0.0,Keelung,Taiwan Province of China,TWN,Asia & Pacific,25.14717994,121.7520059,3510,2527,265,488,33,197,6.76,8.5,1,2,1,0,0,0,0,8.163656176168432,7.8351837552667485,5.288267030694535,5.583496308781699,7.63,7.75,2024,10,896.5164470804359
1001118,port824,TC,KONG-REY-24,Tropical Cyclone KONG-REY-24,"Red Tropical Cyclone KONG-REY-24 in Philippines, Taiwan, China, Japan from: 25 Oct 2024  to: 01 Nov 2024 .",RED,Taiwan Province of China; China,2024-10-25 00:00:00+00:00,2024,2024-11-01 18:00:00+00:00,Hurricane (maximum wind speed of 241 km/h),32.2,126.1,1743233631549,port238; port824; port681; port2230; port1390; port2229; port541; port1074; port438; port482; port1405; port1261; port1192; port370; port1252; port1404; port1403,17,0.0,8a0fa020db1c41418971e9ad621376c5,1161912189137.1094,5519864.053116027,241.0,0.0,Ningbo,China,CHN,Asia & Pacific,29.92076897,121.8818408,18455,10352,2117,770,271,4945,8.4,10.56,1,2,1,0,0,0,0,9.823144799853589,9.245031611766112,8.506334448081361,7.658227526161352,9.48,7.75,2024,10,478.2134000743683
1001118,port681,TC,KONG-REY-24,Tropical Cyclone KONG-REY-24,"Red Tropical Cyclone KONG-REY-24 in Philippines, Taiwan, China, Japan from: 25 Oct 2024  to: 01 Nov 2024 .",RED,Taiwan Province of China; China,2024-10-25 00:00:00+00:00,2024,2024-11-01 18:00:00+00:00,Hurricane (maximum wind speed of 241 km/h),32.2,126.1,1743233631549,port238; port824; port681; port2230; port1390; port2229; port541; port1074; port438; port482; port1405; port1261; port1192; port370; port1252; port1404; port1403,17,0.0,8a0fa020db1c41418971e9ad621376c5,1161912189137.1094,5519864.053116027,241.0,0.0,Mailiao,Taiwan Province of China,TWN,Asia & Pacific,23.79148547,120.1959404,1194,0,130,55,0,1009,10.88,8.13,1,2,1,0,0,0,0,7.085901464365611,0.0,6.917705609835305,4.875197323201151,9.505,7.75,2024,10,1109.379839071583
1001118,port2230,TC,KONG-REY-24,Tropical Cyclone KONG-REY-24,"Red Tropical Cyclone KONG-REY-24 in Philippines, Taiwan, China, Japan from: 25 Oct 2024  to: 01 Nov 2024 .",RED,Taiwan Province of China; China,2024-10-25 00:00:00+00:00,2024,2024-11-01 18:00:00+00:00,Hurricane (maximum wind speed of 241 km/h),32.2,126.1,1743233631549,port238; port824; port681; port2230; port1390; port2229; port541; port1074; port438; port482; port1405; port1261; port1192; port370; port1252; port1404; port1403,17,0.0,8a0fa020db1c41418971e9ad621376c5,1161912189137.1094,5519864.053116027,241.0,0.0,Suao,Taiwan Province of China,TWN,Asia & Pacific,24.5953552721171,121.86932576231,167,0,85,46,0,36,0.67,0.4,1,2,1,0,0,0,0,5.123963979403259,0.0,3.6109179126442243,4.454347296253507,0.535,7.75,2024,10,945.9693293465479
1001118,port1390,TC,KONG-REY-24,Tropical Cyclone KONG-REY-24,"Red Tropical Cyclone KONG-REY-24 in Philippines, Taiwan, China, Japan from: 25 Oct 2024  to: 01 Nov 2024 .",RED,Taiwan Province of China; China,2024-10-25 00:00:00+00:00,2024,2024-11-01 18:00:00+00:00,Hurricane (maximum wind speed of 241 km/h),32.2,126.1,1743233631549,port238; port824; port681; port2230; port1390; port2229; port541; port1074; port438; port482; port1405; port1261; port1192; port370; port1252; port1404; port1403,17,0.0,8a0fa020db1c41418971e9ad621376c5,1161912189137.1094,5519864.053116027,241.0,0.0,Wenzhou,China,CHN,Asia & Pacific,28.0006769,120.9135209,583,35,165,142,0,241,0.08,0.0,1,2,1,0,0,0,0,6.369900982828227,3.58351893845611,5.488937726156687,5.111987788356544,0.04,7.75,2024,10,689.6741555275353
1001118,port2229,TC,KONG-REY-24,Tropical Cyclone KONG-REY-24,"Red Tropical Cyclone KONG-REY-24 in Philippines, Taiwan, China, Japan from: 25 Oct 2024  to: 01 Nov 2024 .",RED,Taiwan Province of China; China,2024-10-25 00:00:00+00:00,2024,2024-11-01 18:00:00+00:00,Hurricane (maximum wind speed of 241 km/h),32.2,126.1,1743233631549,port238; port824; port681; port2230; port1390; port2229; port541; port1074; port438; port482; port1405; port1261; port1192; port370; port1252; port1404; port1403,17,0.0,8a0fa020db1c41418971e9ad621376c5,1161912189137.1094,5519864.053116027,241.0,0.0,Anping,Taiwan Province of China,TWN,Asia & Pacific,22.9744474218755,120.160318140284,221,1,44,40,0,136,0.3,0.33,1,2,1,0,0,0,0,5.402677381872279,0.6931471805599453,4.919980925828125,3.8066624897703196,0.315,7.75,2024,10,1190.4239244659814
1001118,port541,TC,KONG-REY-24,Tropical Cyclone KONG-REY-24,"Red Tropical Cyclone KONG-REY-24 in Philippines, Taiwan, China, Japan from: 25 Oct 2024  to: 01 Nov 2024 .",RED,Taiwan Province of China; China,2024-10-25 00:00:00+00:00,2024,2024-11-01 18:00:00+00:00,Hurricane (maximum wind speed of 241 km/h),32.2,126.1,1743233631549,port238; port824; port681; port2230; port1390; port2229; port541; port1074; port438; port482; port1405; port1261; port1192; port370; port1252; port1404; port1403,17,0.0,8a0fa020db1c41418971e9ad621376c5,1161912189137.1094,5519864.053116027,241.0,0.0,Kaohsiung,Taiwan Province of China,TWN,Asia & Pacific,22.5615278,120.3226847,13044,7471,1676,1680,72,2145,48.22,64.92,1,2,1,0,0,0,0,9.47616019757083,8.918917979908679,7.671360923190644,7.424761761823209,56.57,7.75,2024,10,1222.8358899189134
1001118,port1074,TC,KONG-REY-24,Tropical Cyclone KONG-REY-24,"Red Tropical Cyclone KONG-REY-24 in Philippines, Taiwan, China, Japan from: 25 Oct 2024  to: 01 Nov 2024 .",RED,Taiwan Province of China; China,2024-10-25 00:00:00+00:00,2024,2024-11-01 18:00:00+00:00,Hurricane (maximum wind speed of 241 km/h),32.2,126.1,1743233631549,port238; port824; port681; port2230; port1390; port2229; port541; port1074; port438; port482; port1405; port1261; port1192; port370; port1252; port1404; port1403,17,0.0,8a0fa020db1c41418971e9ad621376c5,1161912189137.1094,5519864.053116027,241.0,0.0,Quanzhou,China,CHN,Asia & Pacific,24.84610329,118.7030793,710,342,62,274,1,31,0.08,0.03,1,2,1,0,0,0,0,6.566672429803241,5.8377304471659395,3.4657359027997265,4.143134726391533,0.055,7.75,2024,10,1105.1844839105486
1001118,port438,TC,KONG-REY-24,Tropical Cyclone KONG-REY-24,"Red Tropical Cyclone KONG-REY-24 in Philippines, Taiwan, China, Japan from: 25 Oct 2024  to: 01 Nov 2024 .",RED,Taiwan Province of China; China,2024-10-25 00:00:00+00:00,2024,2024-11-01 18:00:00+00:00,Hurricane (maximum wind speed of 241 km/h),32.2,126.1,1743233631549,port238; port824; port681; port2230; port1390; port2229; port541; port1074; port438; port482; port1405; port1261; port1192; port370; port1252; port1404; port1403,17,0.0,8a0fa020db1c41418971e9ad621376c5,1161912189137.1094,5519864.053116027,241.0,0.0,Haimen,China,CHN,Asia & Pacific,28.83311121,121.5625881,399,8,40,181,0,170,0.02,0.01,1,2,1,0,0,0,0,5.991464547107982,2.1972245773362196,5.14166355650266,3.713572066704308,0.015,7.75,2024,10,578.2212970579654
1001118,port482,TC,KONG-REY-24,Tropical Cyclone KONG-REY-24,"Red Tropical Cyclone KONG-REY-24 in Philippines, Taiwan, China, Japan from: 25 Oct 2024  to: 01 Nov 2024 .",RED,Taiwan Province of China; China,2024-10-25 00:00:00+00:00,2024,2024-11-01 18:00:00+00:00,Hurricane (maximum wind speed of 241 km/h),32.2,126.1,1743233631549,port238; port824; port681; port2230; port1390; port2229; port541; port1074; port438; port482; port1405; port1261; port1192; port370; port1252; port1404; port1403,17,0.0,8a0fa020db1c41418971e9ad621376c5,1161912189137.1094,5519864.053116027,241.0,0.0,Hualien,Taiwan Province of China,TWN,Asia & Pacific,23.98211049,121.6278977,226,0,100,109,0,17,0.26,1.01,1,2,1,0,0,0,0,5.424950017481403,0.0,2.8903717578961645,4.61512051684126,0.635,7.75,2024,10,1018.7200123460935
1001118,port1405,TC,KONG-REY-24,Tropical Cyclone KONG-REY-24,"Red Tropical Cyclone KONG-REY-24 in Philippines, Taiwan, China, Japan from: 25 Oct 2024  to: 01 Nov 2024 .",RED,Taiwan Province of China; China,2024-10-25 00:00:00+00:00,2024,2024-11-01 18:00:00+00:00,Hurricane (maximum wind speed of 241 km/h),32.2,126.1,1743233631549,port238; port824; port681; port2230; port1390; port2229; port541; port1074; port438; port482; port1405; port1261; port1192; port370; port1252; port1404; port1403,17,0.0,8a0fa020db1c41418971e9ad621376c5,1161912189137.1094,5519864.053116027,241.0,0.0,Xiuyu,China,CHN,Asia & Pacific,25.16527891,118.9870449,2353,4,827,154,0,1368,1.3,0.54,1,2,1,0,0,0,0,7.763871287820222,1.6094379124341003,7.221835825288449,6.71901315438526,0.92,7.75,2024,10,1058.4822537678006
1001118,port1261,TC,KONG-REY-24,Tropical Cyclone KONG-REY-24,"Red Tropical Cyclone KONG-REY-24 in Philippines, Taiwan, China, Japan from: 25 Oct 2024  to: 01 Nov 2024 .",RED,Taiwan Province of China; China,2024-10-25 00:00:00+00:00,2024,2024-11-01 18:00:00+00:00,Hurricane (maximum wind speed of 241 km/h),32.2,126.1,1743233631549,port238; port824; port681; port2230; port1390; port2229; port541; port1074; port438; port482; port1405; port1261; port1192; port370; port1252; port1404; port1403,17,0.0,8a0fa020db1c41418971e9ad621376c5,1161912189137.1094,5519864.053116027,241.0,0.0,Taipei,Taiwan Province of China,TWN,Asia & Pacific,25.15663144,121.3807189,2782,1518,344,353,331,236,4.94,3.11,1,2,1,0,0,0,0,7.931284761525891,7.325807502595773,5.4680601411351315,5.84354441703136,4.025,7.75,2024,10,914.3601630732566
1001118,port1192,TC,KONG-REY-24,Tropical Cyclone KONG-REY-24,"Red Tropical Cyclone KONG-REY-24 in Philippines, Taiwan, China, Japan from: 25 Oct 2024  to: 01 Nov 2024 .",RED,Taiwan Province of China; China,2024-10-25 00:00:00+00:00,2024,2024-11-01 18:00:00+00:00,Hurricane (maximum wind speed of 241 km/h),32.2,126.1,1743233631549,port238; port824; port681; port2230; port1390; port2229; port541; port1074; port438; port482; port1405; port1261; port1192; port370; port1252; port1404; port1403,17,0.0,8a0fa020db1c41418971e9ad621376c5,1161912189137.1094,5519864.053116027,241.0,0.0,Shijing Longxiang,China,CHN,Asia & Pacific,24.6609656,118.4382757,185,2,12,58,0,113,0.01,0.0,1,2,1,0,0,0,0,5.225746673713202,1.0986122886681098,4.736198448394496,2.5649493574615367,0.005,7.75,2024,10,1139.139505008247
1001118,port370,TC,KONG-REY-24,Tropical Cyclone KONG-REY-24,"Red Tropical Cyclone KONG-REY-24 in Philippines, Taiwan, China, Japan from: 25 Oct 2024  to: 01 Nov 2024 .",RED,Taiwan Province of China; China,2024-10-25 00:00:00+00:00,2024,2024-11-01 18:00:00+00:00,Hurricane (maximum wind speed of 241 km/h),32.2,126.1,1743233631549,port238; port824; port681; port2230; port1390; port2229; port541; port1074; port438; port482; port1405; port1261; port1192; port370; port1252; port1404; port1403,17,0.0,8a0fa020db1c41418971e9ad621376c5,1161912189137.1094,5519864.053116027,241.0,0.0,Fuzhou,China,CHN,Asia & Pacific,25.77760491,119.4743241,2718,1071,457,376,9,805,0.33,0.37,1,2,1,0,0,0,0,7.908019444632471,6.977281341630747,6.692083742506628,6.126869184114185,0.35,7.75,2024,10,973.0367639417217
1001118,port1252,TC,KONG-REY-24,Tropical Cyclone KONG-REY-24,"Red Tropical Cyclone KONG-REY-24 in Philippines, Taiwan, China, Japan from: 25 Oct 2024  to: 01 Nov 2024 .",RED,Taiwan Province of China; China,2024-10-25 00:00:00+00:00,2024,2024-11-01 18:00:00+00:00,Hurricane (maximum wind speed of 241 km/h),32.2,126.1,1743233631549,port238; port824; port681; port2230; port1390; port2229; port541; port1074; port438; port482; port1405; port1261; port1192; port370; port1252; port1404; port1403,17,0.0,8a0fa020db1c41418971e9ad621376c5,1161912189137.1094,5519864.053116027,241.0,0.0,Taichung,Taiwan Province of China,TWN,Asia & Pacific,24.25457118,120.5049668,5808,2668,1219,788,39,1094,23.6,13.52,1,2,1,0,0,0,0,8.667163717992533,7.889459149404524,6.9985096422506015,7.106606137727303,18.560000000000002,7.75,2024,10,1048.0635463668618
1001118,port1404,TC,KONG-REY-24,Tropical Cyclone KONG-REY-24,"Red Tropical Cyclone KONG-REY-24 in Philippines, Taiwan, China, Japan from: 25 Oct 2024  to: 01 Nov 2024 .",RED,Taiwan Province of China; China,2024-10-25 00:00:00+00:00,2024,2024-11-01 18:00:00+00:00,Hurricane (maximum wind speed of 241 km/h),32.2,126.1,1743233631549,port238; port824; port681; port2230; port1390; port2229; port541; port1074; port438; port482; port1405; port1261; port1192; port370; port1252; port1404; port1403,17,0.0,8a0fa020db1c41418971e9ad621376c5,1161912189137.1094,5519864.053116027,241.0,0.0,Xiamen,China,CHN,Asia & Pacific,24.46593394,118.0205536,7761,5339,901,954,55,512,2.56,3.43,1,2,1,0,0,0,0,8.956995311928852,8.582980931954241,6.240275845170769,6.804614520062624,2.995,7.75,2024,10,1184.6186725405114
1001118,port1403,TC,KONG-REY-24,Tropical Cyclone KONG-REY-24,"Red Tropical Cyclone KONG-REY-24 in Philippines, Taiwan, China, Japan from: 25 Oct 2024  to: 01 Nov 2024 .",RED,Taiwan Province of China; China,2024-10-25 00:00:00+00:00,2024,2024-11-01 18:00:00+00:00,Hurricane (maximum wind speed of 241 km/h),32.2,126.1,1743233631549,port238; port824; port681; port2230; port1390; port2229; port541; port1074; port438; port482; port1405; port1261; port1192; port370; port1252; port1404; port1403,17,0.0,8a0fa020db1c41418971e9ad621376c5,1161912189137.1094,5519864.053116027,241.0,0.0,Xiagong,China,CHN,Asia & Pacific,26.56552028,119.7215338,1613,52,1081,251,8,221,1.08,0.28,1,2,1,0,0,0,0,7.3864708488298945,3.970291913552122,5.402677381872279,6.9865664594064265,0.68,7.75,2024,10,890.0439332879868
1102974,port883,FL,Flood in India,Flood in India,Red Flood in India from: 20 Oct 2024 01 to: 26 Oct 2024 01.,RED,India,2024-10-20 01:00:00+00:00,2024,2024-10-26 01:00:00+00:00,,20.54312,84.68974,1743233631549,port883; port442; port207; port290,4,0.0,acd01d6724e54fd38f51a282856cdea7,280781350489.4551,11023326.748080814,0.0,0.0,Paradip,India,IND,Asia & Pacific,20.28045307,86.64892168,1267,13,1044,49,0,161,4.89,16.35,1,2,0,1,0,0,0,7.145196134997171,2.6390573296152584,5.087596335232384,6.951772164398911,10.620000000000001,6.0,2024,10,206.0607591663257
1102974,port442,FL,Flood in India,Flood in India,Red Flood in India from: 20 Oct 2024 01 to: 26 Oct 2024 01.,RED,India,2024-10-20 01:00:00+00:00,2024,2024-10-26 01:00:00+00:00,,20.54312,84.68974,1743233631549,port883; port442; port207; port290,4,0.0,acd01d6724e54fd38f51a282856cdea7,280781350489.4551,11023326.748080814,0.0,0.0,Haldia,India,IND,Asia & Pacific,22.0577906,88.10419444,1433,150,711,111,0,461,4.33,1.54,1,2,0,1,0,0,0,7.2682230211595655,5.017279836814924,6.135564891081739,6.568077911411976,2.935,6.0,2024,10,389.4267066532214
1102974,port207,FL,Flood in India,Flood in India,Red Flood in India from: 20 Oct 2024 01 to: 26 Oct 2024 01.,RED,India,2024-10-20 01:00:00+00:00,2024,2024-10-26 01:00:00+00:00,,20.54312,84.68974,1743233631549,port883; port442; port207; port290,4,0.0,acd01d6724e54fd38f51a282856cdea7,280781350489.4551,11023326.748080814,0.0,0.0,Kolkata (Syama Prasad Mookerje Port),India,IND,Asia & Pacific,22.53574401,88.29958111,642,434,9,187,1,11,0.2,0.16,1,2,0,1,0,0,0,6.466144724237619,6.075346031088684,2.4849066497880004,2.302585092994046,0.18,6.0,2024,10,431.151956400575
1102974,port290,FL,Flood in India,Flood in India,Red Flood in India from: 20 Oct 2024 01 to: 26 Oct 2024 01.,RED,India,2024-10-20 01:00:00+00:00,2024,2024-10-26 01:00:00+00:00,,20.54312,84.68974,1743233631549,port883; port442; port207; port290,4,0.0,acd01d6724e54fd38f51a282856cdea7,280781350489.4551,11023326.748080814,0.0,0.0,Dhamra Port,India,IND,Asia & Pacific,20.82773698,86.9595015,367,0,360,7,0,0,3.23,3.45,1,2,0,1,0,0,0,5.908082938168931,0.0,0.0,5.8888779583328805,3.34,6.0,2024,10,237.58974456328085
1001117,port883,TC,DANA-24,Tropical Cyclone DANA-24,Red Tropical Cyclone DANA-24 in India from: 23 Oct 2024  to: 25 Oct 2024 .,RED,India,2024-10-23 06:00:00+00:00,2024,2024-10-25 00:00:00+00:00,Hurricane (maximum wind speed of 120 km/h),20.8,86.9,1743233631549,port883; port290,2,0.0,61640e351cc846aea17d94a763b36ba5,141183293249.01953,1513492.9164785235,120.0,0.0,Paradip,India,IND,Asia & Pacific,20.28045307,86.64892168,1267,13,1044,49,0,161,4.89,16.35,1,2,1,0,0,0,0,7.145196134997171,2.6390573296152584,5.087596335232384,6.951772164398911,10.620000000000001,1.75,2024,10,63.318229467438755
1001117,port290,TC,DANA-24,Tropical Cyclone DANA-24,Red Tropical Cyclone DANA-24 in India from: 23 Oct 2024  to: 25 Oct 2024 .,RED,India,2024-10-23 06:00:00+00:00,2024,2024-10-25 00:00:00+00:00,Hurricane (maximum wind speed of 120 km/h),20.8,86.9,1743233631549,port883; port290,2,0.0,61640e351cc846aea17d94a763b36ba5,141183293249.01953,1513492.9164785235,120.0,0.0,Dhamra Port,India,IND,Asia & Pacific,20.82773698,86.9595015,367,0,360,7,0,0,3.23,3.45,1,2,1,0,0,0,0,5.908082938168931,0.0,0.0,5.8888779583328805,3.34,1.75,2024,10,6.89825359085638
1001154,port1307,TC,JUDE-25,Tropical Cyclone JUDE-25,"Red Tropical Cyclone JUDE-25 in Mozambique, Madagascar from: 08 Mar 2025  to: 16 Mar 2025 .",RED,Madagascar; Mozambique,2025-03-08 18:00:00+00:00,2025,2025-03-16 00:00:00+00:00,Hurricane (maximum wind speed of 148 km/h),-26.04,51.93,1743233631549,port1307; port784; port340,3,0.0,741cbca36fb74752a8b9624f447fe27b,892986210001.831,7536661.496264165,148.0,0.0,Tulear (Toliara),Madagascar,MDG,Africa,-23.37321861,43.66993419,61,0,14,28,0,19,2.73,3.0,1,2,1,0,0,0,0,4.127134385045092,0.0,2.995732273553991,2.70805020110221,2.865,7.25,2025,3,892.1678399540788
1001154,port784,TC,JUDE-25,Tropical Cyclone JUDE-25,"Red Tropical Cyclone JUDE-25 in Mozambique, Madagascar from: 08 Mar 2025  to: 16 Mar 2025 .",RED,Madagascar; Mozambique,2025-03-08 18:00:00+00:00,2025,2025-03-16 00:00:00+00:00,Hurricane (maximum wind speed of 148 km/h),-26.04,51.93,1743233631549,port1307; port784; port340,3,0.0,741cbca36fb74752a8b9624f447fe27b,892986210001.831,7536661.496264165,148.0,0.0,Nacala,Mozambique,MOZ,Africa,-14.53535059,40.65118404,394,96,180,23,0,95,12.33,30.52,1,2,1,0,0,0,0,5.978885764901122,4.574710978503383,4.564348191467836,5.198497031265826,21.425,7.25,2025,3,1760.5161086203345
1001154,port340,TC,JUDE-25,Tropical Cyclone JUDE-25,"Red Tropical Cyclone JUDE-25 in Mozambique, Madagascar from: 08 Mar 2025  to: 16 Mar 2025 .",RED,Madagascar; Mozambique,2025-03-08 18:00:00+00:00,2025,2025-03-16 00:00:00+00:00,Hurricane (maximum wind speed of 148 km/h),-26.04,51.93,1743233631549,port1307; port784; port340,3,0.0,741cbca36fb74752a8b9624f447fe27b,892986210001.831,7536661.496264165,148.0,0.0,Ehoala,Madagascar,MDG,Africa,-25.06680991,46.96379773,74,1,21,34,0,18,2.04,68.43,1,2,1,0,0,0,0,4.31748811353631,0.6931471805599453,2.9444389791664403,3.091042453358316,35.23500000000001,7.25,2025,3,510.88005356590986
1001151,port950,TC,GARANCE-25,Tropical Cyclone GARANCE-25,Red Tropical Cyclone GARANCE-25 in La Reunion from: 25 Feb 2025  to: 02 Mar 2025 .,RED,Réunion,2025-02-25 00:00:00+00:00,2025,2025-03-02 00:00:00+00:00,Hurricane (maximum wind speed of 201 km/h),-32.41,56.82,1743233631549,port950,1,0.0,bc0945c0bec84ace9d88e4b1d78d3382,567161975542.9766,7632557.145636045,201.0,0.0,Port Est,Réunion,REU,Africa,-20.93088407,55.30742425,474,275,45,58,44,52,100.0,100.0,1,2,1,0,0,0,0,6.163314804034641,5.62040086571715,3.970291913552122,3.828641396489095,100.0,5.0,2025,2,1283.795522022068
1458084,port980,EQ,Earthquake in Vanuatu,Earthquake in Vanuatu,Red M 7.3 Earthquake in Vanuatu at: 17 Dec 2024 01:47:25.,RED,Vanuatu,2024-12-17 01:47:25+00:00,2024,2024-12-17 01:47:25+00:00,"Magnitude 7.3M, Depth:57.094km",-17.6859,168.0338,1743233631549,port980,1,0.0,d9f1cd11bcad466f9ce50f174bc4a4d9,34805342363.78125,661419.83052175,0.0,7.3,Port Vila,Vanuatu,VUT,Asia & Pacific,-17.75583988,168.3019318,122,61,0,39,0,22,72.59,70.2,1,2,0,0,1,0,0,4.812184355372417,4.127134385045092,3.1354942159291497,0.0,71.39500000000001,0.0,2024,12,29.388796948097948
1001131,port982,TC,CHIDO-25,Tropical Cyclone CHIDO-25,"Red Tropical Cyclone CHIDO-25 in Mozambique, Miscellaneous (French) Indian Ocean Islands, Madagascar, Comoros, Mayotte from: 09 Dec 2024  to: 16 Dec 2024 .",RED,Mozambique; Mayotte,2024-12-09 18:00:00+00:00,2024,2024-12-16 12:00:00+00:00,Hurricane (maximum wind speed of 243 km/h),-16.55,33.77,1743233631549,port982; port896,2,0.0,0461e32d3a3a496db34c0fcb4f802442,340251863450.24414,5630351.734478647,243.0,0.0,Port de Longoni,Mayotte,MYT,Africa,-12.72484002,45.16784536,131,66,15,27,3,20,100.0,100.0,1,2,1,0,0,0,0,4.882801922586371,4.204692619390966,3.044522437723423,2.772588722239781,100.0,6.75,2024,12,1305.0864773264661
1001131,port896,TC,CHIDO-25,Tropical Cyclone CHIDO-25,"Red Tropical Cyclone CHIDO-25 in Mozambique, Miscellaneous (French) Indian Ocean Islands, Madagascar, Comoros, Mayotte from: 09 Dec 2024  to: 16 Dec 2024 .",RED,Mozambique; Mayotte,2024-12-09 18:00:00+00:00,2024,2024-12-16 12:00:00+00:00,Hurricane (maximum wind speed of 243 km/h),-16.55,33.77,1743233631549,port982; port896,2,0.0,0461e32d3a3a496db34c0fcb4f802442,340251863450.24414,5630351.734478647,243.0,0.0,Pemba,Mozambique,MOZ,Africa,-12.96679021,40.48677495,83,7,2,51,0,23,0.76,0.7,1,2,1,0,0,0,0,4.430816798843313,2.0794415416798357,3.1780538303479458,1.0986122886681098,0.73,6.75,2024,12,828.293209311687
1001199,port819,TC,KAJIKI-25,Tropical Cyclone KAJIKI-25,"Red Tropical Cyclone KAJIKI-25 in China, Viet Nam, Laos from: 22 Aug 2025  to: 25 Aug 2025 .",RED,China; Vietnam,2025-08-22 12:00:00+00:00,2025,2025-08-25 12:00:00+00:00,Hurricane (maximum wind speed of 176 km/h),18.6,105.7,1759773926919,port819; port123; port2405,3,0.0,ac2ab6950be24be78651406ff4a48fd3,315832502165.2754,3249273.252154244,176.0,0.0,Nghe Tinh,Vietnam,VNM,Asia & Pacific,19.21524656,105.762275,436,25,146,218,0,47,0.25,4.96,1,2,1,0,0,0,0,6.07993319509559,3.258096538021482,3.871201010907891,4.990432586778736,2.605,3.0,2025,8,68.6036060433382
1001199,port123,TC,KAJIKI-25,Tropical Cyclone KAJIKI-25,"Red Tropical Cyclone KAJIKI-25 in China, Viet Nam, Laos from: 22 Aug 2025  to: 25 Aug 2025 .",RED,China; Vietnam,2025-08-22 12:00:00+00:00,2025,2025-08-25 12:00:00+00:00,Hurricane (maximum wind speed of 176 km/h),18.6,105.7,1759773926919,port819; port123; port2405,3,0.0,ac2ab6950be24be78651406ff4a48fd3,315832502165.2754,3249273.252154244,176.0,0.0,Basuo,China,CHN,Asia & Pacific,19.07869612,108.6293529,549,0,95,9,0,445,0.08,0.09,1,2,1,0,0,0,0,6.309918278226516,0.0,6.100318952020064,4.564348191467836,0.08499999999999999,3.0,2025,8,311.8574181839902
1001199,port2405,TC,KAJIKI-25,Tropical Cyclone KAJIKI-25,"Red Tropical Cyclone KAJIKI-25 in China, Viet Nam, Laos from: 22 Aug 2025  to: 25 Aug 2025 .",RED,China; Vietnam,2025-08-22 12:00:00+00:00,2025,2025-08-25 12:00:00+00:00,Hurricane (maximum wind speed of 176 km/h),18.6,105.7,1759773926919,port819; port123; port2405,3,0.0,ac2ab6950be24be78651406ff4a48fd3,315832502165.2754,3249273.252154244,176.0,0.0,Nghi Son,Vietnam,VNM,Asia & Pacific,19.347948207291083,105.810270320808,1874,68,516,588,0,702,1.16,16.38,1,2,1,0,0,0,0,7.536363938404511,4.23410650459726,6.555356891810665,6.248042874508429,8.77,3.0,2025,8,83.82164126590244
1001214,port269,TC,BUALOI-25,Tropical Cyclone BUALOI-25,"Red Tropical Cyclone BUALOI-25 in Viet Nam, Philippines, Laos from: 23 Sep 2025  to: 28 Sep 2025 .",RED,Vietnam,2025-09-23 12:00:00+00:00,2025,2025-09-28 18:00:00+00:00,Hurricane (maximum wind speed of 148 km/h),18.2,106.2,1759774040248,port269; port819; port2405,3,0.0,4877524fdb7c445db72a442c5f4c6f97,690605174070.6943,7071118.486989791,148.0,0.0,Da Nang,Vietnam,VNM,Asia & Pacific,16.11513801,108.2296467,1549,1078,82,313,0,76,1.5,3.1,1,2,1,0,0,0,0,7.346010209913293,6.983789965258135,4.343805421853684,4.418840607796598,2.3,5.25,2025,9,316.8604613755505
1001214,port819,TC,BUALOI-25,Tropical Cyclone BUALOI-25,"Red Tropical Cyclone BUALOI-25 in Viet Nam, Philippines, Laos from: 23 Sep 2025  to: 28 Sep 2025 .",RED,Vietnam,2025-09-23 12:00:00+00:00,2025,2025-09-28 18:00:00+00:00,Hurricane (maximum wind speed of 148 km/h),18.2,106.2,1759774040248,port269; port819; port2405,3,0.0,4877524fdb7c445db72a442c5f4c6f97,690605174070.6943,7071118.486989791,148.0,0.0,Nghe Tinh,Vietnam,VNM,Asia & Pacific,19.21524656,105.762275,436,25,146,218,0,47,0.25,4.96,1,2,1,0,0,0,0,6.07993319509559,3.258096538021482,3.871201010907891,4.990432586778736,2.605,5.25,2025,9,121.67415577556805
1001214,port2405,TC,BUALOI-25,Tropical Cyclone BUALOI-25,"Red Tropical Cyclone BUALOI-25 in Viet Nam, Philippines, Laos from: 23 Sep 2025  to: 28 Sep 2025 .",RED,Vietnam,2025-09-23 12:00:00+00:00,2025,2025-09-28 18:00:00+00:00,Hurricane (maximum wind speed of 148 km/h),18.2,106.2,1759774040248,port269; port819; port2405,3,0.0,4877524fdb7c445db72a442c5f4c6f97,690605174070.6943,7071118.486989791,148.0,0.0,Nghi Son,Vietnam,VNM,Asia & Pacific,19.347948207291083,105.810270320808,1874,68,516,588,0,702,1.16,16.38,1,2,1,0,0,0,0,7.536363938404511,4.23410650459726,6.555356891810665,6.248042874508429,8.77,5.25,2025,9,133.80001802016508
1103514,port474,FL,Flood in China,Flood in China,Red Flood in China from: 23 Sep 2025 01 to: 25 Sep 2025 01.,RED,Hong Kong SAR,2025-09-23 01:00:00+00:00,2025,2025-09-25 01:00:00+00:00,,22.35063,114.1849,1759774040248,port474,1,0.0,ba4836d421a64310984bb04854a15168,3236111844.294922,241815.27399635635,0.0,0.0,Hong Kong,Hong Kong SAR,HKG,Asia & Pacific,22.33510926,114.0966519,16306,13076,398,696,210,1926,100.0,100.0,1,2,0,1,0,0,0,9.699349742461278,9.478610240906502,7.563719668414366,5.988961416889864,100.0,2.0,2025,9,9.22298218865018
1001211,port2019,TC,RAGASA-25,Tropical Cyclone RAGASA-25,"Red Tropical Cyclone RAGASA-25 in Philippines, China from: 18 Sep 2025  to: 24 Sep 2025 .",RED,China; Macao SAR; Hong Kong SAR,2025-09-18 12:00:00+00:00,2025,2025-09-24 12:00:00+00:00,Hurricane (maximum wind speed of 269 km/h),21.8,111.1,1759774040248,port2019; port436; port339; port2028; port136; port1071; port1414; port2112; port484; port1189; port1196; port2029; port2287; port424; port674; port474; port423; port2383; port1426; port2030,20,0.0,cb89aca0c9a640e9bba3c7816fa746f7,1213030474462.3828,6355005.7310532695,269.0,0.0,Dongguan,China,CHN,Asia & Pacific,22.8895469826739,113.584833339607,1152,312,227,392,77,144,0.2,0.06,1,2,1,0,0,0,0,7.050122520269059,5.746203190540153,4.976733742420574,5.429345628954441,0.13,6.0,2025,9,281.41084141164333
1001211,port436,TC,RAGASA-25,Tropical Cyclone RAGASA-25,"Red Tropical Cyclone RAGASA-25 in Philippines, China from: 18 Sep 2025  to: 24 Sep 2025 .",RED,China; Macao SAR; Hong Kong SAR,2025-09-18 12:00:00+00:00,2025,2025-09-24 12:00:00+00:00,Hurricane (maximum wind speed of 269 km/h),21.8,111.1,1759774040248,port2019; port436; port339; port2028; port136; port1071; port1414; port2112; port484; port1189; port1196; port2029; port2287; port424; port674; port474; port423; port2383; port1426; port2030,20,0.0,cb89aca0c9a640e9bba3c7816fa746f7,1213030474462.3828,6355005.7310532695,269.0,0.0,Haifeng power,China,CHN,Asia & Pacific,22.75341512,115.0438556,77,0,64,1,12,0,0.09,0.0,1,2,1,0,0,0,0,4.356708826689592,0.0,0.0,4.174387269895637,0.045,6.0,2025,9,417.34092721649864
1001211,port339,TC,RAGASA-25,Tropical Cyclone RAGASA-25,"Red Tropical Cyclone RAGASA-25 in Philippines, China from: 18 Sep 2025  to: 24 Sep 2025 .",RED,China; Macao SAR; Hong Kong SAR,2025-09-18 12:00:00+00:00,2025,2025-09-24 12:00:00+00:00,Hurricane (maximum wind speed of 269 km/h),21.8,111.1,1759774040248,port2019; port436; port339; port2028; port136; port1071; port1414; port2112; port484; port1189; port1196; port2029; port2287; port424; port674; port474; port423; port2383; port1426; port2030,20,0.0,cb89aca0c9a640e9bba3c7816fa746f7,1213030474462.3828,6355005.7310532695,269.0,0.0,Fangcheng,China,CHN,Asia & Pacific,21.61420534,108.3643393,1968,34,1362,361,0,211,1.9,0.42,1,2,1,0,0,0,0,7.585281078639126,3.5553480614894135,5.356586274672012,7.217443431696533,1.16,6.0,2025,9,283.05894492279367
1001211,port2028,TC,RAGASA-25,Tropical Cyclone RAGASA-25,"Red Tropical Cyclone RAGASA-25 in Philippines, China from: 18 Sep 2025  to: 24 Sep 2025 .",RED,China; Macao SAR; Hong Kong SAR,2025-09-18 12:00:00+00:00,2025,2025-09-24 12:00:00+00:00,Hurricane (maximum wind speed of 269 km/h),21.8,111.1,1759774040248,port2019; port436; port339; port2028; port136; port1071; port1414; port2112; port484; port1189; port1196; port2029; port2287; port424; port674; port474; port423; port2383; port1426; port2030,20,0.0,cb89aca0c9a640e9bba3c7816fa746f7,1213030474462.3828,6355005.7310532695,269.0,0.0,Mawan,China,CHN,Asia & Pacific,22.4789636055732,113.873818471647,4187,3859,123,128,0,77,0.29,0.65,1,2,1,0,0,0,0,8.339978571990427,8.258422462458876,4.356708826689592,4.820281565605037,0.47,6.0,2025,9,294.31304033866894
1001211,port136,TC,RAGASA-25,Tropical Cyclone RAGASA-25,"Red Tropical Cyclone RAGASA-25 in Philippines, China from: 18 Sep 2025  to: 24 Sep 2025 .",RED,China; Macao SAR; Hong Kong SAR,2025-09-18 12:00:00+00:00,2025,2025-09-24 12:00:00+00:00,Hurricane (maximum wind speed of 269 km/h),21.8,111.1,1759774040248,port2019; port436; port339; port2028; port136; port1071; port1414; port2112; port484; port1189; port1196; port2029; port2287; port424; port674; port474; port423; port2383; port1426; port2030,20,0.0,cb89aca0c9a640e9bba3c7816fa746f7,1213030474462.3828,6355005.7310532695,269.0,0.0,Beihai,China,CHN,Asia & Pacific,21.47255148,109.0671522,201,11,64,83,0,43,0.02,0.04,1,2,1,0,0,0,0,5.308267697401205,2.4849066497880004,3.784189633918261,4.174387269895637,0.03,6.0,2025,9,213.10715893509425
1001211,port1071,TC,RAGASA-25,Tropical Cyclone RAGASA-25,"Red Tropical Cyclone RAGASA-25 in Philippines, China from: 18 Sep 2025  to: 24 Sep 2025 .",RED,China; Macao SAR; Hong Kong SAR,2025-09-18 12:00:00+00:00,2025,2025-09-24 12:00:00+00:00,Hurricane (maximum wind speed of 269 km/h),21.8,111.1,1759774040248,port2019; port436; port339; port2028; port136; port1071; port1414; port2112; port484; port1189; port1196; port2029; port2287; port424; port674; port474; port423; port2383; port1426; port2030,20,0.0,cb89aca0c9a640e9bba3c7816fa746f7,1213030474462.3828,6355005.7310532695,269.0,0.0,Qinzhou,China,CHN,Asia & Pacific,21.67876784,108.6383226,3588,1184,924,495,4,981,1.03,0.56,1,2,1,0,0,0,0,8.185628891147607,7.077498053569231,6.889591308354466,6.829793737512425,0.795,6.0,2025,9,254.27568758326265
1001211,port1414,TC,RAGASA-25,Tropical Cyclone RAGASA-25,"Red Tropical Cyclone RAGASA-25 in Philippines, China from: 18 Sep 2025  to: 24 Sep 2025 .",RED,China; Macao SAR; Hong Kong SAR,2025-09-18 12:00:00+00:00,2025,2025-09-24 12:00:00+00:00,Hurricane (maximum wind speed of 269 km/h),21.8,111.1,1759774040248,port2019; port436; port339; port2028; port136; port1071; port1414; port2112; port484; port1189; port1196; port2029; port2287; port424; port674; port474; port423; port2383; port1426; port2030,20,0.0,cb89aca0c9a640e9bba3c7816fa746f7,1213030474462.3828,6355005.7310532695,269.0,0.0,Yantian,China,CHN,Asia & Pacific,22.58487742,114.2935158,3421,3156,4,40,0,221,0.2,1.21,1,2,1,0,0,0,0,8.137980454452139,8.057377488557991,5.402677381872279,1.6094379124341003,0.705,6.0,2025,9,338.6925388557957
1001211,port2112,TC,RAGASA-25,Tropical Cyclone RAGASA-25,"Red Tropical Cyclone RAGASA-25 in Philippines, China from: 18 Sep 2025  to: 24 Sep 2025 .",RED,China; Macao SAR; Hong Kong SAR,2025-09-18 12:00:00+00:00,2025,2025-09-24 12:00:00+00:00,Hurricane (maximum wind speed of 269 km/h),21.8,111.1,1759774040248,port2019; port436; port339; port2028; port136; port1071; port1414; port2112; port484; port1189; port1196; port2029; port2287; port424; port674; port474; port423; port2383; port1426; port2030,20,0.0,cb89aca0c9a640e9bba3c7816fa746f7,1213030474462.3828,6355005.7310532695,269.0,0.0,Zhuhai,China,CHN,Asia & Pacific,21.9493590971629,113.200731191862,2414,224,596,220,0,1374,1.13,0.21,1,2,1,0,0,0,0,7.789454566086673,5.41610040220442,7.226209010100671,6.391917113392602,0.6699999999999999,6.0,2025,9,216.91342529588707
1001211,port484,TC,RAGASA-25,Tropical Cyclone RAGASA-25,"Red Tropical Cyclone RAGASA-25 in Philippines, China from: 18 Sep 2025  to: 24 Sep 2025 .",RED,China; Macao SAR; Hong Kong SAR,2025-09-18 12:00:00+00:00,2025,2025-09-24 12:00:00+00:00,Hurricane (maximum wind speed of 269 km/h),21.8,111.1,1759774040248,port2019; port436; port339; port2028; port136; port1071; port1414; port2112; port484; port1189; port1196; port2029; port2287; port424; port674; port474; port423; port2383; port1426; port2030,20,0.0,cb89aca0c9a640e9bba3c7816fa746f7,1213030474462.3828,6355005.7310532695,269.0,0.0,Huizhou,China,CHN,Asia & Pacific,22.73482063,114.5982287,1858,29,181,55,0,1593,0.25,0.19,1,2,1,0,0,0,0,7.527793987721444,3.4011973816621555,7.374001859350161,5.204006687076795,0.22,6.0,2025,9,372.86300251447705
1001211,port1189,TC,RAGASA-25,Tropical Cyclone RAGASA-25,"Red Tropical Cyclone RAGASA-25 in Philippines, China from: 18 Sep 2025  to: 24 Sep 2025 .",RED,China; Macao SAR; Hong Kong SAR,2025-09-18 12:00:00+00:00,2025,2025-09-24 12:00:00+00:00,Hurricane (maximum wind speed of 269 km/h),21.8,111.1,1759774040248,port2019; port436; port339; port2028; port136; port1071; port1414; port2112; port484; port1189; port1196; port2029; port2287; port424; port674; port474; port423; port2383; port1426; port2030,20,0.0,cb89aca0c9a640e9bba3c7816fa746f7,1213030474462.3828,6355005.7310532695,269.0,0.0,Shekou (Shenzhen),China,CHN,Asia & Pacific,22.58146762,113.8103377,3509,3236,72,129,0,72,0.18,7.69,1,2,1,0,0,0,0,8.163371316459912,8.082402253926244,4.290459441148391,4.290459441148391,3.935,6.0,2025,9,291.01141723917016
1001211,port1196,TC,RAGASA-25,Tropical Cyclone RAGASA-25,"Red Tropical Cyclone RAGASA-25 in Philippines, China from: 18 Sep 2025  to: 24 Sep 2025 .",RED,China; Macao SAR; Hong Kong SAR,2025-09-18 12:00:00+00:00,2025,2025-09-24 12:00:00+00:00,Hurricane (maximum wind speed of 269 km/h),21.8,111.1,1759774040248,port2019; port436; port339; port2028; port136; port1071; port1414; port2112; port484; port1189; port1196; port2029; port2287; port424; port674; port474; port423; port2383; port1426; port2030,20,0.0,cb89aca0c9a640e9bba3c7816fa746f7,1213030474462.3828,6355005.7310532695,269.0,0.0,Shui Dong,China,CHN,Asia & Pacific,21.47648316,111.0730326,623,0,42,14,0,567,0.02,0.05,1,2,1,0,0,0,0,6.436150368369428,0.0,6.342121418721152,3.7612001156935624,0.035,6.0,2025,9,36.018243686003686
1001211,port2029,TC,RAGASA-25,Tropical Cyclone RAGASA-25,"Red Tropical Cyclone RAGASA-25 in Philippines, China from: 18 Sep 2025  to: 24 Sep 2025 .",RED,China; Macao SAR; Hong Kong SAR,2025-09-18 12:00:00+00:00,2025,2025-09-24 12:00:00+00:00,Hurricane (maximum wind speed of 269 km/h),21.8,111.1,1759774040248,port2019; port436; port339; port2028; port136; port1071; port1414; port2112; port484; port1189; port1196; port2029; port2287; port424; port674; port474; port423; port2383; port1426; port2030,20,0.0,cb89aca0c9a640e9bba3c7816fa746f7,1213030474462.3828,6355005.7310532695,269.0,0.0,Dachan Bay,China,CHN,Asia & Pacific,22.546940821745,113.85636713537,537,458,33,43,0,3,0.05,0.07,1,2,1,0,0,0,0,6.2878585601617845,6.129050210060545,1.3862943611198906,3.5263605246161616,0.060000000000000005,6.0,2025,9,294.4836179460619
1001211,port2287,TC,RAGASA-25,Tropical Cyclone RAGASA-25,"Red Tropical Cyclone RAGASA-25 in Philippines, China from: 18 Sep 2025  to: 24 Sep 2025 .",RED,China; Macao SAR; Hong Kong SAR,2025-09-18 12:00:00+00:00,2025,2025-09-24 12:00:00+00:00,Hurricane (maximum wind speed of 269 km/h),21.8,111.1,1759774040248,port2019; port436; port339; port2028; port136; port1071; port1414; port2112; port484; port1189; port1196; port2029; port2287; port424; port674; port474; port423; port2383; port1426; port2030,20,0.0,cb89aca0c9a640e9bba3c7816fa746f7,1213030474462.3828,6355005.7310532695,269.0,0.0,Zhongshan,China,CHN,Asia & Pacific,22.57762219478311,113.5022564115573,87,1,3,16,0,67,0.0,0.0,1,2,1,0,0,0,0,4.477336814478207,0.6931471805599453,4.219507705176107,1.3862943611198906,0.0,6.0,2025,9,260.90613337473155
1001211,port424,TC,RAGASA-25,Tropical Cyclone RAGASA-25,"Red Tropical Cyclone RAGASA-25 in Philippines, China from: 18 Sep 2025  to: 24 Sep 2025 .",RED,China; Macao SAR; Hong Kong SAR,2025-09-18 12:00:00+00:00,2025,2025-09-24 12:00:00+00:00,Hurricane (maximum wind speed of 269 km/h),21.8,111.1,1759774040248,port2019; port436; port339; port2028; port136; port1071; port1414; port2112; port484; port1189; port1196; port2029; port2287; port424; port674; port474; port423; port2383; port1426; port2030,20,0.0,cb89aca0c9a640e9bba3c7816fa746f7,1213030474462.3828,6355005.7310532695,269.0,0.0,Guangxi Beibu Gulf Port,China,CHN,Asia & Pacific,21.51087873,109.5385338,603,7,294,103,0,199,0.32,0.04,1,2,1,0,0,0,0,6.403574197934815,2.0794415416798357,5.298317366548036,5.68697535633982,0.18,6.0,2025,9,164.41301283946635
1001211,port674,TC,RAGASA-25,Tropical Cyclone RAGASA-25,"Red Tropical Cyclone RAGASA-25 in Philippines, China from: 18 Sep 2025  to: 24 Sep 2025 .",RED,China; Macao SAR; Hong Kong SAR,2025-09-18 12:00:00+00:00,2025,2025-09-24 12:00:00+00:00,Hurricane (maximum wind speed of 269 km/h),21.8,111.1,1759774040248,port2019; port436; port339; port2028; port136; port1071; port1414; port2112; port484; port1189; port1196; port2029; port2287; port424; port674; port474; port423; port2383; port1426; port2030,20,0.0,cb89aca0c9a640e9bba3c7816fa746f7,1213030474462.3828,6355005.7310532695,269.0,0.0,Macau,Macao SAR,MAC,Asia & Pacific,22.15538395,113.5578462,314,66,29,62,0,157,100.0,100.0,1,2,1,0,0,0,0,5.752572638825633,4.204692619390966,5.062595033026967,3.4011973816621555,100.0,6.0,2025,9,255.73778430219102
1001211,port474,TC,RAGASA-25,Tropical Cyclone RAGASA-25,"Red Tropical Cyclone RAGASA-25 in Philippines, China from: 18 Sep 2025  to: 24 Sep 2025 .",RED,China; Macao SAR; Hong Kong SAR,2025-09-18 12:00:00+00:00,2025,2025-09-24 12:00:00+00:00,Hurricane (maximum wind speed of 269 km/h),21.8,111.1,1759774040248,port2019; port436; port339; port2028; port136; port1071; port1414; port2112; port484; port1189; port1196; port2029; port2287; port424; port674; port474; port423; port2383; port1426; port2030,20,0.0,cb89aca0c9a640e9bba3c7816fa746f7,1213030474462.3828,6355005.7310532695,269.0,0.0,Hong Kong,Hong Kong SAR,HKG,Asia & Pacific,22.33510926,114.0966519,16306,13076,398,696,210,1926,100.0,100.0,1,2,1,0,0,0,0,9.699349742461278,9.478610240906502,7.563719668414366,5.988961416889864,100.0,6.0,2025,9,313.3545240238523
1001211,port423,TC,RAGASA-25,Tropical Cyclone RAGASA-25,"Red Tropical Cyclone RAGASA-25 in Philippines, China from: 18 Sep 2025  to: 24 Sep 2025 .",RED,China; Macao SAR; Hong Kong SAR,2025-09-18 12:00:00+00:00,2025,2025-09-24 12:00:00+00:00,Hurricane (maximum wind speed of 269 km/h),21.8,111.1,1759774040248,port2019; port436; port339; port2028; port136; port1071; port1414; port2112; port484; port1189; port1196; port2029; port2287; port424; port674; port474; port423; port2383; port1426; port2030,20,0.0,cb89aca0c9a640e9bba3c7816fa746f7,1213030474462.3828,6355005.7310532695,269.0,0.0,Guangdong Yangjiang Port,China,CHN,Asia & Pacific,21.69554902,111.8415794,576,2,387,72,0,115,0.33,0.06,1,2,1,0,0,0,0,6.3578422665081,1.0986122886681098,4.7535901911063645,5.961005339623274,0.195,6.0,2025,9,77.357969872755
1001211,port2383,TC,RAGASA-25,Tropical Cyclone RAGASA-25,"Red Tropical Cyclone RAGASA-25 in Philippines, China from: 18 Sep 2025  to: 24 Sep 2025 .",RED,China; Macao SAR; Hong Kong SAR,2025-09-18 12:00:00+00:00,2025,2025-09-24 12:00:00+00:00,Hurricane (maximum wind speed of 269 km/h),21.8,111.1,1759774040248,port2019; port436; port339; port2028; port136; port1071; port1414; port2112; port484; port1189; port1196; port2029; port2287; port424; port674; port474; port423; port2383; port1426; port2030,20,0.0,cb89aca0c9a640e9bba3c7816fa746f7,1213030474462.3828,6355005.7310532695,269.0,0.0,Guangdong Dapeng LNG Terminal,China,CHN,Asia & Pacific,22.581784172818544,114.44171478330917,166,0,0,0,0,166,0.18,0.0,1,2,1,0,0,0,0,5.117993812416755,0.0,5.117993812416755,0.0,0.09,6.0,2025,9,353.31457223901697
1001211,port1426,TC,RAGASA-25,Tropical Cyclone RAGASA-25,"Red Tropical Cyclone RAGASA-25 in Philippines, China from: 18 Sep 2025  to: 24 Sep 2025 .",RED,China; Macao SAR; Hong Kong SAR,2025-09-18 12:00:00+00:00,2025,2025-09-24 12:00:00+00:00,Hurricane (maximum wind speed of 269 km/h),21.8,111.1,1759774040248,port2019; port436; port339; port2028; port136; port1071; port1414; port2112; port484; port1189; port1196; port2029; port2287; port424; port674; port474; port423; port2383; port1426; port2030,20,0.0,cb89aca0c9a640e9bba3c7816fa746f7,1213030474462.3828,6355005.7310532695,269.0,0.0,Zhanjiang,China,CHN,Asia & Pacific,21.21212795,110.4084103,2532,215,1143,319,1,854,2.26,0.52,1,2,1,0,0,0,0,7.837159650001675,5.375278407684165,6.75110146893676,7.042286171939743,1.39,6.0,2025,9,96.84860703265761
1001211,port2030,TC,RAGASA-25,Tropical Cyclone RAGASA-25,"Red Tropical Cyclone RAGASA-25 in Philippines, China from: 18 Sep 2025  to: 24 Sep 2025 .",RED,China; Macao SAR; Hong Kong SAR,2025-09-18 12:00:00+00:00,2025,2025-09-24 12:00:00+00:00,Hurricane (maximum wind speed of 269 km/h),21.8,111.1,1759774040248,port2019; port436; port339; port2028; port136; port1071; port1414; port2112; port484; port1189; port1196; port2029; port2287; port424; port674; port474; port423; port2383; port1426; port2030,20,0.0,cb89aca0c9a640e9bba3c7816fa746f7,1213030474462.3828,6355005.7310532695,269.0,0.0,Qianhai Bay,China,CHN,Asia & Pacific,22.5172621132649,113.871572497511,34,0,2,0,0,32,0.01,0.0,1,2,1,0,0,0,0,3.5553480614894135,0.0,3.4965075614664802,1.0986122886681098,0.005,6.0,2025,9,295.1326092242916
1001219,port437,TC,MATMO-25,Tropical Cyclone MATMO-25,"Red Tropical Cyclone MATMO-25 in China, Viet Nam, Philippines from: 01 Oct 2025  to: 05 Oct 2025 .",RED,China,2025-10-01 06:00:00+00:00,2025,2025-10-05 18:00:00+00:00,Hurricane (maximum wind speed of 167 km/h),21.9,108.5,1761725190590,port437; port339; port136; port1071; port1196; port424; port242; port1426,8,0.0,d1c3e4dd8f4342fd98f587856420c073,543522271097.7871,4777478.110644072,167.0,0.0,Haikou,China,CHN,Asia & Pacific,20.03232283,110.2808268,361,94,1,156,84,26,0.02,0.01,1,2,1,0,0,0,0,5.8916442118257715,4.553876891600541,3.295836866004329,0.6931471805599453,0.015,4.5,2025,10,278.32980619798275
1001219,port339,TC,MATMO-25,Tropical Cyclone MATMO-25,"Red Tropical Cyclone MATMO-25 in China, Viet Nam, Philippines from: 01 Oct 2025  to: 05 Oct 2025 .",RED,China,2025-10-01 06:00:00+00:00,2025,2025-10-05 18:00:00+00:00,Hurricane (maximum wind speed of 167 km/h),21.9,108.5,1761725190590,port437; port339; port136; port1071; port1196; port424; port242; port1426,8,0.0,d1c3e4dd8f4342fd98f587856420c073,543522271097.7871,4777478.110644072,167.0,0.0,Fangcheng,China,CHN,Asia & Pacific,21.61420534,108.3643393,1968,34,1362,361,0,211,1.9,0.42,1,2,1,0,0,0,0,7.585281078639126,3.5553480614894135,5.356586274672012,7.217443431696533,1.16,4.5,2025,10,34.67489376512048
1001219,port136,TC,MATMO-25,Tropical Cyclone MATMO-25,"Red Tropical Cyclone MATMO-25 in China, Viet Nam, Philippines from: 01 Oct 2025  to: 05 Oct 2025 .",RED,China,2025-10-01 06:00:00+00:00,2025,2025-10-05 18:00:00+00:00,Hurricane (maximum wind speed of 167 km/h),21.9,108.5,1761725190590,port437; port339; port136; port1071; port1196; port424; port242; port1426,8,0.0,d1c3e4dd8f4342fd98f587856420c073,543522271097.7871,4777478.110644072,167.0,0.0,Beihai,China,CHN,Asia & Pacific,21.47255148,109.0671522,201,11,64,83,0,43,0.02,0.04,1,2,1,0,0,0,0,5.308267697401205,2.4849066497880004,3.784189633918261,4.174387269895637,0.03,4.5,2025,10,75.38790309876521
1001219,port1071,TC,MATMO-25,Tropical Cyclone MATMO-25,"Red Tropical Cyclone MATMO-25 in China, Viet Nam, Philippines from: 01 Oct 2025  to: 05 Oct 2025 .",RED,China,2025-10-01 06:00:00+00:00,2025,2025-10-05 18:00:00+00:00,Hurricane (maximum wind speed of 167 km/h),21.9,108.5,1761725190590,port437; port339; port136; port1071; port1196; port424; port242; port1426,8,0.0,d1c3e4dd8f4342fd98f587856420c073,543522271097.7871,4777478.110644072,167.0,0.0,Qinzhou,China,CHN,Asia & Pacific,21.67876784,108.6383226,3588,1184,924,495,4,981,1.03,0.56,1,2,1,0,0,0,0,8.185628891147607,7.077498053569231,6.889591308354466,6.829793737512425,0.795,4.5,2025,10,28.40080653813422
1001219,port1196,TC,MATMO-25,Tropical Cyclone MATMO-25,"Red Tropical Cyclone MATMO-25 in China, Viet Nam, Philippines from: 01 Oct 2025  to: 05 Oct 2025 .",RED,China,2025-10-01 06:00:00+00:00,2025,2025-10-05 18:00:00+00:00,Hurricane (maximum wind speed of 167 km/h),21.9,108.5,1761725190590,port437; port339; port136; port1071; port1196; port424; port242; port1426,8,0.0,d1c3e4dd8f4342fd98f587856420c073,543522271097.7871,4777478.110644072,167.0,0.0,Shui Dong,China,CHN,Asia & Pacific,21.47648316,111.0730326,623,0,42,14,0,567,0.02,0.05,1,2,1,0,0,0,0,6.436150368369428,0.0,6.342121418721152,3.7612001156935624,0.035,4.5,2025,10,269.90192025925325
1001219,port424,TC,MATMO-25,Tropical Cyclone MATMO-25,"Red Tropical Cyclone MATMO-25 in China, Viet Nam, Philippines from: 01 Oct 2025  to: 05 Oct 2025 .",RED,China,2025-10-01 06:00:00+00:00,2025,2025-10-05 18:00:00+00:00,Hurricane (maximum wind speed of 167 km/h),21.9,108.5,1761725190590,port437; port339; port136; port1071; port1196; port424; port242; port1426,8,0.0,d1c3e4dd8f4342fd98f587856420c073,543522271097.7871,4777478.110644072,167.0,0.0,Guangxi Beibu Gulf Port,China,CHN,Asia & Pacific,21.51087873,109.5385338,603,7,294,103,0,199,0.32,0.04,1,2,1,0,0,0,0,6.403574197934815,2.0794415416798357,5.298317366548036,5.68697535633982,0.18,4.5,2025,10,115.61882568816637
1001219,port242,TC,MATMO-25,Tropical Cyclone MATMO-25,"Red Tropical Cyclone MATMO-25 in China, Viet Nam, Philippines from: 01 Oct 2025  to: 05 Oct 2025 .",RED,China,2025-10-01 06:00:00+00:00,2025,2025-10-05 18:00:00+00:00,Hurricane (maximum wind speed of 167 km/h),21.9,108.5,1761725190590,port437; port339; port136; port1071; port1196; port424; port242; port1426,8,0.0,d1c3e4dd8f4342fd98f587856420c073,543522271097.7871,4777478.110644072,167.0,0.0,Chiwan,China,CHN,Asia & Pacific,19.96273734,110.0339897,267,0,81,35,0,151,0.07,0.01,1,2,1,0,0,0,0,5.5909869805108565,0.0,5.0238805208462765,4.406719247264253,0.04,4.5,2025,10,268.05593802446975
1001219,port1426,TC,MATMO-25,Tropical Cyclone MATMO-25,"Red Tropical Cyclone MATMO-25 in China, Viet Nam, Philippines from: 01 Oct 2025  to: 05 Oct 2025 .",RED,China,2025-10-01 06:00:00+00:00,2025,2025-10-05 18:00:00+00:00,Hurricane (maximum wind speed of 167 km/h),21.9,108.5,1761725190590,port437; port339; port136; port1071; port1196; port424; port242; port1426,8,0.0,d1c3e4dd8f4342fd98f587856420c073,543522271097.7871,4777478.110644072,167.0,0.0,Zhanjiang,China,CHN,Asia & Pacific,21.21212795,110.4084103,2532,215,1143,319,1,854,2.26,0.52,1,2,1,0,0,0,0,7.837159650001675,5.375278407684165,6.75110146893676,7.042286171939743,1.39,4.5,2025,10,211.7279871132503
1502713,port2207,EQ,Earthquake in Philippines,Earthquake in Philippines,Orange M 6.9 Earthquake in Philippines at: 30 Sep 2025 13:59:43.,ORANGE,Philippines,2025-09-30 13:59:43+00:00,2025,2025-09-30 13:59:43+00:00,"Magnitude 6.9M, Depth:10km",11.1514,124.1376,1759774595295,port2207; port224; port858,3,0.0,9626abce4e994e70ba102a35f9ffb1ce,32821300798.333984,642310.2440621144,0.0,6.9,Isabel,Philippines,PHL,Asia & Pacific,10.9016363100407,124.435542094056,172,0,75,61,0,36,1.49,2.0,1,1,0,0,1,0,0,5.153291594497779,0.0,3.6109179126442243,4.330733340286331,1.745,0.0,2025,9,42.69913516473144
1502713,port224,EQ,Earthquake in Philippines,Earthquake in Philippines,Orange M 6.9 Earthquake in Philippines at: 30 Sep 2025 13:59:43.,ORANGE,Philippines,2025-09-30 13:59:43+00:00,2025,2025-09-30 13:59:43+00:00,"Magnitude 6.9M, Depth:10km",11.1514,124.1376,1759774595295,port2207; port224; port858,3,0.0,9626abce4e994e70ba102a35f9ffb1ce,32821300798.333984,642310.2440621144,0.0,6.9,Cebu,Philippines,PHL,Asia & Pacific,10.31413032,123.9369534,2061,635,74,870,160,322,3.9,1.6,1,1,0,0,1,0,0,7.631431664576906,6.455198563340122,5.777652323222656,4.31748811353631,2.75,0.0,2025,9,95.4851000006166
1502713,port858,EQ,Earthquake in Philippines,Earthquake in Philippines,Orange M 6.9 Earthquake in Philippines at: 30 Sep 2025 13:59:43.,ORANGE,Philippines,2025-09-30 13:59:43+00:00,2025,2025-09-30 13:59:43+00:00,"Magnitude 6.9M, Depth:10km",11.1514,124.1376,1759774595295,port2207; port224; port858,3,0.0,9626abce4e994e70ba102a35f9ffb1ce,32821300798.333984,642310.2440621144,0.0,6.9,Ormoc,Philippines,PHL,Asia & Pacific,11.00605657,124.6025404,96,0,1,94,1,0,0.01,0.01,1,1,0,0,1,0,0,4.574710978503383,0.0,0.0,0.6931471805599453,0.01,0.0,2025,9,53.16603470229374
1001230,port1220,TC,MELISSA-25,Tropical Cyclone MELISSA-25,"Red Tropical Cyclone MELISSA-25 in Jamaica, Cuba, Bahamas, Bermuda, Haiti, Canada from: 21 Oct 2025  to: 31 Oct 2025 .",RED,Jamaica; Cuba; The Bahamas; Canada,2025-10-21 15:00:00+00:00,2025,2025-10-31 15:00:00+00:00,Hurricane (maximum wind speed of 296 km/h),39.0,-60.5,1762326758953,port1220; port256; port1102; port835; port2172; port336; port388; port2332; port66; port949; port2330; port1156; port840; port223; port763; port2105; port572,17,0.0,e34846541688462e8808638878306dba,4640098699038.423,18023634.967691384,296.0,0.0,Saint John's,Canada,CAN,North America,47.56031799,-52.70436538,190,93,4,5,50,38,0.61,0.04,1,2,1,0,0,0,0,5.25227342804663,4.543294782270004,3.6635616461296463,1.6094379124341003,0.325,10.0,2025,10,1115.2764130967162
1001230,port256,TC,MELISSA-25,Tropical Cyclone MELISSA-25,"Red Tropical Cyclone MELISSA-25 in Jamaica, Cuba, Bahamas, Bermuda, Haiti, Canada from: 21 Oct 2025  to: 31 Oct 2025 .",RED,Jamaica; Cuba; The Bahamas; Canada,2025-10-21 15:00:00+00:00,2025,2025-10-31 15:00:00+00:00,Hurricane (maximum wind speed of 296 km/h),39.0,-60.5,1762326758953,port1220; port256; port1102; port835; port2172; port336; port388; port2332; port66; port949; port2330; port1156; port840; port223; port763; port2105; port572,17,0.0,e34846541688462e8808638878306dba,4640098699038.423,18023634.967691384,296.0,0.0,Whiffen Head,Canada,CAN,North America,47.78874083,-54.00048293,303,0,0,3,0,300,9.11,5.93,1,2,1,0,0,0,0,5.717027701406222,0.0,5.707110264748875,0.0,7.52,10.0,2025,10,1089.3334139849408
1001230,port1102,TC,MELISSA-25,Tropical Cyclone MELISSA-25,"Red Tropical Cyclone MELISSA-25 in Jamaica, Cuba, Bahamas, Bermuda, Haiti, Canada from: 21 Oct 2025  to: 31 Oct 2025 .",RED,Jamaica; Cuba; The Bahamas; Canada,2025-10-21 15:00:00+00:00,2025,2025-10-31 15:00:00+00:00,Hurricane (maximum wind speed of 296 km/h),39.0,-60.5,1762326758953,port1220; port256; port1102; port835; port2172; port336; port388; port2332; port66; port949; port2330; port1156; port840; port223; port763; port2105; port572,17,0.0,e34846541688462e8808638878306dba,4640098699038.423,18023634.967691384,296.0,0.0,Rio Bueno,Jamaica,JAM,North America,18.46316958,-77.43323066,32,0,10,22,0,0,2.29,0.06,1,2,1,0,0,0,0,3.4965075614664802,0.0,0.0,2.3978952727983707,1.175,10.0,2025,10,2893.9670871377016
1001230,port835,TC,MELISSA-25,Tropical Cyclone MELISSA-25,"Red Tropical Cyclone MELISSA-25 in Jamaica, Cuba, Bahamas, Bermuda, Haiti, Canada from: 21 Oct 2025  to: 31 Oct 2025 .",RED,Jamaica; Cuba; The Bahamas; Canada,2025-10-21 15:00:00+00:00,2025,2025-10-31 15:00:00+00:00,Hurricane (maximum wind speed of 296 km/h),39.0,-60.5,1762326758953,port1220; port256; port1102; port835; port2172; port336; port388; port2332; port66; port949; port2330; port1156; port840; port223; port763; port2105; port572,17,0.0,e34846541688462e8808638878306dba,4640098699038.423,18023634.967691384,296.0,0.0,Nuevitas Bay,Cuba,CUB,North America,21.55374735,-77.22955586,77,0,8,13,0,56,4.89,3.9,1,2,1,0,0,0,0,4.356708826689592,0.0,4.04305126783455,2.1972245773362196,4.395,10.0,2025,10,2594.828736023959
1001230,port2172,TC,MELISSA-25,Tropical Cyclone MELISSA-25,"Red Tropical Cyclone MELISSA-25 in Jamaica, Cuba, Bahamas, Bermuda, Haiti, Canada from: 21 Oct 2025  to: 31 Oct 2025 .",RED,Jamaica; Cuba; The Bahamas; Canada,2025-10-21 15:00:00+00:00,2025,2025-10-31 15:00:00+00:00,Hurricane (maximum wind speed of 296 km/h),39.0,-60.5,1762326758953,port1220; port256; port1102; port835; port2172; port336; port388; port2332; port66; port949; port2330; port1156; port840; port223; port763; port2105; port572,17,0.0,e34846541688462e8808638878306dba,4640098699038.423,18023634.967691384,296.0,0.0,Port Kaiser,Jamaica,JAM,North America,17.8589155733473,-77.6035712685255,4,0,2,0,0,2,0.75,0.45,1,2,1,0,0,0,0,1.6094379124341003,0.0,1.0986122886681098,1.0986122886681098,0.6,10.0,2025,10,2961.7770962454324
1001230,port336,TC,MELISSA-25,Tropical Cyclone MELISSA-25,"Red Tropical Cyclone MELISSA-25 in Jamaica, Cuba, Bahamas, Bermuda, Haiti, Canada from: 21 Oct 2025  to: 31 Oct 2025 .",RED,Jamaica; Cuba; The Bahamas; Canada,2025-10-21 15:00:00+00:00,2025,2025-10-31 15:00:00+00:00,Hurricane (maximum wind speed of 296 km/h),39.0,-60.5,1762326758953,port1220; port256; port1102; port835; port2172; port336; port388; port2332; port66; port949; port2330; port1156; port840; port223; port763; port2105; port572,17,0.0,e34846541688462e8808638878306dba,4640098699038.423,18023634.967691384,296.0,0.0,Falmouth,Jamaica,JAM,North America,18.493441,-77.64899659,5,0,0,0,0,5,0.08,0.0,1,2,1,0,0,0,0,1.791759469228055,0.0,1.791759469228055,0.0,0.04,10.0,2025,10,2905.185879432199
1001230,port388,TC,MELISSA-25,Tropical Cyclone MELISSA-25,"Red Tropical Cyclone MELISSA-25 in Jamaica, Cuba, Bahamas, Bermuda, Haiti, Canada from: 21 Oct 2025  to: 31 Oct 2025 .",RED,Jamaica; Cuba; The Bahamas; Canada,2025-10-21 15:00:00+00:00,2025,2025-10-31 15:00:00+00:00,Hurricane (maximum wind speed of 296 km/h),39.0,-60.5,1762326758953,port1220; port256; port1102; port835; port2172; port336; port388; port2332; port66; port949; port2330; port1156; port840; port223; port763; port2105; port572,17,0.0,e34846541688462e8808638878306dba,4640098699038.423,18023634.967691384,296.0,0.0,Georgetown,The Bahamas,BHS,North America,23.50673765,-75.76789417,55,0,0,6,12,37,0.01,0.0,1,2,1,0,0,0,0,4.02535169073515,0.0,3.6375861597263857,0.0,0.005,10.0,2025,10,2317.9215056600992
1001230,port2332,TC,MELISSA-25,Tropical Cyclone MELISSA-25,"Red Tropical Cyclone MELISSA-25 in Jamaica, Cuba, Bahamas, Bermuda, Haiti, Canada from: 21 Oct 2025  to: 31 Oct 2025 .",RED,Jamaica; Cuba; The Bahamas; Canada,2025-10-21 15:00:00+00:00,2025,2025-10-31 15:00:00+00:00,Hurricane (maximum wind speed of 296 km/h),39.0,-60.5,1762326758953,port1220; port256; port1102; port835; port2172; port336; port388; port2332; port66; port949; port2330; port1156; port840; port223; port763; port2105; port572,17,0.0,e34846541688462e8808638878306dba,4640098699038.423,18023634.967691384,296.0,0.0,Rocky Point,Jamaica,JAM,North America,17.812591962362013,-77.14414497125027,62,0,27,5,0,30,3.66,12.43,1,2,1,0,0,0,0,4.143134726391533,0.0,3.4339872044851463,3.332204510175204,8.045,10.0,2025,10,2936.80545425575
1001230,port66,TC,MELISSA-25,Tropical Cyclone MELISSA-25,"Red Tropical Cyclone MELISSA-25 in Jamaica, Cuba, Bahamas, Bermuda, Haiti, Canada from: 21 Oct 2025  to: 31 Oct 2025 .",RED,Jamaica; Cuba; The Bahamas; Canada,2025-10-21 15:00:00+00:00,2025,2025-10-31 15:00:00+00:00,Hurricane (maximum wind speed of 296 km/h),39.0,-60.5,1762326758953,port1220; port256; port1102; port835; port2172; port336; port388; port2332; port66; port949; port2330; port1156; port840; port223; port763; port2105; port572,17,0.0,e34846541688462e8808638878306dba,4640098699038.423,18023634.967691384,296.0,0.0,Argentia,Canada,CAN,North America,47.33890642,-53.93354604,126,45,11,22,43,5,0.17,0.06,1,2,1,0,0,0,0,4.844187086458591,3.828641396489095,1.791759469228055,2.4849066497880004,0.115,10.0,2025,10,1049.1603172931889
1001230,port949,TC,MELISSA-25,Tropical Cyclone MELISSA-25,"Red Tropical Cyclone MELISSA-25 in Jamaica, Cuba, Bahamas, Bermuda, Haiti, Canada from: 21 Oct 2025  to: 31 Oct 2025 .",RED,Jamaica; Cuba; The Bahamas; Canada,2025-10-21 15:00:00+00:00,2025,2025-10-31 15:00:00+00:00,Hurricane (maximum wind speed of 296 km/h),39.0,-60.5,1762326758953,port1220; port256; port1102; port835; port2172; port336; port388; port2332; port66; port949; port2330; port1156; port840; port223; port763; port2105; port572,17,0.0,e34846541688462e8808638878306dba,4640098699038.423,18023634.967691384,296.0,0.0,Port Esquivel,Jamaica,JAM,North America,17.89281983,-77.13154378,116,0,14,22,0,80,8.29,8.43,1,2,1,0,0,0,0,4.762173934797756,0.0,4.394449154672439,2.70805020110221,8.36,10.0,2025,10,2928.4041027847984
1001230,port2330,TC,MELISSA-25,Tropical Cyclone MELISSA-25,"Red Tropical Cyclone MELISSA-25 in Jamaica, Cuba, Bahamas, Bermuda, Haiti, Canada from: 21 Oct 2025  to: 31 Oct 2025 .",RED,Jamaica; Cuba; The Bahamas; Canada,2025-10-21 15:00:00+00:00,2025,2025-10-31 15:00:00+00:00,Hurricane (maximum wind speed of 296 km/h),39.0,-60.5,1762326758953,port1220; port256; port1102; port835; port2172; port336; port388; port2332; port66; port949; port2330; port1156; port840; port223; port763; port2105; port572,17,0.0,e34846541688462e8808638878306dba,4640098699038.423,18023634.967691384,296.0,0.0,Port Rhoades,Jamaica,JAM,North America,18.461459256969945,-77.40681994180962,55,0,53,1,0,1,0.01,45.86,1,2,1,0,0,0,0,4.02535169073515,0.0,0.6931471805599453,3.9889840465642745,22.935,10.0,2025,10,2892.415409102927
1001230,port1156,TC,MELISSA-25,Tropical Cyclone MELISSA-25,"Red Tropical Cyclone MELISSA-25 in Jamaica, Cuba, Bahamas, Bermuda, Haiti, Canada from: 21 Oct 2025  to: 31 Oct 2025 .",RED,Jamaica; Cuba; The Bahamas; Canada,2025-10-21 15:00:00+00:00,2025,2025-10-31 15:00:00+00:00,Hurricane (maximum wind speed of 296 km/h),39.0,-60.5,1762326758953,port1220; port256; port1102; port835; port2172; port336; port388; port2332; port66; port949; port2330; port1156; port840; port223; port763; port2105; port572,17,0.0,e34846541688462e8808638878306dba,4640098699038.423,18023634.967691384,296.0,0.0,Santiago De Cuba,Cuba,CUB,North America,20.01383068,-75.85638962,200,41,42,50,4,63,13.1,6.97,1,2,1,0,0,0,0,5.303304908059076,3.7376696182833684,4.1588830833596715,3.7612001156935624,10.035,10.0,2025,10,2646.997845562582
1001230,port840,TC,MELISSA-25,Tropical Cyclone MELISSA-25,"Red Tropical Cyclone MELISSA-25 in Jamaica, Cuba, Bahamas, Bermuda, Haiti, Canada from: 21 Oct 2025  to: 31 Oct 2025 .",RED,Jamaica; Cuba; The Bahamas; Canada,2025-10-21 15:00:00+00:00,2025,2025-10-31 15:00:00+00:00,Hurricane (maximum wind speed of 296 km/h),39.0,-60.5,1762326758953,port1220; port256; port1102; port835; port2172; port336; port388; port2332; port66; port949; port2330; port1156; port840; port223; port763; port2105; port572,17,0.0,e34846541688462e8808638878306dba,4640098699038.423,18023634.967691384,296.0,0.0,Ocho Rios,Jamaica,JAM,North America,18.40948489,-77.11482411,21,0,6,1,0,14,0.37,3.3,1,2,1,0,0,0,0,3.091042453358316,0.0,2.70805020110221,1.9459101490553132,1.835,10.0,2025,10,2878.4977970635355
1001230,port223,TC,MELISSA-25,Tropical Cyclone MELISSA-25,"Red Tropical Cyclone MELISSA-25 in Jamaica, Cuba, Bahamas, Bermuda, Haiti, Canada from: 21 Oct 2025  to: 31 Oct 2025 .",RED,Jamaica; Cuba; The Bahamas; Canada,2025-10-21 15:00:00+00:00,2025,2025-10-31 15:00:00+00:00,Hurricane (maximum wind speed of 296 km/h),39.0,-60.5,1762326758953,port1220; port256; port1102; port835; port2172; port336; port388; port2332; port66; port949; port2330; port1156; port840; port223; port763; port2105; port572,17,0.0,e34846541688462e8808638878306dba,4640098699038.423,18023634.967691384,296.0,0.0,Moa,Cuba,CUB,North America,20.65247128,-74.90892689,88,5,5,34,0,44,5.65,2.61,1,2,1,0,0,0,0,4.48863636973214,1.791759469228055,3.8066624897703196,1.791759469228055,4.13,10.0,2025,10,2527.3463098145307
1001230,port763,TC,MELISSA-25,Tropical Cyclone MELISSA-25,"Red Tropical Cyclone MELISSA-25 in Jamaica, Cuba, Bahamas, Bermuda, Haiti, Canada from: 21 Oct 2025  to: 31 Oct 2025 .",RED,Jamaica; Cuba; The Bahamas; Canada,2025-10-21 15:00:00+00:00,2025,2025-10-31 15:00:00+00:00,Hurricane (maximum wind speed of 296 km/h),39.0,-60.5,1762326758953,port1220; port256; port1102; port835; port2172; port336; port388; port2332; port66; port949; port2330; port1156; port840; port223; port763; port2105; port572,17,0.0,e34846541688462e8808638878306dba,4640098699038.423,18023634.967691384,296.0,0.0,Montego Bay,Jamaica,JAM,North America,18.46070857,-77.93335097,191,65,0,25,1,100,4.03,1.59,1,2,1,0,0,0,0,5.2574953720277815,4.189654742026425,4.61512051684126,0.0,2.81,10.0,2025,10,2926.9292202670717
1001230,port2105,TC,MELISSA-25,Tropical Cyclone MELISSA-25,"Red Tropical Cyclone MELISSA-25 in Jamaica, Cuba, Bahamas, Bermuda, Haiti, Canada from: 21 Oct 2025  to: 31 Oct 2025 .",RED,Jamaica; Cuba; The Bahamas; Canada,2025-10-21 15:00:00+00:00,2025,2025-10-31 15:00:00+00:00,Hurricane (maximum wind speed of 296 km/h),39.0,-60.5,1762326758953,port1220; port256; port1102; port835; port2172; port336; port388; port2332; port66; port949; port2330; port1156; port840; port223; port763; port2105; port572,17,0.0,e34846541688462e8808638878306dba,4640098699038.423,18023634.967691384,296.0,0.0,Holyrood,Canada,CAN,North America,47.4261735404774,-53.1127992310698,6,0,0,0,0,6,0.23,0.0,1,2,1,0,0,0,0,1.9459101490553132,0.0,1.9459101490553132,0.0,0.115,10.0,2025,10,1087.447388179287
1001230,port572,TC,MELISSA-25,Tropical Cyclone MELISSA-25,"Red Tropical Cyclone MELISSA-25 in Jamaica, Cuba, Bahamas, Bermuda, Haiti, Canada from: 21 Oct 2025  to: 31 Oct 2025 .",RED,Jamaica; Cuba; The Bahamas; Canada,2025-10-21 15:00:00+00:00,2025,2025-10-31 15:00:00+00:00,Hurricane (maximum wind speed of 296 km/h),39.0,-60.5,1762326758953,port1220; port256; port1102; port835; port2172; port336; port388; port2332; port66; port949; port2330; port1156; port840; port223; port763; port2105; port572,17,0.0,e34846541688462e8808638878306dba,4640098699038.423,18023634.967691384,296.0,0.0,Kingston,Jamaica,JAM,North America,17.98290381,-76.80443675,2418,1562,88,291,157,320,77.1,21.17,1,2,1,0,0,0,0,7.791109510610028,7.354362330421477,5.771441123130016,4.48863636973214,49.135,10.0,2025,10,2899.235524038639
1001233,port2207,TC,KALMAEGI-25,Tropical Cyclone KALMAEGI-25,"Red Tropical Cyclone KALMAEGI-25 in Viet Nam, Cambodia, Philippines, Laos from: 01 Nov 2025  to: 06 Nov 2025 .",RED,Philippines; Vietnam,2025-11-01 06:00:00+00:00,2025,2025-11-06 12:00:00+00:00,Hurricane (maximum wind speed of 213 km/h),13.6,109.1,1762862933372,port2207; port2262; port1078; port224; port2395; port2055; port858,7,0.0,1734eb93b6ea40f4867229955debf2cf,592669057187.835,6596353.643767391,213.0,0.0,Isabel,Philippines,PHL,Asia & Pacific,10.9016363100407,124.435542094056,172,0,75,61,0,36,1.49,2.0,1,2,1,0,0,0,0,5.153291594497779,0.0,3.6109179126442243,4.330733340286331,1.745,5.25,2025,11,1698.1484126446928
1001233,port2262,TC,KALMAEGI-25,Tropical Cyclone KALMAEGI-25,"Red Tropical Cyclone KALMAEGI-25 in Viet Nam, Cambodia, Philippines, Laos from: 01 Nov 2025  to: 06 Nov 2025 .",RED,Philippines; Vietnam,2025-11-01 06:00:00+00:00,2025,2025-11-06 12:00:00+00:00,Hurricane (maximum wind speed of 213 km/h),13.6,109.1,1762862933372,port2207; port2262; port1078; port224; port2395; port2055; port858,7,0.0,1734eb93b6ea40f4867229955debf2cf,592669057187.835,6596353.643767391,213.0,0.0,Van Phong,Vietnam,VNM,Asia & Pacific,12.5040628840733,109.283625429454,281,1,80,52,0,148,2.61,0.76,1,2,1,0,0,0,0,5.641907070938114,0.6931471805599453,5.003946305945459,4.394449154672439,1.685,5.25,2025,11,123.2657813121825
1001233,port1078,TC,KALMAEGI-25,Tropical Cyclone KALMAEGI-25,"Red Tropical Cyclone KALMAEGI-25 in Viet Nam, Cambodia, Philippines, Laos from: 01 Nov 2025  to: 06 Nov 2025 .",RED,Philippines; Vietnam,2025-11-01 06:00:00+00:00,2025,2025-11-06 12:00:00+00:00,Hurricane (maximum wind speed of 213 km/h),13.6,109.1,1762862933372,port2207; port2262; port1078; port224; port2395; port2055; port858,7,0.0,1734eb93b6ea40f4867229955debf2cf,592669057187.835,6596353.643767391,213.0,0.0,Quy Nhon,Vietnam,VNM,Asia & Pacific,13.7761055,109.2444482,707,210,148,289,0,60,0.4,3.55,1,2,1,0,0,0,0,6.56244409369372,5.351858133476067,4.110873864173311,5.003946305945459,1.9749999999999999,5.25,2025,11,24.992324935406163
1001233,port224,TC,KALMAEGI-25,Tropical Cyclone KALMAEGI-25,"Red Tropical Cyclone KALMAEGI-25 in Viet Nam, Cambodia, Philippines, Laos from: 01 Nov 2025  to: 06 Nov 2025 .",RED,Philippines; Vietnam,2025-11-01 06:00:00+00:00,2025,2025-11-06 12:00:00+00:00,Hurricane (maximum wind speed of 213 km/h),13.6,109.1,1762862933372,port2207; port2262; port1078; port224; port2395; port2055; port858,7,0.0,1734eb93b6ea40f4867229955debf2cf,592669057187.835,6596353.643767391,213.0,0.0,Cebu,Philippines,PHL,Asia & Pacific,10.31413032,123.9369534,2061,635,74,870,160,322,3.9,1.6,1,2,1,0,0,0,0,7.631431664576906,6.455198563340122,5.777652323222656,4.31748811353631,2.75,5.25,2025,11,1660.8331695079744
1001233,port2395,TC,KALMAEGI-25,Tropical Cyclone KALMAEGI-25,"Red Tropical Cyclone KALMAEGI-25 in Viet Nam, Cambodia, Philippines, Laos from: 01 Nov 2025  to: 06 Nov 2025 .",RED,Philippines; Vietnam,2025-11-01 06:00:00+00:00,2025,2025-11-06 12:00:00+00:00,Hurricane (maximum wind speed of 213 km/h),13.6,109.1,1762862933372,port2207; port2262; port1078; port224; port2395; port2055; port858,7,0.0,1734eb93b6ea40f4867229955debf2cf,592669057187.835,6596353.643767391,213.0,0.0,Bacolod,Philippines,PHL,Asia & Pacific,10.698979639568163,122.94462224143132,410,66,35,196,14,99,0.74,0.72,1,2,1,0,0,0,0,6.018593214496234,4.204692619390966,4.605170185988092,3.58351893845611,0.73,5.25,2025,11,1543.991010945415
1001233,port2055,TC,KALMAEGI-25,Tropical Cyclone KALMAEGI-25,"Red Tropical Cyclone KALMAEGI-25 in Viet Nam, Cambodia, Philippines, Laos from: 01 Nov 2025  to: 06 Nov 2025 .",RED,Philippines; Vietnam,2025-11-01 06:00:00+00:00,2025,2025-11-06 12:00:00+00:00,Hurricane (maximum wind speed of 213 km/h),13.6,109.1,1762862933372,port2207; port2262; port1078; port224; port2395; port2055; port858,7,0.0,1734eb93b6ea40f4867229955debf2cf,592669057187.835,6596353.643767391,213.0,0.0,Iloilo,Philippines,PHL,Asia & Pacific,10.7085785079489,122.59006959958,426,56,78,170,6,116,1.98,1.44,1,2,1,0,0,0,0,6.056784013228625,4.04305126783455,4.762173934797756,4.3694478524670215,1.71,5.25,2025,11,1505.91884481617
1001233,port858,TC,KALMAEGI-25,Tropical Cyclone KALMAEGI-25,"Red Tropical Cyclone KALMAEGI-25 in Viet Nam, Cambodia, Philippines, Laos from: 01 Nov 2025  to: 06 Nov 2025 .",RED,Philippines; Vietnam,2025-11-01 06:00:00+00:00,2025,2025-11-06 12:00:00+00:00,Hurricane (maximum wind speed of 213 km/h),13.6,109.1,1762862933372,port2207; port2262; port1078; port224; port2395; port2055; port858,7,0.0,1734eb93b6ea40f4867229955debf2cf,592669057187.835,6596353.643767391,213.0,0.0,Ormoc,Philippines,PHL,Asia & Pacific,11.00605657,124.6025404,96,0,1,94,1,0,0.01,0.01,1,2,1,0,0,0,0,4.574710978503383,0.0,0.0,0.6931471805599453,0.01,5.25,2025,11,1713.4958772344537
1001234,port2384,TC,FUNG-WONG-25,Tropical Cyclone FUNG-WONG-25,"Red Tropical Cyclone FUNG-WONG-25 in Philippines, China from: 04 Nov 2025  to: 11 Nov 2025 .",RED,Philippines,2025-11-04 06:00:00+00:00,2025,2025-11-11 06:00:00+00:00,Hurricane (maximum wind speed of 213 km/h),20.1,118.6,1762862933372,port2384; port1232; port694,3,0.0,c2ef10c4bd2a4528b780085f225e1c12,1574991297706.0098,6844851.431003457,213.0,0.0,Pagbilao LNG Terminal,Philippines,PHL,Asia & Pacific,13.89415158437552,121.74331249925454,28,0,28,0,0,0,1.96,0.0,1,2,1,0,0,0,0,3.367295829986474,0.0,0.0,3.367295829986474,0.98,7.0,2025,11,767.6133108332373
1001234,port1232,TC,FUNG-WONG-25,Tropical Cyclone FUNG-WONG-25,"Red Tropical Cyclone FUNG-WONG-25 in Philippines, China from: 04 Nov 2025  to: 11 Nov 2025 .",RED,Philippines,2025-11-04 06:00:00+00:00,2025,2025-11-11 06:00:00+00:00,Hurricane (maximum wind speed of 213 km/h),20.1,118.6,1762862933372,port2384; port1232; port694,3,0.0,c2ef10c4bd2a4528b780085f225e1c12,1574991297706.0098,6844851.431003457,213.0,0.0,Subic Bay,Philippines,PHL,Asia & Pacific,14.80314981,120.2913574,868,316,77,177,30,268,6.43,1.1,1,2,1,0,0,0,0,6.767343125265392,5.75890177387728,5.594711379601839,4.356708826689592,3.7649999999999997,7.0,2025,11,615.330247913754
1001234,port694,TC,FUNG-WONG-25,Tropical Cyclone FUNG-WONG-25,"Red Tropical Cyclone FUNG-WONG-25 in Philippines, China from: 04 Nov 2025  to: 11 Nov 2025 .",RED,Philippines,2025-11-04 06:00:00+00:00,2025,2025-11-11 06:00:00+00:00,Hurricane (maximum wind speed of 213 km/h),20.1,118.6,1762862933372,port2384; port1232; port694,3,0.0,c2ef10c4bd2a4528b780085f225e1c12,1574991297706.0098,6844851.431003457,213.0,0.0,Manila,Philippines,PHL,Asia & Pacific,14.59160879,120.8723998,8297,2689,1065,2553,127,1863,50.73,49.87,1,2,1,0,0,0,0,9.023769800892813,7.897296472595885,7.530479995245536,6.97166860472579,50.3,7.0,2025,11,658.3567195065336
1548377,port1029,EQ,Earthquake in Venezuela,Earthquake in Venezuela,Red M 7.5 Earthquake in Venezuela at: 24 Jun 2026 22:05:12.,RED,Venezuela,2026-06-24 22:05:12+00:00,2026,2026-06-24 22:05:12+00:00,"Magnitude 7.5M, Depth:10km",10.453,-68.5139,1784045057281,port1029; port320; port2260; port618,4,0.0,076f32f7c4174f1da910d78fedce6623,32663314903.23291,640747.6201487333,0.0,7.5,Puerto Cabello,Venezuela,VEN,South America,10.47252732,-67.99547311,403,167,131,70,11,24,29.53,3.19,1,2,0,0,1,0,0,6.0014148779611505,5.123963979403259,3.2188758248682006,4.882801922586371,16.36,0.0,2026,6,56.628301778146735
1548377,port320,EQ,Earthquake in Venezuela,Earthquake in Venezuela,Red M 7.5 Earthquake in Venezuela at: 24 Jun 2026 22:05:12.,RED,Venezuela,2026-06-24 22:05:12+00:00,2026,2026-06-24 22:05:12+00:00,"Magnitude 7.5M, Depth:10km",10.453,-68.5139,1784045057281,port1029; port320; port2260; port618,4,0.0,076f32f7c4174f1da910d78fedce6623,32663314903.23291,640747.6201487333,0.0,7.5,El Palito,Venezuela,VEN,South America,10.48339577,-68.13572968,122,2,4,0,0,116,11.02,4.67,1,2,0,0,1,0,0,4.812184355372417,1.0986122886681098,4.762173934797756,1.6094379124341003,7.845,0.0,2026,6,41.41387698486795
1548377,port2260,EQ,Earthquake in Venezuela,Earthquake in Venezuela,Red M 7.5 Earthquake in Venezuela at: 24 Jun 2026 22:05:12.,RED,Venezuela,2026-06-24 22:05:12+00:00,2026,2026-06-24 22:05:12+00:00,"Magnitude 7.5M, Depth:10km",10.453,-68.5139,1784045057281,port1029; port320; port2260; port618,4,0.0,076f32f7c4174f1da910d78fedce6623,32663314903.23291,640747.6201487333,0.0,7.5,Catia La Mar,Venezuela,VEN,South America,10.5976081963712,-67.0567861684697,27,0,0,0,0,27,0.71,0.0,1,2,0,0,1,0,0,3.332204510175204,0.0,3.332204510175204,0.0,0.355,0.0,2026,6,159.7891129044059
1548377,port618,EQ,Earthquake in Venezuela,Earthquake in Venezuela,Red M 7.5 Earthquake in Venezuela at: 24 Jun 2026 22:05:12.,RED,Venezuela,2026-06-24 22:05:12+00:00,2026,2026-06-24 22:05:12+00:00,"Magnitude 7.5M, Depth:10km",10.453,-68.5139,1784045057281,port1029; port320; port2260; port618,4,0.0,076f32f7c4174f1da910d78fedce6623,32663314903.23291,640747.6201487333,0.0,7.5,La Guaira,Venezuela,VEN,South America,10.60102215,-66.9454799,234,157,11,55,6,5,6.2,1.48,1,2,0,0,1,0,0,5.459585514144159,5.062595033026967,1.791759469228055,2.4849066497880004,3.84,0.0,2026,6,171.91017440301218
1001279,port2180,TC,BAVI-26,Tropical Cyclone BAVI-26,"Red Tropical Cyclone BAVI-26 in Guam, Northern Mariana Islands, Japan, Taiwan, China from: 01 Jul 2026  to: 11 Jul 2026 .",RED,Guam; Taiwan Province of China; Northern Mariana Islands; Japan; China,2026-07-01 00:00:00+00:00,2026,2026-07-11 18:00:00+00:00,Hurricane (maximum wind speed of 287 km/h),28.7,120.4,1784137096489,port2180; port2173; port1427; port2421; port482; port2424; port2177; port2415; port1300; port61; port2040; port2504; port2422; port824; port2230; port2413; port2505; port2021; port238; port370; port2414; port1429; port2304; port1390; port1113; port2502; port2027; port2423; port2111; port2491; port2497; port1126; port2426; port1261; port438; port1403; port2302,37,0.0,e1706849ab254c9f92db48f4761a8924,3004119385032.9414,12128199.78940675,287.0,0.0,Kinwan,Japan,JPN,Asia & Pacific,26.4211708877825,127.842058562891,227,1,103,27,0,96,0.22,0.01,1,2,1,0,0,0,0,5.429345628954441,0.6931471805599453,4.574710978503383,4.6443908991413725,0.115,10.75,2026,7,781.833325568195
1001279,port2173,TC,BAVI-26,Tropical Cyclone BAVI-26,"Red Tropical Cyclone BAVI-26 in Guam, Northern Mariana Islands, Japan, Taiwan, China from: 01 Jul 2026  to: 11 Jul 2026 .",RED,Guam; Taiwan Province of China; Northern Mariana Islands; Japan; China,2026-07-01 00:00:00+00:00,2026,2026-07-11 18:00:00+00:00,Hurricane (maximum wind speed of 287 km/h),28.7,120.4,1784137096489,port2180; port2173; port1427; port2421; port482; port2424; port2177; port2415; port1300; port61; port2040; port2504; port2422; port824; port2230; port2413; port2505; port2021; port238; port370; port2414; port1429; port2304; port1390; port1113; port2502; port2027; port2423; port2111; port2491; port2497; port1126; port2426; port1261; port438; port1403; port2302,37,0.0,e1706849ab254c9f92db48f4761a8924,3004119385032.9414,12128199.78940675,287.0,0.0,Henza Island,Japan,JPN,Asia & Pacific,26.3607518705613,127.966400053085,299,0,0,6,0,293,0.16,0.22,1,2,1,0,0,0,0,5.703782474656201,0.0,5.683579767338681,0.0,0.19,10.75,2026,7,796.074182299663
1001279,port1427,TC,BAVI-26,Tropical Cyclone BAVI-26,"Red Tropical Cyclone BAVI-26 in Guam, Northern Mariana Islands, Japan, Taiwan, China from: 01 Jul 2026  to: 11 Jul 2026 .",RED,Guam; Taiwan Province of China; Northern Mariana Islands; Japan; China,2026-07-01 00:00:00+00:00,2026,2026-07-11 18:00:00+00:00,Hurricane (maximum wind speed of 287 km/h),28.7,120.4,1784137096489,port2180; port2173; port1427; port2421; port482; port2424; port2177; port2415; port1300; port61; port2040; port2504; port2422; port824; port2230; port2413; port2505; port2021; port238; port370; port2414; port1429; port2304; port1390; port1113; port2502; port2027; port2423; port2111; port2491; port2497; port1126; port2426; port1261; port438; port1403; port2302,37,0.0,e1706849ab254c9f92db48f4761a8924,3004119385032.9414,12128199.78940675,287.0,0.0,Zhapu,China,CHN,Asia & Pacific,30.63688515,121.1568835,2196,534,657,161,0,844,0.57,0.07,1,2,1,0,0,0,0,7.69484807238461,6.282266746896006,6.739336627357174,6.489204931325317,0.31999999999999995,10.75,2026,7,226.82134626895356
1001279,port2421,TC,BAVI-26,Tropical Cyclone BAVI-26,"Red Tropical Cyclone BAVI-26 in Guam, Northern Mariana Islands, Japan, Taiwan, China from: 01 Jul 2026  to: 11 Jul 2026 .",RED,Guam; Taiwan Province of China; Northern Mariana Islands; Japan; China,2026-07-01 00:00:00+00:00,2026,2026-07-11 18:00:00+00:00,Hurricane (maximum wind speed of 287 km/h),28.7,120.4,1784137096489,port2180; port2173; port1427; port2421; port482; port2424; port2177; port2415; port1300; port61; port2040; port2504; port2422; port824; port2230; port2413; port2505; port2021; port238; port370; port2414; port1429; port2304; port1390; port1113; port2502; port2027; port2423; port2111; port2491; port2497; port1126; port2426; port1261; port438; port1403; port2302,37,0.0,e1706849ab254c9f92db48f4761a8924,3004119385032.9414,12128199.78940675,287.0,0.0,Taizhou (Damaiyu),China,CHN,Asia & Pacific,28.085601396361657,121.145848216685,281,45,178,56,0,2,0.23,0.01,1,2,1,0,0,0,0,5.641907070938114,3.828641396489095,1.0986122886681098,5.187385805840755,0.12000000000000001,10.75,2026,7,99.92942900243253
1001279,port482,TC,BAVI-26,Tropical Cyclone BAVI-26,"Red Tropical Cyclone BAVI-26 in Guam, Northern Mariana Islands, Japan, Taiwan, China from: 01 Jul 2026  to: 11 Jul 2026 .",RED,Guam; Taiwan Province of China; Northern Mariana Islands; Japan; China,2026-07-01 00:00:00+00:00,2026,2026-07-11 18:00:00+00:00,Hurricane (maximum wind speed of 287 km/h),28.7,120.4,1784137096489,port2180; port2173; port1427; port2421; port482; port2424; port2177; port2415; port1300; port61; port2040; port2504; port2422; port824; port2230; port2413; port2505; port2021; port238; port370; port2414; port1429; port2304; port1390; port1113; port2502; port2027; port2423; port2111; port2491; port2497; port1126; port2426; port1261; port438; port1403; port2302,37,0.0,e1706849ab254c9f92db48f4761a8924,3004119385032.9414,12128199.78940675,287.0,0.0,Hualien,Taiwan Province of China,TWN,Asia & Pacific,23.98211049,121.6278977,226,0,100,109,0,17,0.26,1.01,1,2,1,0,0,0,0,5.424950017481403,0.0,2.8903717578961645,4.61512051684126,0.635,10.75,2026,7,538.2885759951511
1001279,port2424,TC,BAVI-26,Tropical Cyclone BAVI-26,"Red Tropical Cyclone BAVI-26 in Guam, Northern Mariana Islands, Japan, Taiwan, China from: 01 Jul 2026  to: 11 Jul 2026 .",RED,Guam; Taiwan Province of China; Northern Mariana Islands; Japan; China,2026-07-01 00:00:00+00:00,2026,2026-07-11 18:00:00+00:00,Hurricane (maximum wind speed of 287 km/h),28.7,120.4,1784137096489,port2180; port2173; port1427; port2421; port482; port2424; port2177; port2415; port1300; port61; port2040; port2504; port2422; port824; port2230; port2413; port2505; port2021; port238; port370; port2414; port1429; port2304; port1390; port1113; port2502; port2027; port2423; port2111; port2491; port2497; port1126; port2426; port1261; port438; port1403; port2302,37,0.0,e1706849ab254c9f92db48f4761a8924,3004119385032.9414,12128199.78940675,287.0,0.0,Toumen,China,CHN,Asia & Pacific,28.692958815701967,121.76221039291563,87,1,67,17,0,2,0.04,0.0,1,2,1,0,0,0,0,4.477336814478207,0.6931471805599453,1.0986122886681098,4.219507705176107,0.02,10.75,2026,7,132.64042100895213
1001279,port2177,TC,BAVI-26,Tropical Cyclone BAVI-26,"Red Tropical Cyclone BAVI-26 in Guam, Northern Mariana Islands, Japan, Taiwan, China from: 01 Jul 2026  to: 11 Jul 2026 .",RED,Guam; Taiwan Province of China; Northern Mariana Islands; Japan; China,2026-07-01 00:00:00+00:00,2026,2026-07-11 18:00:00+00:00,Hurricane (maximum wind speed of 287 km/h),28.7,120.4,1784137096489,port2180; port2173; port1427; port2421; port482; port2424; port2177; port2415; port1300; port61; port2040; port2504; port2422; port824; port2230; port2413; port2505; port2021; port238; port370; port2414; port1429; port2304; port1390; port1113; port2502; port2027; port2423; port2111; port2491; port2497; port1126; port2426; port1261; port438; port1403; port2302,37,0.0,e1706849ab254c9f92db48f4761a8924,3004119385032.9414,12128199.78940675,287.0,0.0,Nakagusukuwan,Japan,JPN,Asia & Pacific,26.2233693144092,127.787555078582,138,0,0,0,0,138,0.06,0.0,1,2,1,0,0,0,0,4.9344739331306915,0.0,4.9344739331306915,0.0,0.03,10.75,2026,7,785.309701258314
1001279,port2415,TC,BAVI-26,Tropical Cyclone BAVI-26,"Red Tropical Cyclone BAVI-26 in Guam, Northern Mariana Islands, Japan, Taiwan, China from: 01 Jul 2026  to: 11 Jul 2026 .",RED,Guam; Taiwan Province of China; Northern Mariana Islands; Japan; China,2026-07-01 00:00:00+00:00,2026,2026-07-11 18:00:00+00:00,Hurricane (maximum wind speed of 287 km/h),28.7,120.4,1784137096489,port2180; port2173; port1427; port2421; port482; port2424; port2177; port2415; port1300; port61; port2040; port2504; port2422; port824; port2230; port2413; port2505; port2021; port238; port370; port2414; port1429; port2304; port1390; port1113; port2502; port2027; port2423; port2111; port2491; port2497; port1126; port2426; port1261; port438; port1403; port2302,37,0.0,e1706849ab254c9f92db48f4761a8924,3004119385032.9414,12128199.78940675,287.0,0.0,Huangdun,China,CHN,Asia & Pacific,29.475746941298745,121.50695037884876,216,0,180,36,0,0,0.13,0.0,1,2,1,0,0,0,0,5.37989735354046,0.0,0.0,5.198497031265826,0.065,10.75,2026,7,137.3194062633696
1001279,port1300,TC,BAVI-26,Tropical Cyclone BAVI-26,"Red Tropical Cyclone BAVI-26 in Guam, Northern Mariana Islands, Japan, Taiwan, China from: 01 Jul 2026  to: 11 Jul 2026 .",RED,Guam; Taiwan Province of China; Northern Mariana Islands; Japan; China,2026-07-01 00:00:00+00:00,2026,2026-07-11 18:00:00+00:00,Hurricane (maximum wind speed of 287 km/h),28.7,120.4,1784137096489,port2180; port2173; port1427; port2421; port482; port2424; port2177; port2415; port1300; port61; port2040; port2504; port2422; port824; port2230; port2413; port2505; port2021; port238; port370; port2414; port1429; port2304; port1390; port1113; port2502; port2027; port2423; port2111; port2491; port2497; port1126; port2426; port1261; port438; port1403; port2302,37,0.0,e1706849ab254c9f92db48f4761a8924,3004119385032.9414,12128199.78940675,287.0,0.0,Tinian,Northern Mariana Islands,MNP,Asia & Pacific,14.96507238,145.6203032,15,0,0,7,0,8,4.62,0.77,1,2,1,0,0,0,0,2.772588722239781,0.0,2.1972245773362196,0.0,2.6950000000000003,10.75,2026,7,3104.6233893008266
1001279,port61,TC,BAVI-26,Tropical Cyclone BAVI-26,"Red Tropical Cyclone BAVI-26 in Guam, Northern Mariana Islands, Japan, Taiwan, China from: 01 Jul 2026  to: 11 Jul 2026 .",RED,Guam; Taiwan Province of China; Northern Mariana Islands; Japan; China,2026-07-01 00:00:00+00:00,2026,2026-07-11 18:00:00+00:00,Hurricane (maximum wind speed of 287 km/h),28.7,120.4,1784137096489,port2180; port2173; port1427; port2421; port482; port2424; port2177; port2415; port1300; port61; port2040; port2504; port2422; port824; port2230; port2413; port2505; port2021; port238; port370; port2414; port1429; port2304; port1390; port1113; port2502; port2027; port2423; port2111; port2491; port2497; port1126; port2426; port1261; port438; port1403; port2302,37,0.0,e1706849ab254c9f92db48f4761a8924,3004119385032.9414,12128199.78940675,287.0,0.0,Apra Harbor,Guam,GUM,Asia & Pacific,13.4602817,144.6753643,311,146,12,54,27,72,100.0,100.0,1,2,1,0,0,0,0,5.7430031878094825,4.990432586778736,4.290459441148391,2.5649493574615367,100.0,10.75,2026,7,3119.105863095043
1001279,port2040,TC,BAVI-26,Tropical Cyclone BAVI-26,"Red Tropical Cyclone BAVI-26 in Guam, Northern Mariana Islands, Japan, Taiwan, China from: 01 Jul 2026  to: 11 Jul 2026 .",RED,Guam; Taiwan Province of China; Northern Mariana Islands; Japan; China,2026-07-01 00:00:00+00:00,2026,2026-07-11 18:00:00+00:00,Hurricane (maximum wind speed of 287 km/h),28.7,120.4,1784137096489,port2180; port2173; port1427; port2421; port482; port2424; port2177; port2415; port1300; port61; port2040; port2504; port2422; port824; port2230; port2413; port2505; port2021; port238; port370; port2414; port1429; port2304; port1390; port1113; port2502; port2027; port2423; port2111; port2491; port2497; port1126; port2426; port1261; port438; port1403; port2302,37,0.0,e1706849ab254c9f92db48f4761a8924,3004119385032.9414,12128199.78940675,287.0,0.0,Naha,Japan,JPN,Asia & Pacific,26.2326412690527,127.66954585426,1727,383,64,592,600,88,0.17,0.11,1,2,1,0,0,0,0,7.454719949364001,5.950642552587727,4.48863636973214,4.174387269895637,0.14,10.75,2026,7,773.8945183897831
1001279,port2504,TC,BAVI-26,Tropical Cyclone BAVI-26,"Red Tropical Cyclone BAVI-26 in Guam, Northern Mariana Islands, Japan, Taiwan, China from: 01 Jul 2026  to: 11 Jul 2026 .",RED,Guam; Taiwan Province of China; Northern Mariana Islands; Japan; China,2026-07-01 00:00:00+00:00,2026,2026-07-11 18:00:00+00:00,Hurricane (maximum wind speed of 287 km/h),28.7,120.4,1784137096489,port2180; port2173; port1427; port2421; port482; port2424; port2177; port2415; port1300; port61; port2040; port2504; port2422; port824; port2230; port2413; port2505; port2021; port238; port370; port2414; port1429; port2304; port1390; port1113; port2502; port2027; port2423; port2111; port2491; port2497; port1126; port2426; port1261; port438; port1403; port2302,37,0.0,e1706849ab254c9f92db48f4761a8924,3004119385032.9414,12128199.78940675,287.0,0.0,Wenzhou Huagang,China,CHN,Asia & Pacific,27.899172214451013,121.12178483241269,0,0,0,0,0,0,0.0,0.0,1,2,1,0,0,0,0,0.0,0.0,0.0,0.0,0.0,10.75,2026,7,113.6454226773469
1001279,port2422,TC,BAVI-26,Tropical Cyclone BAVI-26,"Red Tropical Cyclone BAVI-26 in Guam, Northern Mariana Islands, Japan, Taiwan, China from: 01 Jul 2026  to: 11 Jul 2026 .",RED,Guam; Taiwan Province of China; Northern Mariana Islands; Japan; China,2026-07-01 00:00:00+00:00,2026,2026-07-11 18:00:00+00:00,Hurricane (maximum wind speed of 287 km/h),28.7,120.4,1784137096489,port2180; port2173; port1427; port2421; port482; port2424; port2177; port2415; port1300; port61; port2040; port2504; port2422; port824; port2230; port2413; port2505; port2021; port238; port370; port2414; port1429; port2304; port1390; port1113; port2502; port2027; port2423; port2111; port2491; port2497; port1126; port2426; port1261; port438; port1403; port2302,37,0.0,e1706849ab254c9f92db48f4761a8924,3004119385032.9414,12128199.78940675,287.0,0.0,Taizhou (Jiantiao),China,CHN,Asia & Pacific,29.04381847479629,121.62825486032824,54,1,29,10,0,14,0.0,0.02,1,2,1,0,0,0,0,4.007333185232471,0.6931471805599453,2.70805020110221,3.4011973816621555,0.01,10.75,2026,7,125.15258580906266
1001279,port824,TC,BAVI-26,Tropical Cyclone BAVI-26,"Red Tropical Cyclone BAVI-26 in Guam, Northern Mariana Islands, Japan, Taiwan, China from: 01 Jul 2026  to: 11 Jul 2026 .",RED,Guam; Taiwan Province of China; Northern Mariana Islands; Japan; China,2026-07-01 00:00:00+00:00,2026,2026-07-11 18:00:00+00:00,Hurricane (maximum wind speed of 287 km/h),28.7,120.4,1784137096489,port2180; port2173; port1427; port2421; port482; port2424; port2177; port2415; port1300; port61; port2040; port2504; port2422; port824; port2230; port2413; port2505; port2021; port238; port370; port2414; port1429; port2304; port1390; port1113; port2502; port2027; port2423; port2111; port2491; port2497; port1126; port2426; port1261; port438; port1403; port2302,37,0.0,e1706849ab254c9f92db48f4761a8924,3004119385032.9414,12128199.78940675,287.0,0.0,Ningbo,China,CHN,Asia & Pacific,29.92076897,121.8818408,18455,10352,2117,770,271,4945,8.4,10.56,1,2,1,0,0,0,0,9.823144799853589,9.245031611766112,8.506334448081361,7.658227526161352,9.48,10.75,2026,7,196.6860362847747
1001279,port2230,TC,BAVI-26,Tropical Cyclone BAVI-26,"Red Tropical Cyclone BAVI-26 in Guam, Northern Mariana Islands, Japan, Taiwan, China from: 01 Jul 2026  to: 11 Jul 2026 .",RED,Guam; Taiwan Province of China; Northern Mariana Islands; Japan; China,2026-07-01 00:00:00+00:00,2026,2026-07-11 18:00:00+00:00,Hurricane (maximum wind speed of 287 km/h),28.7,120.4,1784137096489,port2180; port2173; port1427; port2421; port482; port2424; port2177; port2415; port1300; port61; port2040; port2504; port2422; port824; port2230; port2413; port2505; port2021; port238; port370; port2414; port1429; port2304; port1390; port1113; port2502; port2027; port2423; port2111; port2491; port2497; port1126; port2426; port1261; port438; port1403; port2302,37,0.0,e1706849ab254c9f92db48f4761a8924,3004119385032.9414,12128199.78940675,287.0,0.0,Suao,Taiwan Province of China,TWN,Asia & Pacific,24.5953552721171,121.86932576231,167,0,85,46,0,36,0.67,0.4,1,2,1,0,0,0,0,5.123963979403259,0.0,3.6109179126442243,4.454347296253507,0.535,10.75,2026,7,479.1426664922215
1001279,port2413,TC,BAVI-26,Tropical Cyclone BAVI-26,"Red Tropical Cyclone BAVI-26 in Guam, Northern Mariana Islands, Japan, Taiwan, China from: 01 Jul 2026  to: 11 Jul 2026 .",RED,Guam; Taiwan Province of China; Northern Mariana Islands; Japan; China,2026-07-01 00:00:00+00:00,2026,2026-07-11 18:00:00+00:00,Hurricane (maximum wind speed of 287 km/h),28.7,120.4,1784137096489,port2180; port2173; port1427; port2421; port482; port2424; port2177; port2415; port1300; port61; port2040; port2504; port2422; port824; port2230; port2413; port2505; port2021; port238; port370; port2414; port1429; port2304; port1390; port1113; port2502; port2027; port2423; port2111; port2491; port2497; port1126; port2426; port1261; port438; port1403; port2302,37,0.0,e1706849ab254c9f92db48f4761a8924,3004119385032.9414,12128199.78940675,287.0,0.0,Gushan,China,CHN,Asia & Pacific,30.38517133165109,120.9157488611209,2,0,0,2,0,0,0.0,0.0,1,2,1,0,0,0,0,1.0986122886681098,0.0,0.0,0.0,0.0,10.75,2026,7,193.46333650982635
1001279,port2505,TC,BAVI-26,Tropical Cyclone BAVI-26,"Red Tropical Cyclone BAVI-26 in Guam, Northern Mariana Islands, Japan, Taiwan, China from: 01 Jul 2026  to: 11 Jul 2026 .",RED,Guam; Taiwan Province of China; Northern Mariana Islands; Japan; China,2026-07-01 00:00:00+00:00,2026,2026-07-11 18:00:00+00:00,Hurricane (maximum wind speed of 287 km/h),28.7,120.4,1784137096489,port2180; port2173; port1427; port2421; port482; port2424; port2177; port2415; port1300; port61; port2040; port2504; port2422; port824; port2230; port2413; port2505; port2021; port238; port370; port2414; port1429; port2304; port1390; port1113; port2502; port2027; port2423; port2111; port2491; port2497; port1126; port2426; port1261; port438; port1403; port2302,37,0.0,e1706849ab254c9f92db48f4761a8924,3004119385032.9414,12128199.78940675,287.0,0.0,Wenzhou LNG Terminal,China,CHN,Asia & Pacific,28.006254025459647,121.07293351679134,0,0,0,0,0,0,0.0,0.0,1,2,1,0,0,0,0,0.0,0.0,0.0,0.0,0.0,10.75,2026,7,101.38588198266221
1001279,port2021,TC,BAVI-26,Tropical Cyclone BAVI-26,"Red Tropical Cyclone BAVI-26 in Guam, Northern Mariana Islands, Japan, Taiwan, China from: 01 Jul 2026  to: 11 Jul 2026 .",RED,Guam; Taiwan Province of China; Northern Mariana Islands; Japan; China,2026-07-01 00:00:00+00:00,2026,2026-07-11 18:00:00+00:00,Hurricane (maximum wind speed of 287 km/h),28.7,120.4,1784137096489,port2180; port2173; port1427; port2421; port482; port2424; port2177; port2415; port1300; port61; port2040; port2504; port2422; port824; port2230; port2413; port2505; port2021; port238; port370; port2414; port1429; port2304; port1390; port1113; port2502; port2027; port2423; port2111; port2491; port2497; port1126; port2426; port1261; port438; port1403; port2302,37,0.0,e1706849ab254c9f92db48f4761a8924,3004119385032.9414,12128199.78940675,287.0,0.0,Jiaxing,China,CHN,Asia & Pacific,30.6878561089801,121.270628815618,890,0,51,1,0,838,0.13,0.1,1,2,1,0,0,0,0,6.792344427470809,0.0,6.732210706467206,3.9512437185814275,0.115,10.75,2026,7,235.78378271671252
1001279,port238,TC,BAVI-26,Tropical Cyclone BAVI-26,"Red Tropical Cyclone BAVI-26 in Guam, Northern Mariana Islands, Japan, Taiwan, China from: 01 Jul 2026  to: 11 Jul 2026 .",RED,Guam; Taiwan Province of China; Northern Mariana Islands; Japan; China,2026-07-01 00:00:00+00:00,2026,2026-07-11 18:00:00+00:00,Hurricane (maximum wind speed of 287 km/h),28.7,120.4,1784137096489,port2180; port2173; port1427; port2421; port482; port2424; port2177; port2415; port1300; port61; port2040; port2504; port2422; port824; port2230; port2413; port2505; port2021; port238; port370; port2414; port1429; port2304; port1390; port1113; port2502; port2027; port2423; port2111; port2491; port2497; port1126; port2426; port1261; port438; port1403; port2302,37,0.0,e1706849ab254c9f92db48f4761a8924,3004119385032.9414,12128199.78940675,287.0,0.0,Keelung,Taiwan Province of China,TWN,Asia & Pacific,25.14717994,121.7520059,3510,2527,265,488,33,197,6.76,8.5,1,2,1,0,0,0,0,8.163656176168432,7.8351837552667485,5.288267030694535,5.583496308781699,7.63,10.75,2026,7,417.10556409177997
1001279,port370,TC,BAVI-26,Tropical Cyclone BAVI-26,"Red Tropical Cyclone BAVI-26 in Guam, Northern Mariana Islands, Japan, Taiwan, China from: 01 Jul 2026  to: 11 Jul 2026 .",RED,Guam; Taiwan Province of China; Northern Mariana Islands; Japan; China,2026-07-01 00:00:00+00:00,2026,2026-07-11 18:00:00+00:00,Hurricane (maximum wind speed of 287 km/h),28.7,120.4,1784137096489,port2180; port2173; port1427; port2421; port482; port2424; port2177; port2415; port1300; port61; port2040; port2504; port2422; port824; port2230; port2413; port2505; port2021; port238; port370; port2414; port1429; port2304; port1390; port1113; port2502; port2027; port2423; port2111; port2491; port2497; port1126; port2426; port1261; port438; port1403; port2302,37,0.0,e1706849ab254c9f92db48f4761a8924,3004119385032.9414,12128199.78940675,287.0,0.0,Fuzhou,China,CHN,Asia & Pacific,25.77760491,119.4743241,2718,1071,457,376,9,805,0.33,0.37,1,2,1,0,0,0,0,7.908019444632471,6.977281341630747,6.692083742506628,6.126869184114185,0.35,10.75,2026,7,337.3234420715033
1001279,port2414,TC,BAVI-26,Tropical Cyclone BAVI-26,"Red Tropical Cyclone BAVI-26 in Guam, Northern Mariana Islands, Japan, Taiwan, China from: 01 Jul 2026  to: 11 Jul 2026 .",RED,Guam; Taiwan Province of China; Northern Mariana Islands; Japan; China,2026-07-01 00:00:00+00:00,2026,2026-07-11 18:00:00+00:00,Hurricane (maximum wind speed of 287 km/h),28.7,120.4,1784137096489,port2180; port2173; port1427; port2421; port482; port2424; port2177; port2415; port1300; port61; port2040; port2504; port2422; port824; port2230; port2413; port2505; port2021; port238; port370; port2414; port1429; port2304; port1390; port1113; port2502; port2027; port2423; port2111; port2491; port2497; port1126; port2426; port1261; port438; port1403; port2302,37,0.0,e1706849ab254c9f92db48f4761a8924,3004119385032.9414,12128199.78940675,287.0,0.0,Haiyan,China,CHN,Asia & Pacific,30.462428004061685,120.94417470837196,25,0,6,8,0,11,0.0,0.0,1,2,1,0,0,0,0,3.258096538021482,0.0,2.4849066497880004,1.9459101490553132,0.0,10.75,2026,7,202.43940377992465
1001279,port1429,TC,BAVI-26,Tropical Cyclone BAVI-26,"Red Tropical Cyclone BAVI-26 in Guam, Northern Mariana Islands, Japan, Taiwan, China from: 01 Jul 2026  to: 11 Jul 2026 .",RED,Guam; Taiwan Province of China; Northern Mariana Islands; Japan; China,2026-07-01 00:00:00+00:00,2026,2026-07-11 18:00:00+00:00,Hurricane (maximum wind speed of 287 km/h),28.7,120.4,1784137096489,port2180; port2173; port1427; port2421; port482; port2424; port2177; port2415; port1300; port61; port2040; port2504; port2422; port824; port2230; port2413; port2505; port2021; port238; port370; port2414; port1429; port2304; port1390; port1113; port2502; port2027; port2423; port2111; port2491; port2497; port1126; port2426; port1261; port438; port1403; port2302,37,0.0,e1706849ab254c9f92db48f4761a8924,3004119385032.9414,12128199.78940675,287.0,0.0,Zhoushan,China,CHN,Asia & Pacific,30.05635032,122.1008368,6370,450,1732,611,90,3487,1.85,1.32,1,2,1,0,0,0,0,8.759511722116487,6.111467339502679,8.15708378502887,7.457609289715606,1.585,10.75,2026,7,222.19015094238208
1001279,port2304,TC,BAVI-26,Tropical Cyclone BAVI-26,"Red Tropical Cyclone BAVI-26 in Guam, Northern Mariana Islands, Japan, Taiwan, China from: 01 Jul 2026  to: 11 Jul 2026 .",RED,Guam; Taiwan Province of China; Northern Mariana Islands; Japan; China,2026-07-01 00:00:00+00:00,2026,2026-07-11 18:00:00+00:00,Hurricane (maximum wind speed of 287 km/h),28.7,120.4,1784137096489,port2180; port2173; port1427; port2421; port482; port2424; port2177; port2415; port1300; port61; port2040; port2504; port2422; port824; port2230; port2413; port2505; port2021; port238; port370; port2414; port1429; port2304; port1390; port1113; port2502; port2027; port2423; port2111; port2491; port2497; port1126; port2426; port1261; port438; port1403; port2302,37,0.0,e1706849ab254c9f92db48f4761a8924,3004119385032.9414,12128199.78940675,287.0,0.0,Ishigaki,Japan,JPN,Asia & Pacific,24.33944486890168,124.13698423939594,143,1,5,36,6,95,0.01,0.01,1,2,1,0,0,0,0,4.969813299576001,0.6931471805599453,4.564348191467836,1.791759469228055,0.01,10.75,2026,7,614.0956764840889
1001279,port1390,TC,BAVI-26,Tropical Cyclone BAVI-26,"Red Tropical Cyclone BAVI-26 in Guam, Northern Mariana Islands, Japan, Taiwan, China from: 01 Jul 2026  to: 11 Jul 2026 .",RED,Guam; Taiwan Province of China; Northern Mariana Islands; Japan; China,2026-07-01 00:00:00+00:00,2026,2026-07-11 18:00:00+00:00,Hurricane (maximum wind speed of 287 km/h),28.7,120.4,1784137096489,port2180; port2173; port1427; port2421; port482; port2424; port2177; port2415; port1300; port61; port2040; port2504; port2422; port824; port2230; port2413; port2505; port2021; port238; port370; port2414; port1429; port2304; port1390; port1113; port2502; port2027; port2423; port2111; port2491; port2497; port1126; port2426; port1261; port438; port1403; port2302,37,0.0,e1706849ab254c9f92db48f4761a8924,3004119385032.9414,12128199.78940675,287.0,0.0,Wenzhou,China,CHN,Asia & Pacific,28.0006769,120.9135209,583,35,165,142,0,241,0.08,0.0,1,2,1,0,0,0,0,6.369900982828227,3.58351893845611,5.488937726156687,5.111987788356544,0.04,10.75,2026,7,92.51253668285999
1001279,port1113,TC,BAVI-26,Tropical Cyclone BAVI-26,"Red Tropical Cyclone BAVI-26 in Guam, Northern Mariana Islands, Japan, Taiwan, China from: 01 Jul 2026  to: 11 Jul 2026 .",RED,Guam; Taiwan Province of China; Northern Mariana Islands; Japan; China,2026-07-01 00:00:00+00:00,2026,2026-07-11 18:00:00+00:00,Hurricane (maximum wind speed of 287 km/h),28.7,120.4,1784137096489,port2180; port2173; port1427; port2421; port482; port2424; port2177; port2415; port1300; port61; port2040; port2504; port2422; port824; port2230; port2413; port2505; port2021; port238; port370; port2414; port1429; port2304; port1390; port1113; port2502; port2027; port2423; port2111; port2491; port2497; port1126; port2426; port1261; port438; port1403; port2302,37,0.0,e1706849ab254c9f92db48f4761a8924,3004119385032.9414,12128199.78940675,287.0,0.0,Rota,Northern Mariana Islands,MNP,Asia & Pacific,14.13525179,145.1338618,16,0,0,9,0,7,4.56,3.88,1,2,1,0,0,0,0,2.833213344056216,0.0,2.0794415416798357,0.0,4.22,10.75,2026,7,3114.752976066824
1001279,port2502,TC,BAVI-26,Tropical Cyclone BAVI-26,"Red Tropical Cyclone BAVI-26 in Guam, Northern Mariana Islands, Japan, Taiwan, China from: 01 Jul 2026  to: 11 Jul 2026 .",RED,Guam; Taiwan Province of China; Northern Mariana Islands; Japan; China,2026-07-01 00:00:00+00:00,2026,2026-07-11 18:00:00+00:00,Hurricane (maximum wind speed of 287 km/h),28.7,120.4,1784137096489,port2180; port2173; port1427; port2421; port482; port2424; port2177; port2415; port1300; port61; port2040; port2504; port2422; port824; port2230; port2413; port2505; port2021; port238; port370; port2414; port1429; port2304; port1390; port1113; port2502; port2027; port2423; port2111; port2491; port2497; port1126; port2426; port1261; port438; port1403; port2302,37,0.0,e1706849ab254c9f92db48f4761a8924,3004119385032.9414,12128199.78940675,287.0,0.0,Taoyuan LNG Terminal,Taiwan Province of China,TWN,Asia & Pacific,25.03719831760541,121.05341775399802,0,0,0,0,0,0,0.0,0.0,1,2,1,0,0,0,0,0.0,0.0,0.0,0.0,0.0,10.75,2026,7,411.84742268978135
1001279,port2027,TC,BAVI-26,Tropical Cyclone BAVI-26,"Red Tropical Cyclone BAVI-26 in Guam, Northern Mariana Islands, Japan, Taiwan, China from: 01 Jul 2026  to: 11 Jul 2026 .",RED,Guam; Taiwan Province of China; Northern Mariana Islands; Japan; China,2026-07-01 00:00:00+00:00,2026,2026-07-11 18:00:00+00:00,Hurricane (maximum wind speed of 287 km/h),28.7,120.4,1784137096489,port2180; port2173; port1427; port2421; port482; port2424; port2177; port2415; port1300; port61; port2040; port2504; port2422; port824; port2230; port2413; port2505; port2021; port238; port370; port2414; port1429; port2304; port1390; port1113; port2502; port2027; port2423; port2111; port2491; port2497; port1126; port2426; port1261; port438; port1403; port2302,37,0.0,e1706849ab254c9f92db48f4761a8924,3004119385032.9414,12128199.78940675,287.0,0.0,Shanghai (Yangshan),China,CHN,Asia & Pacific,30.6150855074278,122.074785341805,5266,4441,127,209,0,489,3.6,7.56,1,2,1,0,0,0,0,8.569216219483389,8.398860004454372,6.194405391104672,4.852030263919617,5.58,10.75,2026,7,266.05278515868645
1001279,port2423,TC,BAVI-26,Tropical Cyclone BAVI-26,"Red Tropical Cyclone BAVI-26 in Guam, Northern Mariana Islands, Japan, Taiwan, China from: 01 Jul 2026  to: 11 Jul 2026 .",RED,Guam; Taiwan Province of China; Northern Mariana Islands; Japan; China,2026-07-01 00:00:00+00:00,2026,2026-07-11 18:00:00+00:00,Hurricane (maximum wind speed of 287 km/h),28.7,120.4,1784137096489,port2180; port2173; port1427; port2421; port482; port2424; port2177; port2415; port1300; port61; port2040; port2504; port2422; port824; port2230; port2413; port2505; port2021; port238; port370; port2414; port1429; port2304; port1390; port1113; port2502; port2027; port2423; port2111; port2491; port2497; port1126; port2426; port1261; port438; port1403; port2302,37,0.0,e1706849ab254c9f92db48f4761a8924,3004119385032.9414,12128199.78940675,287.0,0.0,Taizhou (Wenling),China,CHN,Asia & Pacific,28.409425930955084,121.6596135530483,37,1,4,32,0,0,0.0,0.0,1,2,1,0,0,0,0,3.6375861597263857,0.6931471805599453,0.0,1.6094379124341003,0.0,10.75,2026,7,127.13823468909483
1001279,port2111,TC,BAVI-26,Tropical Cyclone BAVI-26,"Red Tropical Cyclone BAVI-26 in Guam, Northern Mariana Islands, Japan, Taiwan, China from: 01 Jul 2026  to: 11 Jul 2026 .",RED,Guam; Taiwan Province of China; Northern Mariana Islands; Japan; China,2026-07-01 00:00:00+00:00,2026,2026-07-11 18:00:00+00:00,Hurricane (maximum wind speed of 287 km/h),28.7,120.4,1784137096489,port2180; port2173; port1427; port2421; port482; port2424; port2177; port2415; port1300; port61; port2040; port2504; port2422; port824; port2230; port2413; port2505; port2021; port238; port370; port2414; port1429; port2304; port1390; port1113; port2502; port2027; port2423; port2111; port2491; port2497; port1126; port2426; port1261; port438; port1403; port2302,37,0.0,e1706849ab254c9f92db48f4761a8924,3004119385032.9414,12128199.78940675,287.0,0.0,Qushan Island,China,CHN,Asia & Pacific,30.4565874342441,122.28231082736,273,60,114,28,4,67,0.02,0.14,1,2,1,0,0,0,0,5.6131281063880705,4.110873864173311,4.219507705176107,4.74493212836325,0.08,10.75,2026,7,265.4352465856622
1001279,port2491,TC,BAVI-26,Tropical Cyclone BAVI-26,"Red Tropical Cyclone BAVI-26 in Guam, Northern Mariana Islands, Japan, Taiwan, China from: 01 Jul 2026  to: 11 Jul 2026 .",RED,Guam; Taiwan Province of China; Northern Mariana Islands; Japan; China,2026-07-01 00:00:00+00:00,2026,2026-07-11 18:00:00+00:00,Hurricane (maximum wind speed of 287 km/h),28.7,120.4,1784137096489,port2180; port2173; port1427; port2421; port482; port2424; port2177; port2415; port1300; port61; port2040; port2504; port2422; port824; port2230; port2413; port2505; port2021; port238; port370; port2414; port1429; port2304; port1390; port1113; port2502; port2027; port2423; port2111; port2491; port2497; port1126; port2426; port1261; port438; port1403; port2302,37,0.0,e1706849ab254c9f92db48f4761a8924,3004119385032.9414,12128199.78940675,287.0,0.0,Liuheng LNG Terminal,China,CHN,Asia & Pacific,29.70801679179115,122.06548383504943,0,0,0,0,0,0,0.0,0.0,1,2,1,0,0,0,0,0.0,0.0,0.0,0.0,0.0,10.75,2026,7,195.7091099804668
1001279,port2497,TC,BAVI-26,Tropical Cyclone BAVI-26,"Red Tropical Cyclone BAVI-26 in Guam, Northern Mariana Islands, Japan, Taiwan, China from: 01 Jul 2026  to: 11 Jul 2026 .",RED,Guam; Taiwan Province of China; Northern Mariana Islands; Japan; China,2026-07-01 00:00:00+00:00,2026,2026-07-11 18:00:00+00:00,Hurricane (maximum wind speed of 287 km/h),28.7,120.4,1784137096489,port2180; port2173; port1427; port2421; port482; port2424; port2177; port2415; port1300; port61; port2040; port2504; port2422; port824; port2230; port2413; port2505; port2021; port238; port370; port2414; port1429; port2304; port1390; port1113; port2502; port2027; port2423; port2111; port2491; port2497; port1126; port2426; port1261; port438; port1403; port2302,37,0.0,e1706849ab254c9f92db48f4761a8924,3004119385032.9414,12128199.78940675,287.0,0.0,Nakagusuku LNG Terminal,Japan,JPN,Asia & Pacific,26.269535555227183,127.81733581265274,0,0,0,0,0,0,0.0,0.0,1,2,1,0,0,0,0,0.0,0.0,0.0,0.0,0.0,10.75,2026,7,786.0397502672657
1001279,port1126,TC,BAVI-26,Tropical Cyclone BAVI-26,"Red Tropical Cyclone BAVI-26 in Guam, Northern Mariana Islands, Japan, Taiwan, China from: 01 Jul 2026  to: 11 Jul 2026 .",RED,Guam; Taiwan Province of China; Northern Mariana Islands; Japan; China,2026-07-01 00:00:00+00:00,2026,2026-07-11 18:00:00+00:00,Hurricane (maximum wind speed of 287 km/h),28.7,120.4,1784137096489,port2180; port2173; port1427; port2421; port482; port2424; port2177; port2415; port1300; port61; port2040; port2504; port2422; port824; port2230; port2413; port2505; port2021; port238; port370; port2414; port1429; port2304; port1390; port1113; port2502; port2027; port2423; port2111; port2491; port2497; port1126; port2426; port1261; port438; port1403; port2302,37,0.0,e1706849ab254c9f92db48f4761a8924,3004119385032.9414,12128199.78940675,287.0,0.0,Saipan,Northern Mariana Islands,MNP,Asia & Pacific,15.22514305,145.7349106,163,75,6,48,9,25,90.82,95.36,1,2,1,0,0,0,0,5.099866427824199,4.330733340286331,3.258096538021482,1.9459101490553132,93.09,10.75,2026,7,3098.398527843617
1001279,port2426,TC,BAVI-26,Tropical Cyclone BAVI-26,"Red Tropical Cyclone BAVI-26 in Guam, Northern Mariana Islands, Japan, Taiwan, China from: 01 Jul 2026  to: 11 Jul 2026 .",RED,Guam; Taiwan Province of China; Northern Mariana Islands; Japan; China,2026-07-01 00:00:00+00:00,2026,2026-07-11 18:00:00+00:00,Hurricane (maximum wind speed of 287 km/h),28.7,120.4,1784137096489,port2180; port2173; port1427; port2421; port482; port2424; port2177; port2415; port1300; port61; port2040; port2504; port2422; port824; port2230; port2413; port2505; port2021; port238; port370; port2414; port1429; port2304; port1390; port1113; port2502; port2027; port2423; port2111; port2491; port2497; port1126; port2426; port1261; port438; port1403; port2302,37,0.0,e1706849ab254c9f92db48f4761a8924,3004119385032.9414,12128199.78940675,287.0,0.0,Yueqing,China,CHN,Asia & Pacific,28.184121588309655,121.10648599932168,218,0,198,19,0,1,0.22,0.0,1,2,1,0,0,0,0,5.389071729816501,0.0,0.6931471805599453,5.293304824724492,0.11,10.75,2026,7,89.7599588337204
1001279,port1261,TC,BAVI-26,Tropical Cyclone BAVI-26,"Red Tropical Cyclone BAVI-26 in Guam, Northern Mariana Islands, Japan, Taiwan, China from: 01 Jul 2026  to: 11 Jul 2026 .",RED,Guam; Taiwan Province of China; Northern Mariana Islands; Japan; China,2026-07-01 00:00:00+00:00,2026,2026-07-11 18:00:00+00:00,Hurricane (maximum wind speed of 287 km/h),28.7,120.4,1784137096489,port2180; port2173; port1427; port2421; port482; port2424; port2177; port2415; port1300; port61; port2040; port2504; port2422; port824; port2230; port2413; port2505; port2021; port238; port370; port2414; port1429; port2304; port1390; port1113; port2502; port2027; port2423; port2111; port2491; port2497; port1126; port2426; port1261; port438; port1403; port2302,37,0.0,e1706849ab254c9f92db48f4761a8924,3004119385032.9414,12128199.78940675,287.0,0.0,Taipei,Taiwan Province of China,TWN,Asia & Pacific,25.15663144,121.3807189,2782,1518,344,353,331,236,4.94,3.11,1,2,1,0,0,0,0,7.931284761525891,7.325807502595773,5.4680601411351315,5.84354441703136,4.025,10.75,2026,7,405.46867839845675
1001279,port438,TC,BAVI-26,Tropical Cyclone BAVI-26,"Red Tropical Cyclone BAVI-26 in Guam, Northern Mariana Islands, Japan, Taiwan, China from: 01 Jul 2026  to: 11 Jul 2026 .",RED,Guam; Taiwan Province of China; Northern Mariana Islands; Japan; China,2026-07-01 00:00:00+00:00,2026,2026-07-11 18:00:00+00:00,Hurricane (maximum wind speed of 287 km/h),28.7,120.4,1784137096489,port2180; port2173; port1427; port2421; port482; port2424; port2177; port2415; port1300; port61; port2040; port2504; port2422; port824; port2230; port2413; port2505; port2021; port238; port370; port2414; port1429; port2304; port1390; port1113; port2502; port2027; port2423; port2111; port2491; port2497; port1126; port2426; port1261; port438; port1403; port2302,37,0.0,e1706849ab254c9f92db48f4761a8924,3004119385032.9414,12128199.78940675,287.0,0.0,Haimen,China,CHN,Asia & Pacific,28.83311121,121.5625881,399,8,40,181,0,170,0.02,0.01,1,2,1,0,0,0,0,5.991464547107982,2.1972245773362196,5.14166355650266,3.713572066704308,0.015,10.75,2026,7,114.01051569814842
1001279,port1403,TC,BAVI-26,Tropical Cyclone BAVI-26,"Red Tropical Cyclone BAVI-26 in Guam, Northern Mariana Islands, Japan, Taiwan, China from: 01 Jul 2026  to: 11 Jul 2026 .",RED,Guam; Taiwan Province of China; Northern Mariana Islands; Japan; China,2026-07-01 00:00:00+00:00,2026,2026-07-11 18:00:00+00:00,Hurricane (maximum wind speed of 287 km/h),28.7,120.4,1784137096489,port2180; port2173; port1427; port2421; port482; port2424; port2177; port2415; port1300; port61; port2040; port2504; port2422; port824; port2230; port2413; port2505; port2021; port238; port370; port2414; port1429; port2304; port1390; port1113; port2502; port2027; port2423; port2111; port2491; port2497; port1126; port2426; port1261; port438; port1403; port2302,37,0.0,e1706849ab254c9f92db48f4761a8924,3004119385032.9414,12128199.78940675,287.0,0.0,Xiagong,China,CHN,Asia & Pacific,26.56552028,119.7215338,1613,52,1081,251,8,221,1.08,0.28,1,2,1,0,0,0,0,7.3864708488298945,3.970291913552122,5.402677381872279,6.9865664594064265,0.68,10.75,2026,7,246.3163223814453
1001279,port2302,TC,BAVI-26,Tropical Cyclone BAVI-26,"Red Tropical Cyclone BAVI-26 in Guam, Northern Mariana Islands, Japan, Taiwan, China from: 01 Jul 2026  to: 11 Jul 2026 .",RED,Guam; Taiwan Province of China; Northern Mariana Islands; Japan; China,2026-07-01 00:00:00+00:00,2026,2026-07-11 18:00:00+00:00,Hurricane (maximum wind speed of 287 km/h),28.7,120.4,1784137096489,port2180; port2173; port1427; port2421; port482; port2424; port2177; port2415; port1300; port61; port2040; port2504; port2422; port824; port2230; port2413; port2505; port2021; port238; port370; port2414; port1429; port2304; port1390; port1113; port2502; port2027; port2423; port2111; port2491; port2497; port1126; port2426; port1261; port438; port1403; port2302,37,0.0,e1706849ab254c9f92db48f4761a8924,3004119385032.9414,12128199.78940675,287.0,0.0,Hirara,Japan,JPN,Asia & Pacific,24.81895543041971,125.27721380497792,234,12,12,62,26,122,0.01,0.01,1,2,1,0,0,0,0,5.459585514144159,2.5649493574615367,4.812184355372417,2.5649493574615367,0.01,10.75,2026,7,653.4742902702666
1558059,port325,EQ,Earthquake in Indonesia,Earthquake in Indonesia,Red M 7.7 Earthquake in Indonesia at: 14 Aug 2026 21:58:21.,RED,Indonesia,2026-08-14 21:58:21+00:00,2026,2026-08-14 21:58:21+00:00,"Magnitude 7.7M, Depth:10km",-8.3101,121.3517,1786788245013,port325,1,0.0,8412a4ae40104c35a27a1a8eded3a165,32266019709.819336,636841.1357321779,0.0,7.7,Ende,Indonesia,IDN,Asia & Pacific,-8.850508971,121.6538749,113,27,0,28,0,58,0.05,0.0,1,2,0,0,1,0,0,4.736198448394496,3.332204510175204,4.07753744390572,0.0,0.025,0.0,2026,8,68.53205506990892
1012873,port2142,DR,India and Sri Lanka-2019,"Drought in India, Sri Lanka","Red Drought in India, Sri Lanka from: 21 Dec 2018  to: 26 Aug 2019 .",RED,India; Sri Lanka,2018-12-21 00:00:00+00:00,2018,2019-08-26 13:37:00+00:00,Severe impact for agricultural drought in 85408 km2,8.828,79.198,1694311782990,port1331; port1319,2,0.0,,88052703825.3999,2608863.2322916104,0.0,0.0,Lavrion,Greece,GRC,Europe,37.7047701201238,24.061820872762,139,4,0,52,70,13,0.06,0.02,0,2,0,0,0,1,0,4.941642422609304,1.6094379124341003,2.6390573296152584,0.0,0.04,248.5673611111111,2018,12,5806.8674300380335
1001018,port91,TC,KOINU-23,Tropical Cyclone KOINU-23,"Red Tropical Cyclone KOINU-23 in China, Japan, Philippines from: 29 Sep 2023  to: 10 Oct 2023 .",RED,Hong Kong Special Administrative Region; Taiwan Province of China; Macao Special Administrative Region,2023-09-29 12:00:00+00:00,2023,2023-10-10 00:00:00+00:00,Tropical Depression (maximum wind speed of 213 km/h),20.8,110.3,1698455547761,port482; port541; port681; port474; port674,5,0.0,06ae052bc2cc4c478d215983fb8fc680,759972452688.5215,4831098.315807256,213.0,0.0,San Nicolas,Peru,PER,South America,-15.25817877,-75.23949267,155,1,135,0,0,19,0.59,23.23,0,2,1,0,0,0,0,5.049856007249537,0.6931471805599453,2.995732273553991,4.912654885736052,11.91,10.5,2023,9,20268.034519216122
1000923,port2398,TC,IAN-22,Tropical Cyclone IAN-22,"Red Tropical Cyclone IAN-22 in United States, Cuba from: 23 Sep 2022  to: 02 Oct 2022 .",RED,United States; Cuba,2022-09-23 09:00:00+00:00,2022,2022-10-02 03:00:00+00:00,Tropical Depression (maximum wind speed of 250 km/h),37.3,-78.2,1694318157503,port212; port231; port513; port967; port1259; port1399; port86; port704,8,0.0,a9afc86a1a4548849cb5860689dbbad7,795550443716.9697,5660938.880496826,250.0,0.0,Fusa,Norway,NOR,Europe,60.20389504886872,5.60119649766657,26,25,0,1,0,0,0.04,0.0,0,2,1,0,0,0,0,3.295836866004329,3.258096538021482,0.0,0.0,0.02,8.75,2022,9,5275.303825237769
1012873,port2064,DR,India and Sri Lanka-2019,"Drought in India, Sri Lanka","Red Drought in India, Sri Lanka from: 21 Dec 2018  to: 26 Aug 2019 .",RED,India; Sri Lanka,2018-12-21 00:00:00+00:00,2018,2019-08-26 13:37:00+00:00,Severe impact for agricultural drought in 85408 km2,8.828,79.198,1694311782990,port1331; port1319,2,0.0,,88052703825.3999,2608863.2322916104,0.0,0.0,Nordenham,Germany,DEU,Europe,53.4979311862011,8.50507620214729,943,58,60,543,41,241,1.89,0.56,0,2,0,0,0,1,0,6.8501261661455,4.07753744390572,5.488937726156687,4.110873864173311,1.225,248.5673611111111,2018,12,6809.791465355452
1000734,port319,TC,MOLAVE-20,Tropical Cyclone MOLAVE-20,"Red Tropical Cyclone MOLAVE-20 in Viet Nam, Laos, Philippines, Cambodia, Thailand from: 24 Oct 2020  to: 28 Oct 2020 .",RED,Philippines; Vietnam,2020-10-24 00:00:00+00:00,2020,2020-10-28 06:00:00+00:00,Hurricane/Typhoon > 74 mph (maximum wind speed of 204 km/h),15.4,108.5,1694314857510,port125; port694; port213; port269; port1078,5,0.0,e84323b3f8cc45bfabbdfe65aca72289,660479170186.7969,5156424.339896273,204.0,0.0,Jorf Lasfar,Morocco,MAR,Africa,33.11351891,-8.609401598,1414,51,650,356,2,355,20.02,14.17,0,2,1,0,0,0,0,7.254884810077338,3.9512437185814275,5.87493073085203,6.478509642208569,17.095,4.25,2020,10,11064.059519884193
1102000,port2459,FL,"Flood in Bangladesh, India, Myanmar","Flood in Bangladesh, India, Myanmar","Red Flood in Bangladesh, India, Myanmar from: 13 May 2023 01 to: 15 May 2023 01.",RED,"Bangladesh, India, Myanmar",2023-05-13 01:00:00+00:00,2023,2023-05-15 01:00:00+00:00,,20.15,92.9,1694319048832,,0,0.0,,15587277903.34961,1939484.122259192,0.0,0.0,Port Vendres,France,FRA,Europe,42.5198258956942,3.111868456634454,2,2,0,0,0,0,0.0,0.0,0,2,0,1,0,0,0,1.0986122886681098,1.0986122886681098,0.0,0.0,0.0,2.0,2023,5,7754.051247025192
10000003,port2225,OT,US PORTS STRIKE,US Ports Strike,"Labor strike affecting many ports across the US East and Gulf Coasts, as well as the Port of Montreal in Canada",RED,,2024-10-01 00:00:00+00:00,2024,2024-10-02 22:00:00+00:00,,29.77081,-95.35517,1727962353164,port812; port815; port826; port103; port901; port159; port513; port736; port754; port1170; port1259; port1398; port231; port481; port766; port2066; port951,17,0.0,9e9f1ca4abad4948af5caed716c137f3,2173469.48828125,6906.2243711354695,0.0,0.0,Bashayer,Sudan,SDN,Africa,19.3907845405067,37.3178703686159,236,12,30,27,5,162,8.26,93.81,0,2,0,0,0,0,1,5.4680601411351315,2.5649493574615367,5.093750200806762,3.4339872044851463,51.035000000000004,1.9166666666666667,2024,10,13939.051307238637
1021078,port2163,WF,Forest fires in Greece,Forest fires in Greece,Red Forest fires in Greece from: 11 Aug 2024 to: 13 Aug 2024.,RED,Greece,2024-08-11 00:00:00+00:00,2024,2024-08-13 00:00:00+00:00,Red impact for forestfire in 8206 ha,38.15125,23.92598,1728469086877,,0,0.0,,134263310.3310547,112341.77431552672,0.0,0.0,Luwuk,Indonesia,IDN,Asia & Pacific,-0.949080688856557,122.808357296821,131,35,0,25,0,71,0.04,0.01,0,2,0,0,0,0,0,4.882801922586371,3.58351893845611,4.276666119016055,0.0,0.025,2.0,2024,8,11801.486267884655
1365556,port1399,EQ,Earthquake in Ecuador,Earthquake in Ecuador,Red M 6.8 Earthquake in Ecuador at: 18 Mar 2023 17:12:53.,RED,Ecuador,2023-03-18 17:12:53+00:00,2023,2023-03-18 17:12:53+00:00,"Magnitude 6.8M, Depth:66.421km",-2.8273,-79.8628,1694318875928,port426; port1028,2,0.0,ef13e43c3ddc4b3498c190570259f5b7,31671258732.4856,630947.1176096611,0.0,6.8,"Wilmington, NC",United States,USA,North America,34.20514713,-77.95014843,619,316,113,55,12,123,0.39,0.19,0,2,0,0,1,0,0,6.429719478039138,5.75890177387728,4.820281565605037,4.736198448394496,0.29000000000000004,0.0,2023,3,4114.349867555376
1458084,port1351,EQ,Earthquake in Vanuatu,Earthquake in Vanuatu,Red M 7.3 Earthquake in Vanuatu at: 17 Dec 2024 01:47:25.,RED,Vanuatu,2024-12-17 01:47:25+00:00,2024,2024-12-17 01:47:25+00:00,"Magnitude 7.3M, Depth:57.094km",-17.6859,168.0338,1743233631549,port980,1,0.0,d9f1cd11bcad466f9ce50f174bc4a4d9,34805342363.78125,661419.83052175,0.0,7.3,Vancouver,United States,USA,North America,45.63802271,-122.7274124,360,5,238,32,54,31,0.15,0.97,0,2,0,0,1,0,0,5.8888779583328805,1.791759469228055,3.4657359027997265,5.476463551931511,0.5599999999999999,0.0,2024,12,23635.34126248766
1000961,port964,TC,FREDDY-23,Tropical Cyclone FREDDY-23,"Red Tropical Cyclone FREDDY-23 in Mozambique, Madagascar from: 06 Feb 2023  to: 12 Mar 2023 .",RED,"Mozambique, Madagascar",2023-02-06 06:00:00+00:00,2023,2023-03-12 00:00:00+00:00,Hurricane/Typhoon > 74 mph (maximum wind speed of 250 km/h),-17.5,36.9,1694318856223,,0,0.0,,2022693609096.5583,21856185.735939536,250.0,0.0,Port Lincoln,Australia,AUS,Asia & Pacific,-34.72199883,135.8701998,76,0,62,4,0,10,0.01,0.12,0,2,1,0,0,0,0,4.343805421853684,0.0,2.3978952727983707,4.143134726391533,0.065,33.75,2023,2,9229.560709714506
1000706,fso111,TC,HAISHEN-20,Tropical Cyclone HAISHEN-20,"Red Tropical Cyclone HAISHEN-20 in Democratic Republic of Korea, Republic of Korea, Japan, China, from: 31 Aug 2020  to: 07 Sep 2020 .",RED,Japan; Korea,2020-08-31 12:00:00+00:00,2020,2020-09-07 12:00:00+00:00,Tropical Storm (maximum wind speed of 250 km/h),40.7,128.9,1694314690167,port439; port445; port471; port480; port528; port538; port545; port566; port605; port785; port846; port852; port1119; port1190; port1304; port1324; port1335; port1378; port1411; port270; port432; port494; port608; port715; port915; port1065; port1067; port1309; port1338,29,0.0,0ef4c5564b2a41169f223c0b1d019825,2187718787554.5327,8378337.002268916,250.0,0.0,Malaysia - Offshore Oil Terminal 14,Malaysia,MYS,Asia & Pacific,5.173000000000001,115.39800000000002,0,0,0,0,0,0,0.0,0.0,0,2,1,0,0,0,0,0.0,0.0,0.0,0.0,0.0,7.0,2020,8,4216.524183802031
1102974,port633,FL,Flood in India,Flood in India,Red Flood in India from: 20 Oct 2024 01 to: 26 Oct 2024 01.,RED,India,2024-10-20 01:00:00+00:00,2024,2024-10-26 01:00:00+00:00,,20.54312,84.68974,1743233631549,port883; port442; port207; port290,4,0.0,acd01d6724e54fd38f51a282856cdea7,280781350489.4551,11023326.748080814,0.0,0.0,Larnaca,Cyprus,CYP,Europe,34.92954956,33.64155775,364,20,42,228,12,62,13.85,14.65,0,2,0,1,0,0,0,5.8998973535824915,3.044522437723423,4.143134726391533,3.7612001156935624,14.25,6.0,2024,10,4912.393350602038
1337179,port2323,EQ,Earthquake in Papua New Guinea,Earthquake in Papua New Guinea,Red M 7.6 Earthquake in Papua New Guinea at: 10 Sep 2022 23:46:55.,RED,Papua New Guinea,2022-09-10 23:46:55+00:00,2022,2022-09-10 23:46:55+00:00,"Magnitude 7.6M, Depth:90.013km",-6.2557,146.4692,1694317950004,port624,1,0.0,c8de7f4575724cc3a7afccf0faf762a0,31972252448.100582,633942.8061322744,0.0,7.6,Nemuro,Japan,JPN,Asia & Pacific,43.34537212575575,145.57774979837896,0,0,0,0,0,0,0.0,0.0,0,2,0,0,1,0,0,0.0,0.0,0.0,0.0,0.0,0.0,2022,9,5506.189246908528
1000985,port873,TC,DOKSURI-23,Tropical Cyclone DOKSURI-23,"Red Tropical Cyclone DOKSURI-23 in China, Philippines from: 21 Jul 2023  to: 28 Jul 2023 .",RED,China; Taiwan Province of China,2023-07-21 12:00:00+00:00,2023,2023-07-28 06:00:00+00:00,Hurricane/Typhoon > 74 mph (maximum wind speed of 241 km/h),25.7,118.4,1694319313120,port370; port1074; port1192; port1404; port1405; port541,6,0.0,b540df4fc6a5421bb2da4ed0f0a690c4,928424469375.0684,5417913.710063252,241.0,0.0,Paita,Peru,PER,South America,-5.081938312,-81.10649294,439,350,60,13,0,16,1.71,2.39,0,2,1,0,0,0,0,6.0867747269123065,5.860786223465865,2.833213344056216,4.110873864173311,2.05,6.75,2023,7,22321.229712634547
1101659,port161,FL,Flood in Nigeria,Flood in Nigeria,Red Flood in Nigeria from: 10 Sep 2022 01 to: 26 Oct 2022 01.,RED,Nigeria,2022-09-10 01:00:00+00:00,2022,2022-10-26 01:00:00+00:00,,4.762979,6.028898,1694318293002,port205; port587; port1165; port1383,4,0.0,9a4da61ebdd844f7a73d21254b8224ff,48581411140.71811,1903249.6982656445,0.0,0.0,Port Botany,Australia,AUS,Asia & Pacific,-33.98153451,151.2158952,1424,1042,2,30,0,350,9.63,0.1,0,2,0,1,0,0,0,7.261927092702751,6.949856455000773,5.860786223465865,1.0986122886681098,4.865,46.0,2022,9,14038.443033305013
1100185,port511,FL,"Flood in British Virgin Islands, The Bahamas","Flood in British Virgin Islands, The Bahamas","Red Flood in British Virgin Islands, The Bahamas from: 28 Aug 2019 00 to: 28 Aug 2019 00.",RED,The Bahamas,2019-08-28 00:00:00+00:00,2019,2019-08-28 00:00:00+00:00,,26.70673,-78.87209,1694311792460,port251; port357; port388; port721; port798; port821,6,0.0,5b46b63747f248a6847ddcf455d8e50f,362766691516.7617,2700767.8928220104,0.0,0.0,Jaigad Port,India,IND,Asia & Pacific,17.29523509,73.21867272,584,4,200,363,0,17,2.32,0.38,0,2,0,1,0,0,0,6.371611847231857,1.6094379124341003,2.8903717578961645,5.303304908059076,1.3499999999999999,0.0,2019,8,16152.578416961975
1103514,port729,FL,Flood in China,Flood in China,Red Flood in China from: 23 Sep 2025 01 to: 25 Sep 2025 01.,RED,Hong Kong SAR,2025-09-23 01:00:00+00:00,2025,2025-09-25 01:00:00+00:00,,22.35063,114.1849,1759774040248,port474,1,0.0,ba4836d421a64310984bb04854a15168,3236111844.294922,241815.27399635635,0.0,0.0,Melbourne,Australia,AUS,Asia & Pacific,-37.82817816,144.9175597,1962,980,233,78,431,240,18.77,0.69,0,2,0,1,0,0,0,7.5822291942764615,6.8885724595653635,5.484796933490655,5.455321115357702,9.73,2.0,2025,9,7202.805752300279
1001199,port2333,TC,KAJIKI-25,Tropical Cyclone KAJIKI-25,"Red Tropical Cyclone KAJIKI-25 in China, Viet Nam, Laos from: 22 Aug 2025  to: 25 Aug 2025 .",RED,China; Vietnam,2025-08-22 12:00:00+00:00,2025,2025-08-25 12:00:00+00:00,Hurricane (maximum wind speed of 176 km/h),18.6,105.7,1759773926919,port819; port123; port2405,3,0.0,ac2ab6950be24be78651406ff4a48fd3,315832502165.2754,3249273.252154244,176.0,0.0,Rugao,China,CHN,Asia & Pacific,32.06846972283425,120.52885289191636,1026,11,353,41,1,620,0.3,0.04,0,2,1,0,0,0,0,6.934397209928558,2.4849066497880004,6.431331081933479,5.869296913133774,0.16999999999999998,3.0,2025,8,2044.6566947805577
1000784,port1309,TC,YAAS-21,Tropical Cyclone YAAS-21,Red Tropical Cyclone YAAS-21 in India from: 24 May 2021  to: 26 May 2021 .,RED,India,2021-05-24 00:00:00+00:00,2021,2021-05-26 06:00:00+00:00,Tropical Storm (maximum wind speed of 120 km/h),21.6,87.0,1694315620209,port290; port442; port883,3,0.0,f005e5328daf492b8d64437e2ea8e3f6,279610013323.5176,2292267.97352831,120.0,0.0,Donghae,Korea,KOR,Asia & Pacific,37.4880914,129.1384589,933,1,342,471,1,118,1.2,2.72,0,2,1,0,0,0,0,6.839476438228843,0.6931471805599453,4.77912349311153,5.8377304471659395,1.96,2.25,2021,5,4109.097594227984
1000673,port2219,TC,NISARGA-20,Tropical Cyclone NISARGA-20,Red Tropical Cyclone NISARGA-20 in India from: 02 Jun 2020  to: 03 Jun 2020 .,RED,India,2020-06-02 18:00:00+00:00,2020,2020-06-03 12:00:00+00:00,Hurricane/Typhoon > 74 mph (maximum wind speed of 139 km/h),19.1,73.7,1694314372002,port511; port776,2,0.0,91c5a35ee6804b94a39c91c93021bfe1,116925429196.29688,1668600.0514449673,139.0,0.0,Salif,Yemen,YEM,Asia & Pacific,15.3169166182557,42.6736742475775,70,0,61,9,0,0,17.05,1.83,0,2,1,0,0,0,0,4.2626798770413155,0.0,0.0,4.127134385045092,9.440000000000001,0.75,2020,6,3348.0306916386007
1001072,port1007,TC,GAEMI-24,Tropical Cyclone GAEMI-24,"Red Tropical Cyclone GAEMI-24 in Japan, Taiwan, China, Philippines from: 19 Jul 2024  to: 25 Jul 2024 .",RED,China; Taiwan Province of China,2024-07-19 18:00:00+00:00,2024,2024-07-25 12:00:00+00:00,Hurricane (maximum wind speed of 231 km/h),25.6,119.4,1727766190151,port370; port1074; port1192; port1403; port1405; port238; port482; port541; port681; port1252; port1261,11,0.0,3093e1e250d5474291d7b7ef8a88fd0a,742777302162.9844,3740151.920270975,231.0,0.0,Oristano,Italy,ITA,Europe,39.8641519,8.560153432,148,9,25,91,0,23,0.3,0.17,0,2,1,0,0,0,0,5.003946305945459,2.302585092994046,3.1780538303479458,3.258096538021482,0.235,5.75,2024,7,9575.351083721845
1013327,port2449,DR,Zimbabwe-2019,"Drought in Botswana, Mozambique, South Africa, Zimbabwe","Red Drought in Botswana, Mozambique, South Africa, Zimbabwe from: 21 Mar 2019  to: 01 Aug 2019 .",RED,"Botswana, Mozambique, South Africa, Zimbabwe",2019-03-21 00:00:00+00:00,2019,2019-08-01 10:47:00+00:00,Severe impact for agricultural drought in 102368 km2,-22.721,31.814,1694311593392,,0,0.0,,120939607601.3496,2559609.37090292,0.0,0.0,Lerwick,United Kingdom,GBR,Europe,60.16781582344193,-1.1513580832606154,263,3,0,28,193,39,0.05,0.02,0,2,0,0,0,1,0,5.575949103146316,1.3862943611198906,3.6888794541139363,0.0,0.035,133.44930555555555,2019,3,9378.996009367413
1000940,fso42,TC,ROSLYN-22,Tropical Cyclone ROSLYN-22,Red Tropical Cyclone ROSLYN-22 in Mexico from: 20 Oct 2022  to: 24 Oct 2022 .,RED,Mexico,2022-10-20 03:00:00+00:00,2022,2022-10-24 03:00:00+00:00,Tropical Depression (maximum wind speed of 213 km/h),26.0,-101.0,1694318280734,,0,0.0,,172355881838.91406,2914267.116267182,213.0,0.0,Brazil - Offshore Oil Terminal 7,Brazil,BRA,South America,-22.158,-40.147,73,0,0,0,0,73,0.0,0.78,0,2,1,0,0,0,0,4.30406509320417,0.0,4.30406509320417,0.0,0.39,4.0,2022,10,8228.621024115664
1000001,port2177,OT,RESTRICTIONS PANAMA CANAL,Shipping restrictions to Panama Canal,Drought restrictions imposed amid insufficient rainfall at the Gatún Lake,RED,,2023-11-03 00:00:00+00:00,2023,2024-08-05 04:00:00+00:00,,9.120512,-79.76723,1708810459951,chokepoint2,1,0.0,76f7d4b0062e46c5bbc862d4c3ce1d4b,30909854.189941406,168533.80110847912,0.0,0.0,Nakagusukuwan,Japan,JPN,Asia & Pacific,26.2233693144092,127.787555078582,138,0,0,0,0,138,0.06,0.0,0,2,0,0,0,0,1,4.9344739331306915,0.0,4.9344739331306915,0.0,0.03,276.1666666666667,2023,11,20754.416278297536
1001126,port117,TC,USAGI-24,Tropical Cyclone USAGI-24,"Red Tropical Cyclone USAGI-24 in Philippines, Taiwan from: 11 Nov 2024  to: 16 Nov 2024 .",RED,"Philippines, Taiwan",2024-11-11 00:00:00+00:00,2024,2024-11-16 06:00:00+00:00,Hurricane (maximum wind speed of 241 km/h),22.2,120.6,1743233631549,,0,0.0,,267239678935.08984,3815714.419036118,241.0,0.0,Barbor's Point,United States,USA,North America,21.3105197,-158.1040287,128,0,24,2,0,102,0.72,0.01,0,2,1,0,0,0,0,4.859812404361672,0.0,4.634728988229636,3.2188758248682006,0.365,5.25,2024,11,28821.042316271574
1307299,port740,EQ,Earthquake in Haiti,Earthquake in Haiti,Red M 5.3 Earthquake in Haiti at: 24 Jan 2022 13:16:23.,RED,Haiti,2022-01-24 13:16:23+00:00,2022,2022-01-24 13:16:23+00:00,"Magnitude 5.3M, Depth:10km",18.4723,-73.3346,1694317051845,port934; port1125,2,0.0,a14375d323fe40bcb9e296ba576f56ed,35116991308.7832,664375.8934030486,0.0,5.3,Milford Haven,United Kingdom,GBR,Europe,51.70054285,-5.023498674,1123,1,1,10,1,1110,11.27,9.15,0,2,0,0,1,0,0,7.024649030453636,0.6931471805599453,7.01301578963963,0.6931471805599453,10.21,0.0,2022,1,5973.988060890968
1000966,port734,TC,KEVIN-23,Tropical Cyclone KEVIN-23,Red Tropical Cyclone KEVIN-23 in Vanuatu from: 01 Mar 2023  to: 05 Mar 2023 .,RED,Vanuatu,2023-03-01 18:00:00+00:00,2023,2023-03-05 12:00:00+00:00,Tropical Storm (maximum wind speed of 250 km/h),-27.2,-174.5,1694318806140,port669; port980,2,0.0,7f9e5a20e835400cb291e476b12c6daa,1545193755526.627,9525874.305372307,250.0,0.0,Marsa Tobruk,Libya,LBY,Africa,32.06112409,23.98421662,114,4,19,43,0,48,2.9,31.56,0,2,1,0,0,0,0,4.74493212836325,1.6094379124341003,3.8918202981106265,2.995732273553991,17.23,3.75,2023,3,19796.348189233307
1000999,port1235,TC,SAOLA-23,Tropical Cyclone SAOLA-23,"Red Tropical Cyclone SAOLA-23 in China, Philippines from: 23 Aug 2023  to: 03 Sep 2023 .",RED,Hong Kong Special Administrative Region; China; Macao Special Administrative Region,2023-08-23 18:00:00+00:00,2023,2023-09-03 12:00:00+00:00,Tropical Depression (maximum wind speed of 250 km/h),20.7,109.0,1698455547761,port423; port425; port436; port484; port1189; port1196; port1414; port474; port674,9,0.0,1da448d78c3c4c11bc85b5c96692e090,453017205092.41016,4360517.904701316,250.0,0.0,Sundsvall,Sweden,SWE,Europe,62.39638003,17.3748299,303,62,6,117,64,54,1.21,1.66,0,2,1,0,0,0,0,5.717027701406222,4.143134726391533,4.007333185232471,1.9459101490553132,1.435,10.75,2023,8,6605.190539827737
1001111,port2034,TC,MILTON-24,Tropical Cyclone MILTON-24,"Red Tropical Cyclone MILTON-24 in Mexico, United States from: 05 Oct 2024  to: 09 Oct 2024 .",RED,Mexico; United States,2024-10-05 15:00:00+00:00,2024,2024-10-09 09:00:00+00:00,Hurricane (maximum wind speed of 287 km/h),24.5,-85.4,1728469086877,port212; port876; port967; port1259; port1023,5,0.0,6c5f734acb3a49209d1efa314fad3b08,821112466236.6816,6859035.563660279,287.0,0.0,Yarimca,Türkiye,TUR,Europe,40.7608107893611,29.7488694654866,2786,1043,83,514,134,1012,6.99,4.35,0,2,1,0,0,0,0,7.932721027481948,6.950814768442584,6.920671504248683,4.430816798843313,5.67,3.75,2024,10,9848.078956380938
1001230,port2165,TC,MELISSA-25,Tropical Cyclone MELISSA-25,"Red Tropical Cyclone MELISSA-25 in Jamaica, Cuba, Bahamas, Bermuda, Haiti, Canada from: 21 Oct 2025  to: 31 Oct 2025 .",RED,Jamaica; Cuba; The Bahamas; Canada,2025-10-21 15:00:00+00:00,2025,2025-10-31 15:00:00+00:00,Hurricane (maximum wind speed of 296 km/h),39.0,-60.5,1762326758953,port1220; port256; port1102; port835; port2172; port336; port388; port2332; port66; port949; port2330; port1156; port840; port223; port763; port2105; port572,17,0.0,e34846541688462e8808638878306dba,4640098699038.423,18023634.967691384,296.0,0.0,Lavan,Iran,IRN,Asia & Pacific,26.7905436961137,53.3501575546447,53,0,1,0,0,52,3.86,3.19,0,2,1,0,0,0,0,3.9889840465642745,0.0,3.970291913552122,0.6931471805599453,3.525,10.0,2025,10,11361.991377808152
1307299,port2442,EQ,Earthquake in Haiti,Earthquake in Haiti,Red M 5.3 Earthquake in Haiti at: 24 Jan 2022 13:16:23.,RED,Haiti,2022-01-24 13:16:23+00:00,2022,2022-01-24 13:16:23+00:00,"Magnitude 5.3M, Depth:10km",18.4723,-73.3346,1694317051845,port934; port1125,2,0.0,a14375d323fe40bcb9e296ba576f56ed,35116991308.7832,664375.8934030486,0.0,5.3,Fort Bay,"Bonaire,  Saint Eustatius and Saba",BES,North America,17.61625855488518,-63.25135458258921,9,0,0,9,0,0,0.0,0.0,0,2,0,0,1,0,0,2.302585092994046,0.0,0.0,0.0,0.0,0.0,2022,1,1070.9768757536058
1101664,port1031,FL,"Flood in China, Taiwan","Flood in China, Taiwan","Red Flood in China, Taiwan from: 14 Sep 2022 01 to: 16 Sep 2022 01.",RED,China,2022-09-14 01:00:00+00:00,2022,2022-09-16 01:00:00+00:00,,31.23228,121.4692,1694317999111,port438; port824; port1188; port1390; port1427; port1429,6,0.0,e8ad23d722674521baae5de97cc97f61,217355300848.26956,3579326.493505684,0.0,0.0,Puerto Caldera,Chile,CHL,South America,-27.05151454,-70.82743332,181,1,98,2,0,80,1.11,9.99,0,2,0,1,0,0,0,5.204006687076795,0.6931471805599453,4.394449154672439,4.59511985013459,5.55,2.0,2022,9,20080.462535842158
1001219,port195,TC,MATMO-25,Tropical Cyclone MATMO-25,"Red Tropical Cyclone MATMO-25 in China, Viet Nam, Philippines from: 01 Oct 2025  to: 05 Oct 2025 .",RED,China,2025-10-01 06:00:00+00:00,2025,2025-10-05 18:00:00+00:00,Hurricane (maximum wind speed of 167 km/h),21.9,108.5,1761725190590,port437; port339; port136; port1071; port1196; port424; port242; port1426,8,0.0,d1c3e4dd8f4342fd98f587856420c073,543522271097.7871,4777478.110644072,167.0,0.0,Burns Harbour,United States,USA,North America,41.63256448,-87.14127024,196,2,181,13,0,0,0.47,0.02,0,2,1,0,0,0,0,5.2832037287379885,1.0986122886681098,0.0,5.204006687076795,0.245,4.5,2025,10,16378.241174254777
1100113,port1027,FL,Flood in China,Flood in China,Red Flood in China from: 31 Jul 2019 00 to: 20 Aug 2019 00.,RED,China,2019-07-31 00:00:00+00:00,2019,2019-08-20 00:00:00+00:00,,30.6692,104.1219,1694311749132,,0,0.0,,5605930223.777344,475239.8567653723,0.0,0.0,Puerto Bolivar,Colombia,COL,South America,12.25028035,-71.96257031,217,17,176,16,0,8,0.3,18.38,0,2,0,1,0,0,0,5.384495062789089,2.8903717578961645,2.1972245773362196,5.176149732573829,9.34,20.0,2019,7,19209.43936728586
1474479,port317,EQ,Earthquake in Myanmar,Earthquake in Myanmar,Red M 6.7 Earthquake in Myanmar at: 28 Mar 2025 06:32:04.,RED,Myanmar,2025-03-28 06:32:04+00:00,2025,2025-03-28 06:32:04+00:00,"Magnitude 6.7M, Depth:10km",21.7073,95.9692,1743233631549,,0,0.0,,36599965958.65625,678268.1460967383,0.0,6.7,El Grao,Spain,ESP,Europe,39.95923639,0.008932348,1086,290,156,326,1,313,2.95,2.12,0,2,0,0,1,0,0,6.99117688712121,5.673323267171493,5.749392985908253,5.056245805348308,2.535,0.0,2025,3,8412.07134042247
1357560,port49,EQ,Earthquake in Türkiye,Earthquake in Türkiye,Red M 7.5 Earthquake in Türkiye at: 06 Feb 2023 10:24:49.,RED,Türkiye,2023-02-06 10:24:49+00:00,2023,2023-02-06 10:24:49+00:00,"Magnitude 7.5M, Depth:10km",38.0235,37.203,1694318563269,,0,0.0,,50911375887.10156,799954.1583432151,0.0,7.5,Ancona,Italy,ITA,Europe,43.62166393,13.50209791,451,320,15,73,1,42,0.24,0.35,0,2,0,0,1,0,0,6.113682179832232,5.771441123130016,3.7612001156935624,2.772588722239781,0.295,0.0,2023,2,2003.2776531717855
10000002,port926,OT,COLLAPSE FRANCIS SCOTT KEY BRIDGE,Baltimore: Collapse of Francis Scott Key Bridge,Collapse of the Francis Scott Key Bridge halted vessel traffic at the port of Baltimore,RED,United States,2024-03-26 00:00:00+00:00,2024,2024-06-12 04:00:00+00:00,,39.21934,-76.52521,1711737778359,port103,1,0.0,ce951f9474d843f48c48b47b21b7bab0,95440715.42578124,38765.194399173095,0.0,0.0,Poole,United Kingdom,GBR,Europe,50.71636883,-1.990203839,299,8,0,167,74,50,0.07,0.08,0,2,0,0,0,0,1,5.703782474656201,2.1972245773362196,3.9318256327243257,0.0,0.07500000000000001,78.16666666666667,2024,3,5391.584427317059
1000824,port275,TC,CHANTHU-21,Tropical Cyclone CHANTHU-21,"Red Tropical Cyclone CHANTHU-21 in China, Philippines from: 06 Sep 2021  to: 18 Sep 2021 .",RED,Taiwan Province of China,2021-09-06 06:00:00+00:00,2021,2021-09-18 00:00:00+00:00,Tropical Depression (maximum wind speed of 287 km/h),34.1,136.6,1694316572215,port238; port482; port1261,3,0.0,8973ab79e4e84f21863706b376cc33a2,738658048221.1113,8105520.519122106,287.0,0.0,Dammam,Saudi Arabia,SAU,Asia & Pacific,26.47626701,50.19439715,1622,556,499,271,261,35,18.81,0.92,0,2,1,0,0,0,0,7.392031567514591,6.322565239927284,3.58351893845611,6.214608098422191,9.865,11.75,2021,9,8626.712847624885
1390643,port2007,EQ,Earthquake in Morocco,Earthquake in Morocco,Red M 6.8 Earthquake in Morocco at: 08 Sep 2023 22:11:02.,RED,Morocco,2023-09-08 22:11:02+00:00,2023,2023-09-08 22:11:02+00:00,"Magnitude 6.8M, Depth:26.321km",31.07,-8.3815,1698455547761,,0,0.0,,43056777153.94678,735654.9781776896,0.0,6.8,Galati,Romania,ROU,Europe,45.4379403448606,28.0734618468282,73,2,2,55,0,14,0.15,0.52,0,2,0,0,1,0,0,4.30406509320417,1.0986122886681098,2.70805020110221,1.0986122886681098,0.335,0.0,2023,9,3256.601318106276
1001234,port1166,TC,FUNG-WONG-25,Tropical Cyclone FUNG-WONG-25,"Red Tropical Cyclone FUNG-WONG-25 in Philippines, China from: 04 Nov 2025  to: 11 Nov 2025 .",RED,Philippines,2025-11-04 06:00:00+00:00,2025,2025-11-11 06:00:00+00:00,Hurricane (maximum wind speed of 213 km/h),20.1,118.6,1762862933372,port2384; port1232; port694,3,0.0,c2ef10c4bd2a4528b780085f225e1c12,1574991297706.0098,6844851.431003457,213.0,0.0,Sarnia,Canada,CAN,North America,42.95496401,-82.41332422,561,3,372,10,0,176,3.46,0.97,0,2,1,0,0,0,0,6.331501849893691,1.3862943611198906,5.176149732573829,5.921578419643816,2.215,7.0,2025,11,16526.148600177312
1000673,port2343,TC,NISARGA-20,Tropical Cyclone NISARGA-20,Red Tropical Cyclone NISARGA-20 in India from: 02 Jun 2020  to: 03 Jun 2020 .,RED,India,2020-06-02 18:00:00+00:00,2020,2020-06-03 12:00:00+00:00,Hurricane/Typhoon > 74 mph (maximum wind speed of 139 km/h),19.1,73.7,1694314372002,port511; port776,2,0.0,91c5a35ee6804b94a39c91c93021bfe1,116925429196.29688,1668600.0514449673,139.0,0.0,Toyo,Japan,JPN,Asia & Pacific,33.9509557148789,133.14451324882086,1122,5,60,966,0,91,0.07,0.18,0,2,1,0,0,0,0,7.023758954738443,1.791759469228055,4.5217885770490405,4.110873864173311,0.125,0.75,2020,6,5716.277795146736
1001028,port2070,TC,OTIS-23,Tropical Cyclone OTIS-23,Red Tropical Cyclone OTIS-23 in Mexico from: 22 Oct 2023  to: 25 Oct 2023 .,RED,Mexico,2023-10-22 15:00:00+00:00,2023,2023-10-25 21:00:00+00:00,Tropical Depression (maximum wind speed of 259 km/h),19.1,-100.8,1698455547761,port7,1,0.0,b2af87430d8340f29465e5075633c14a,83209950822.40918,1505916.18134488,259.0,0.0,Wallhamn,Sweden,SWE,Europe,58.011733063392,11.7024164015154,143,12,16,3,111,1,0.14,0.48,0,2,1,0,0,0,0,4.969813299576001,2.5649493574615367,0.6931471805599453,2.833213344056216,0.31,3.25,2023,10,7900.521136078576
1100185,port400,FL,"Flood in British Virgin Islands, The Bahamas","Flood in British Virgin Islands, The Bahamas","Red Flood in British Virgin Islands, The Bahamas from: 28 Aug 2019 00 to: 28 Aug 2019 00.",RED,The Bahamas,2019-08-28 00:00:00+00:00,2019,2019-08-28 00:00:00+00:00,,26.70673,-78.87209,1694311792460,port251; port357; port388; port721; port798; port821,6,0.0,5b46b63747f248a6847ddcf455d8e50f,362766691516.7617,2700767.8928220104,0.0,0.0,Glomfjord,Norway,NOR,Europe,66.81004693,13.93684706,158,15,4,138,0,1,0.4,0.19,0,2,0,1,0,0,0,5.0689042022202315,2.772588722239781,0.6931471805599453,1.6094379124341003,0.29500000000000004,0.0,2019,8,6022.620310007322
1001121,port2342,TC,YINXING-24,Tropical Cyclone YINXING-24,"Red Tropical Cyclone YINXING-24 in Philippines, Viet Nam from: 03 Nov 2024  to: 12 Nov 2024 .",RED,"Philippines, Viet Nam",2024-11-03 06:00:00+00:00,2024,2024-11-12 12:00:00+00:00,Hurricane (maximum wind speed of 231 km/h),14.0,108.6,1743233631549,,0,0.0,,627567140020.3848,5914403.2540477095,231.0,0.0,Tottori,Japan,JPN,Asia & Pacific,35.54127234784807,134.18919251392327,62,0,23,30,0,9,0.01,0.0,0,2,1,0,0,0,0,4.143134726391533,0.0,2.302585092994046,3.1780538303479458,0.005,9.25,2024,11,3325.512247687769
1000923,port2285,TC,IAN-22,Tropical Cyclone IAN-22,"Red Tropical Cyclone IAN-22 in United States, Cuba from: 23 Sep 2022  to: 02 Oct 2022 .",RED,United States; Cuba,2022-09-23 09:00:00+00:00,2022,2022-10-02 03:00:00+00:00,Tropical Depression (maximum wind speed of 250 km/h),37.3,-78.2,1694318157503,port212; port231; port513; port967; port1259; port1399; port86; port704,8,0.0,a9afc86a1a4548849cb5860689dbbad7,795550443716.9697,5660938.880496826,250.0,0.0,Seogwipo,Korea,KOR,Asia & Pacific,33.23884278231272,126.56558045670108,11,0,0,10,1,0,0.0,0.0,0,2,1,0,0,0,0,2.4849066497880004,0.0,0.0,0.0,0.0,8.75,2022,9,19015.701202877884
1001131,port1022,TC,CHIDO-25,Tropical Cyclone CHIDO-25,"Red Tropical Cyclone CHIDO-25 in Mozambique, Miscellaneous (French) Indian Ocean Islands, Madagascar, Comoros, Mayotte from: 09 Dec 2024  to: 16 Dec 2024 .",RED,Mozambique; Mayotte,2024-12-09 18:00:00+00:00,2024,2024-12-16 12:00:00+00:00,Hurricane (maximum wind speed of 243 km/h),-16.55,33.77,1743233631549,port982; port896,2,0.0,0461e32d3a3a496db34c0fcb4f802442,340251863450.24414,5630351.734478647,243.0,0.0,Probolinggo,Indonesia,IDN,Asia & Pacific,-7.71711305,113.4157124,247,0,112,113,0,22,1.57,0.05,0,2,1,0,0,0,0,5.5134287461649825,0.0,3.1354942159291497,4.727387818712341,0.81,6.75,2024,12,8815.298537097457
1001211,port104,TC,RAGASA-25,Tropical Cyclone RAGASA-25,"Red Tropical Cyclone RAGASA-25 in Philippines, China from: 18 Sep 2025  to: 24 Sep 2025 .",RED,China; Macao SAR; Hong Kong SAR,2025-09-18 12:00:00+00:00,2025,2025-09-24 12:00:00+00:00,Hurricane (maximum wind speed of 269 km/h),21.8,111.1,1759774040248,port2019; port436; port339; port2028; port136; port1071; port1414; port2112; port484; port1189; port1196; port2029; port2287; port424; port674; port474; port423; port2383; port1426; port2030,20,0.0,cb89aca0c9a640e9bba3c7816fa746f7,1213030474462.3828,6355005.7310532695,269.0,0.0,Baltiysk,Russian Federation,RUS,Europe,54.63771376,19.92401592,198,78,0,65,33,22,0.5,0.04,0,2,1,0,0,0,0,5.293304824724492,4.3694478524670215,3.1354942159291497,0.0,0.27,6.0,2025,9,6898.750497235772
1000747,port2033,TC,NIVAR-20,Tropical Cyclone NIVAR-20,Red Tropical Cyclone NIVAR-20 in India from: 23 Nov 2020  to: 26 Nov 2020 .,RED,India,2020-11-23 12:00:00+00:00,2020,2020-11-26 00:00:00+00:00,Tropical Storm (maximum wind speed of 130 km/h),12.3,79.4,1694315050062,,0,0.0,,79756408901.51855,1566642.152423985,130.0,0.0,Port of Yeosu,Korea,KOR,Asia & Pacific,34.7505094880521,127.760942471547,415,1,29,69,0,316,0.07,0.3,0,2,1,0,0,0,0,6.030685260261263,0.6931471805599453,5.75890177387728,3.4011973816621555,0.185,2.5,2020,11,5065.937628795784
1001029,port351,TC,HAMOON-23,Tropical Cyclone HAMOON-23,"Red Tropical Cyclone HAMOON-23 in Bangladesh, India, Myanmar from: 23 Oct 2023  to: 24 Oct 2023 .",RED,Bangladesh,2023-10-23 06:00:00+00:00,2023,2023-10-24 18:00:00+00:00,Hurricane/Typhoon > 74 mph (maximum wind speed of 148 km/h),21.6,92.1,1698455547761,port241,1,0.0,143c6b04e7914c1dad1d2532a0d69438,120544698041.00977,1815860.986469032,148.0,0.0,Fos,France,FRA,Europe,43.4375649,4.887000029,1281,37,119,329,1,795,21.9,5.38,0,2,1,0,0,0,0,7.156176637480615,3.6375861597263857,6.679599185844383,4.787491742782046,13.639999999999999,1.5,2023,10,7435.546831694811
1001151,port861,TC,GARANCE-25,Tropical Cyclone GARANCE-25,Red Tropical Cyclone GARANCE-25 in La Reunion from: 25 Feb 2025  to: 02 Mar 2025 .,RED,Réunion,2025-02-25 00:00:00+00:00,2025,2025-03-02 00:00:00+00:00,Hurricane (maximum wind speed of 201 km/h),-32.41,56.82,1743233631549,port950,1,0.0,bc0945c0bec84ace9d88e4b1d78d3382,567161975542.9766,7632557.145636045,201.0,0.0,Ortona,Italy,ITA,Europe,42.35331653,14.41338054,169,4,31,92,3,39,0.14,0.07,0,2,1,0,0,0,0,5.135798437050262,1.6094379124341003,3.6888794541139363,3.4657359027997265,0.10500000000000001,5.0,2025,2,8998.305584546375
1474477,port743,EQ,Earthquake in Myanmar,Earthquake in Myanmar,Red M 7.7 Earthquake in Myanmar at: 28 Mar 2025 06:20:54.,RED,Myanmar,2025-03-28 06:20:54+00:00,2025,2025-03-28 06:20:54+00:00,"Magnitude 7.7M, Depth:10km",22.0128,95.9216,1743233631549,,0,0.0,,36759664931.29297,679747.7557870499,0.0,7.7,Mina Al Ahmadi,Kuwait,KWT,Asia & Pacific,29.0455478,48.14514574,509,0,26,2,0,481,0.03,75.5,0,2,0,0,1,0,0,6.234410725718371,0.0,6.1779441140506,3.295836866004329,37.765,0.0,2025,3,4701.487290572879
1474479,port2238,EQ,Earthquake in Myanmar,Earthquake in Myanmar,Red M 6.7 Earthquake in Myanmar at: 28 Mar 2025 06:32:04.,RED,Myanmar,2025-03-28 06:32:04+00:00,2025,2025-03-28 06:32:04+00:00,"Magnitude 6.7M, Depth:10km",21.7073,95.9692,1743233631549,,0,0.0,,36599965958.65625,678268.1460967383,0.0,6.7,Hound Point,United Kingdom,GBR,Europe,56.0018375139033,-3.35887423231441,69,0,0,0,0,69,0.0,8.94,0,2,0,0,1,0,0,4.248495242049359,0.0,4.248495242049359,0.0,4.47,0.0,2025,3,7245.595337934468
1102974,port181,FL,Flood in India,Flood in India,Red Flood in India from: 20 Oct 2024 01 to: 26 Oct 2024 01.,RED,India,2024-10-20 01:00:00+00:00,2024,2024-10-26 01:00:00+00:00,,20.54312,84.68974,1743233631549,port883; port442; port207; port290,4,0.0,acd01d6724e54fd38f51a282856cdea7,280781350489.4551,11023326.748080814,0.0,0.0,Buchanan,Liberia,LBR,Africa,5.865644367,-10.04409801,125,1,101,14,0,9,1.2,91.87,0,2,0,1,0,0,0,4.836281906951478,0.6931471805599453,2.302585092994046,4.624972813284271,46.535000000000004,6.0,2024,10,10586.513104030832
1357372,port2080,EQ,Earthquake in Türkiye,Earthquake in Türkiye,Red M 7.8 Earthquake in Türkiye at: 06 Feb 2023 01:17:35.,RED,Türkiye,2023-02-06 01:17:35+00:00,2023,2023-02-06 01:17:35+00:00,"Magnitude 7.8M, Depth:17.925km",37.1736,37.032,1694318563269,port286; port503; port1313; port1406,4,0.0,aa65d7e49ec94b9da3fad7da752a4e1a,49758852592.89258,790857.7798878492,0.0,7.8,Ringgi,Solomon Islands,SLB,Asia & Pacific,-8.12224498693555,157.111182514454,6,0,3,3,0,0,0.07,1.27,0,2,0,0,1,0,0,1.9459101490553132,0.0,0.0,1.3862943611198906,0.67,0.0,2023,2,14120.533704401461
1000784,port2182,TC,YAAS-21,Tropical Cyclone YAAS-21,Red Tropical Cyclone YAAS-21 in India from: 24 May 2021  to: 26 May 2021 .,RED,India,2021-05-24 00:00:00+00:00,2021,2021-05-26 06:00:00+00:00,Tropical Storm (maximum wind speed of 120 km/h),21.6,87.0,1694315620209,port290; port442; port883,3,0.0,f005e5328daf492b8d64437e2ea8e3f6,279610013323.5176,2292267.97352831,120.0,0.0,Owase,Japan,JPN,Asia & Pacific,34.0714440465658,136.210395464368,51,0,6,40,0,5,0.0,0.0,0,2,1,0,0,0,0,3.9512437185814275,0.0,1.791759469228055,1.9459101490553132,0.0,2.25,2021,5,4731.7162405294075
1001002,port1155,TC,HAIKUI-23,Tropical Cyclone HAIKUI-23,Red Tropical Cyclone HAIKUI-23 in China from: 28 Aug 2023  to: 04 Sep 2023 .,RED,China; Taiwan Province of China,2023-08-28 12:00:00+00:00,2023,2023-09-04 18:00:00+00:00,Tropical Depression (maximum wind speed of 194 km/h),23.7,117.3,1698455547761,port1192; port1404; port541; port681,4,0.0,83cbe0ec2d85422ab03cbb25f151b70d,485380883238.77344,5280102.282037299,194.0,0.0,Santander,Spain,ESP,Europe,43.42618793,-3.821288327,1190,109,99,461,454,67,0.85,0.72,0,2,1,0,0,0,0,7.0825485693553,4.700480365792417,4.219507705176107,4.605170185988092,0.7849999999999999,7.25,2023,8,10006.680268784194
1000961,port800,TC,FREDDY-23,Tropical Cyclone FREDDY-23,"Red Tropical Cyclone FREDDY-23 in Mozambique, Madagascar from: 06 Feb 2023  to: 12 Mar 2023 .",RED,"Mozambique, Madagascar",2023-02-06 06:00:00+00:00,2023,2023-03-12 00:00:00+00:00,Hurricane/Typhoon > 74 mph (maximum wind speed of 250 km/h),-17.5,36.9,1694318856223,,0,0.0,,2022693609096.5583,21856185.735939536,250.0,0.0,Nauru,Nauru,NRU,Asia & Pacific,-0.530581175,166.9108008,26,0,9,12,0,5,100.0,100.0,0,2,1,0,0,0,0,3.295836866004329,0.0,1.791759469228055,2.302585092994046,100.0,33.75,2023,2,14552.993240851132
1178759,port351,EQ,"Earthquake in Eastern New Guinea Reg., P.N.G.","Earthquake in Eastern New Guinea Reg., P.N.G.","Red M 7.2 Earthquake in Eastern New Guinea Reg., P.N.G. at: 06 May 2019 21:19:35.",RED,Papua New Guinea,2019-05-06 21:19:35+00:00,2019,2019-05-06 21:19:35+00:00,"Magnitude 7.2M, Depth:126.92km",-6.9767,146.44,1694310914933,port624,1,0.0,98299d6738574f2ea18e46e19f71327e,32064448784.467773,634862.1513849135,0.0,7.2,Fos,France,FRA,Europe,43.4375649,4.887000029,1281,37,119,329,1,795,21.9,5.38,0,2,0,0,1,0,0,7.156176637480615,3.6375861597263857,6.679599185844383,4.787491742782046,13.639999999999999,0.0,2019,5,12707.615158295674
1000752,port966,TC,YASA-20,Tropical Cyclone YASA-20,"Red Tropical Cyclone YASA-20 in Fiji, from: 12 Dec 2020  to: 20 Dec 2020 .",RED,Fiji,2020-12-12 12:00:00+00:00,2020,2020-12-20 00:00:00+00:00,Tropical Storm (maximum wind speed of 259 km/h),-23.3,-178.1,1694315138928,port636; port643; port687; port1240,4,0.0,b1fdccb4c2e54ca0b570e64a6114dbdd,690398598422.3789,5640670.516540977,259.0,0.0,Lyttelton,New Zealand,NZL,Asia & Pacific,-43.60674767,172.7240293,668,348,129,20,60,111,9.57,6.81,0,2,1,0,0,0,0,6.505784060128229,5.855071922202427,4.718498871295094,4.867534450455582,8.19,7.5,2020,12,28287.101582422
1000940,port2004,TC,ROSLYN-22,Tropical Cyclone ROSLYN-22,Red Tropical Cyclone ROSLYN-22 in Mexico from: 20 Oct 2022  to: 24 Oct 2022 .,RED,Mexico,2022-10-20 03:00:00+00:00,2022,2022-10-24 03:00:00+00:00,Tropical Depression (maximum wind speed of 213 km/h),26.0,-101.0,1694318280734,,0,0.0,,172355881838.91406,2914267.116267182,213.0,0.0,Kherson,Ukraine,UKR,Europe,46.6179021362684,32.5989873359488,344,7,17,313,0,7,1.46,0.67,0,2,1,0,0,0,0,5.84354441703136,2.0794415416798357,2.0794415416798357,2.8903717578961645,1.065,4.0,2022,10,10439.728030933293
1001018,port817,TC,KOINU-23,Tropical Cyclone KOINU-23,"Red Tropical Cyclone KOINU-23 in China, Japan, Philippines from: 29 Sep 2023  to: 10 Oct 2023 .",RED,Hong Kong Special Administrative Region; Taiwan Province of China; Macao Special Administrative Region,2023-09-29 12:00:00+00:00,2023,2023-10-10 00:00:00+00:00,Tropical Depression (maximum wind speed of 213 km/h),20.8,110.3,1698455547761,port482; port541; port681; port474; port674,5,0.0,06ae052bc2cc4c478d215983fb8fc680,759972452688.5215,4831098.315807256,213.0,0.0,Newport,United Kingdom,GBR,Europe,51.56168472,-2.978991429,428,35,40,333,2,18,0.49,0.51,0,2,1,0,0,0,0,6.061456918928017,3.58351893845611,2.9444389791664403,3.713572066704308,0.5,10.5,2023,9,8530.108401843381
1496100,port426,EQ,Earthquake in Indonesia,Earthquake in Indonesia,Red M 5.8 Earthquake in Indonesia at: 16 Aug 2025 22:38:52.,RED,Indonesia,2025-08-16 22:38:52+00:00,2025,2025-08-16 22:38:52+00:00,"Magnitude 5.8M, Depth:10km",-1.2569,120.7409,1759773822647,,0,0.0,,31604247090.93567,630279.7898142078,0.0,5.8,Guayaquil,Ecuador,ECU,South America,-2.261145668,-79.91891512,1895,948,270,128,0,549,69.34,56.55,0,2,0,0,1,0,0,7.547501682814967,6.855408798609928,6.309918278226516,5.602118820879701,62.945,0.0,2025,8,22256.176249258984
1100113,port2233,FL,Flood in China,Flood in China,Red Flood in China from: 31 Jul 2019 00 to: 20 Aug 2019 00.,RED,China,2019-07-31 00:00:00+00:00,2019,2019-08-20 00:00:00+00:00,,30.6692,104.1219,1694311749132,,0,0.0,,5605930223.777344,475239.8567653723,0.0,0.0,Canakkale,Türkiye,TUR,Europe,40.103456196747,26.3800824445946,161,0,8,9,0,144,0.02,0.13,0,2,0,1,0,0,0,5.087596335232384,0.0,4.976733742420574,2.1972245773362196,0.075,20.0,2019,7,6682.98938296799
1396085,port272,EQ,Earthquake in Afghanistan,Earthquake in Afghanistan,Red M 6.3 Earthquake in Afghanistan at: 15 Oct 2023 03:36:00.,RED,Afghanistan,2023-10-15 03:36:00+00:00,2023,2023-10-15 03:36:00+00:00,"Magnitude 6.3M, Depth:6.323km",34.6094,62.1115,1698455547761,,0,0.0,,46636198964.79883,765628.5512611673,0.0,6.3,Dakar,Senegal,SEN,Africa,14.6834604,-17.42610193,1505,596,309,262,84,254,98.07,67.38,0,2,0,0,1,0,0,7.317212408359839,6.391917113392602,5.541263545158426,5.736572297479192,82.725,0.0,2023,10,8822.093752646142
1390643,port290,EQ,Earthquake in Morocco,Earthquake in Morocco,Red M 6.8 Earthquake in Morocco at: 08 Sep 2023 22:11:02.,RED,Morocco,2023-09-08 22:11:02+00:00,2023,2023-09-08 22:11:02+00:00,"Magnitude 6.8M, Depth:26.321km",31.07,-8.3815,1698455547761,,0,0.0,,43056777153.94678,735654.9781776896,0.0,6.8,Dhamra Port,India,IND,Asia & Pacific,20.82773698,86.9595015,367,0,360,7,0,0,3.23,3.45,0,2,0,0,1,0,0,5.908082938168931,0.0,0.0,5.8888779583328805,3.34,0.0,2023,9,9956.422473271732
1012873,port776,DR,India and Sri Lanka-2019,"Drought in India, Sri Lanka","Red Drought in India, Sri Lanka from: 21 Dec 2018  to: 26 Aug 2019 .",RED,India; Sri Lanka,2018-12-21 00:00:00+00:00,2018,2019-08-26 13:37:00+00:00,Severe impact for agricultural drought in 85408 km2,8.828,79.198,1694311782990,port1331; port1319,2,0.0,,88052703825.3999,2608863.2322916104,0.0,0.0,Mumbai-Jawaharlal Nehru (Nhava Sheva),India,IND,Asia & Pacific,18.91732276,72.93965039,6559,2071,1067,1818,101,1502,17.5,22.59,0,2,0,0,0,1,0,8.788745881938135,7.6362696033793735,7.315218389752975,6.97354301952014,20.045,248.5673611111111,2018,12,1298.4847175923935
1001117,port524,TC,DANA-24,Tropical Cyclone DANA-24,Red Tropical Cyclone DANA-24 in India from: 23 Oct 2024  to: 25 Oct 2024 .,RED,India,2024-10-23 06:00:00+00:00,2024,2024-10-25 00:00:00+00:00,Hurricane (maximum wind speed of 120 km/h),20.8,86.9,1743233631549,port883; port290,2,0.0,61640e351cc846aea17d94a763b36ba5,141183293249.01953,1513492.9164785235,120.0,0.0,Jose Terminal,Venezuela,VEN,South America,10.06758499,-64.86795016,198,0,43,13,0,142,6.6,22.13,0,2,1,0,0,0,0,5.293304824724492,0.0,4.962844630259907,3.784189633918261,14.364999999999998,1.75,2024,10,16629.57358646433
1394958,port1151,EQ,Earthquake in Afghanistan,Earthquake in Afghanistan,Red M 6.3 Earthquake in Afghanistan at: 07 Oct 2023 07:12:50.,RED,Afghanistan,2023-10-07 07:12:50+00:00,2023,2023-10-07 07:12:50+00:00,"Magnitude 6.3M, Depth:10km",34.5743,61.9037,1698455547761,,0,0.0,,46599035821.04883,765320.5976814575,0.0,6.3,Sanshandaocun,China,CHN,Asia & Pacific,37.41485613,119.9564727,411,4,113,72,0,222,0.19,0.1,0,2,0,0,1,0,0,6.021023349349527,1.6094379124341003,5.407171771460119,4.736198448394496,0.14500000000000002,0.0,2023,10,5127.782797297995
1298872,port88,EQ,Earthquake in Peru,Earthquake in Peru,Red M 7.5 Earthquake in Peru at: 28 Nov 2021 10:52:13.,RED,Peru,2021-11-28 10:52:13+00:00,2021,2021-11-28 10:52:13+00:00,"Magnitude 7.5M, Depth:112.48km",-4.4898,-76.8461,1694316841829,,0,0.0,,31788276666.928223,632103.6906136237,0.0,7.5,Matarani,Peru,PER,South America,-17.00463341,-72.10778779,440,27,301,77,0,35,4.53,8.7,0,2,0,0,1,0,0,6.089044875446846,3.332204510175204,3.58351893845611,5.71042701737487,6.615,0.0,2021,11,1477.3947894799232
1557236,port112,EQ,Earthquake in Colombia,Earthquake in Colombia,Red M 7.4 Earthquake in Colombia at: 10 Aug 2026 12:34:28.,RED,Colombia,2026-08-10 12:34:28+00:00,2026,2026-08-10 12:34:28+00:00,"Magnitude 7.4M, Depth:110.285km",4.8436,-76.2422,1786788245013,,0,0.0,,31818321053.560303,632417.6853181977,0.0,7.4,Banjarmasin,Indonesia,IDN,Asia & Pacific,-3.288021408,114.562927,3747,382,1846,746,182,591,0.86,19.43,0,2,0,0,1,0,0,8.228977643358313,5.948034989180646,6.3835066348840055,7.52131798019924,10.145,0.0,2026,8,21163.760641307665
1000784,port391,TC,YAAS-21,Tropical Cyclone YAAS-21,Red Tropical Cyclone YAAS-21 in India from: 24 May 2021  to: 26 May 2021 .,RED,India,2021-05-24 00:00:00+00:00,2021,2021-05-26 06:00:00+00:00,Tropical Storm (maximum wind speed of 120 km/h),21.6,87.0,1694315620209,port290; port442; port883,3,0.0,f005e5328daf492b8d64437e2ea8e3f6,279610013323.5176,2292267.97352831,120.0,0.0,Geraldton,Australia,AUS,Asia & Pacific,-28.77609449,114.5941933,410,0,363,29,0,18,0.34,0.69,0,2,1,0,0,0,0,6.018593214496234,0.0,2.9444389791664403,5.8971538676367405,0.515,2.25,2021,5,6202.843141262343
1558059,port2387,EQ,Earthquake in Indonesia,Earthquake in Indonesia,Red M 7.7 Earthquake in Indonesia at: 14 Aug 2026 21:58:21.,RED,Indonesia,2026-08-14 21:58:21+00:00,2026,2026-08-14 21:58:21+00:00,"Magnitude 7.7M, Depth:10km",-8.3101,121.3517,1786788245013,port325,1,0.0,8412a4ae40104c35a27a1a8eded3a165,32266019709.819336,636841.1357321779,0.0,7.7,Rudong Jiangsu LNG Terminal,China,CHN,Asia & Pacific,32.52938810707759,121.41493623806116,229,0,5,5,0,219,0.03,0.0,0,2,0,0,1,0,0,5.438079308923196,0.0,5.393627546352362,1.791759469228055,0.015,0.0,2026,8,4533.187042834463
1178759,port501,EQ,"Earthquake in Eastern New Guinea Reg., P.N.G.","Earthquake in Eastern New Guinea Reg., P.N.G.","Red M 7.2 Earthquake in Eastern New Guinea Reg., P.N.G. at: 06 May 2019 21:19:35.",RED,Papua New Guinea,2019-05-06 21:19:35+00:00,2019,2019-05-06 21:19:35+00:00,"Magnitude 7.2M, Depth:126.92km",-6.9767,146.44,1694310914933,port624,1,0.0,98299d6738574f2ea18e46e19f71327e,32064448784.467773,634862.1513849135,0.0,7.2,Ishikariwan-Shinko,Japan,JPN,Asia & Pacific,43.20096262,141.2923188,624,118,63,109,0,334,0.27,0.1,0,2,0,0,1,0,0,6.437751649736401,4.77912349311153,5.814130531825066,4.1588830833596715,0.185,0.0,2019,5,5585.273182413002
1001154,port326,TC,JUDE-25,Tropical Cyclone JUDE-25,"Red Tropical Cyclone JUDE-25 in Mozambique, Madagascar from: 08 Mar 2025  to: 16 Mar 2025 .",RED,Madagascar; Mozambique,2025-03-08 18:00:00+00:00,2025,2025-03-16 00:00:00+00:00,Hurricane (maximum wind speed of 148 km/h),-26.04,51.93,1743233631549,port1307; port784; port340,3,0.0,741cbca36fb74752a8b9624f447fe27b,892986210001.831,7536661.496264165,148.0,0.0,Ensenada,Mexico,MEX,North America,31.84956467,-116.6245993,365,233,72,55,1,4,1.26,0.62,0,2,1,0,0,0,0,5.902633333401366,5.455321115357702,1.6094379124341003,4.290459441148391,0.94,7.25,2025,3,17142.473087886476
1496100,port1012,EQ,Earthquake in Indonesia,Earthquake in Indonesia,Red M 5.8 Earthquake in Indonesia at: 16 Aug 2025 22:38:52.,RED,Indonesia,2025-08-16 22:38:52+00:00,2025,2025-08-16 22:38:52+00:00,"Magnitude 5.8M, Depth:10km",-1.2569,120.7409,1759773822647,,0,0.0,,31604247090.93567,630279.7898142078,0.0,5.8,Portocel,Brazil,BRA,South America,-19.8395104,-40.05809138,257,41,30,157,0,29,0.07,0.48,0,2,0,0,1,0,0,5.552959584921617,3.7376696182833684,3.4011973816621555,3.4339872044851463,0.275,0.0,2025,8,16915.54532844116
1001230,port684,TC,MELISSA-25,Tropical Cyclone MELISSA-25,"Red Tropical Cyclone MELISSA-25 in Jamaica, Cuba, Bahamas, Bermuda, Haiti, Canada from: 21 Oct 2025  to: 31 Oct 2025 .",RED,Jamaica; Cuba; The Bahamas; Canada,2025-10-21 15:00:00+00:00,2025,2025-10-31 15:00:00+00:00,Hurricane (maximum wind speed of 296 km/h),39.0,-60.5,1762326758953,port1220; port256; port1102; port835; port2172; port336; port388; port2332; port66; port949; port2330; port1156; port840; port223; port763; port2105; port572,17,0.0,e34846541688462e8808638878306dba,4640098699038.423,18023634.967691384,296.0,0.0,Makhachkala,Russian Federation,RUS,Europe,43.00807675,47.47258052,456,0,6,197,0,253,4.02,0.05,0,2,1,0,0,0,0,6.124683390894205,0.0,5.537334267018537,1.9459101490553132,2.0349999999999997,10.0,2025,10,8775.374954589888
1000923,port225,TC,IAN-22,Tropical Cyclone IAN-22,"Red Tropical Cyclone IAN-22 in United States, Cuba from: 23 Sep 2022  to: 02 Oct 2022 .",RED,United States; Cuba,2022-09-23 09:00:00+00:00,2022,2022-10-02 03:00:00+00:00,Tropical Depression (maximum wind speed of 250 km/h),37.3,-78.2,1694318157503,port212; port231; port513; port967; port1259; port1399; port86; port704,8,0.0,a9afc86a1a4548849cb5860689dbbad7,795550443716.9697,5660938.880496826,250.0,0.0,Chaguaramas,Trinidad and Tobago,TTO,North America,10.68085281,-61.64037575,50,1,5,29,1,14,2.15,0.26,0,2,1,0,0,0,0,3.9318256327243257,0.6931471805599453,2.70805020110221,1.791759469228055,1.205,8.75,2022,9,3463.0943067715043
1000636,port583,TC,KAMMURI-19,Tropical Cyclone KAMMURI-19,"Red Tropical Cyclone KAMMURI-19 in Philippines, Guam, Northern Mariana Islands from: 25 Nov 2019  to: 05 Dec 2019 .",RED,Philippines,2019-11-25 18:00:00+00:00,2019,2019-12-05 18:00:00+00:00,Tropical Depression (maximum wind speed of 213 km/h),12.2,113.5,1694312298029,port125; port694; port858; port1232,4,0.0,f189276a7e174aa88ce4270ecf7ee158,1310887873701.8965,7478805.052493515,213.0,0.0,Cochin (Kochi),India,IND,Asia & Pacific,9.969351911,76.25922208,1037,487,82,99,3,366,1.21,2.26,0,2,1,0,0,0,0,6.945051063725834,6.1903154058531475,5.905361848054571,4.418840607796598,1.7349999999999999,10.0,2019,11,4078.8313082372015
1000961,port2158,TC,FREDDY-23,Tropical Cyclone FREDDY-23,"Red Tropical Cyclone FREDDY-23 in Mozambique, Madagascar from: 06 Feb 2023  to: 12 Mar 2023 .",RED,"Mozambique, Madagascar",2023-02-06 06:00:00+00:00,2023,2023-03-12 00:00:00+00:00,Hurricane/Typhoon > 74 mph (maximum wind speed of 250 km/h),-17.5,36.9,1694318856223,,0,0.0,,2022693609096.5583,21856185.735939536,250.0,0.0,Pulau Sambu,Indonesia,IDN,Asia & Pacific,1.16080828783621,103.899648281736,133,0,0,61,1,71,0.24,0.04,0,2,1,0,0,0,0,4.897839799950911,0.0,4.276666119016055,0.0,0.13999999999999999,33.75,2023,2,7718.5606780749295
1558059,port989,EQ,Earthquake in Indonesia,Earthquake in Indonesia,Red M 7.7 Earthquake in Indonesia at: 14 Aug 2026 21:58:21.,RED,Indonesia,2026-08-14 21:58:21+00:00,2026,2026-08-14 21:58:21+00:00,"Magnitude 7.7M, Depth:10km",-8.3101,121.3517,1786788245013,port325,1,0.0,8412a4ae40104c35a27a1a8eded3a165,32266019709.819336,636841.1357321779,0.0,7.7,Port of Spain,Trinidad and Tobago,TTO,North America,10.65273439,-61.52018429,769,380,4,159,97,129,27.15,2.32,0,2,0,0,1,0,0,6.646390514847729,5.942799375126701,4.867534450455582,1.6094379124341003,14.735,0.0,2026,8,20059.680961732935
1101664,port730,FL,"Flood in China, Taiwan","Flood in China, Taiwan","Red Flood in China, Taiwan from: 14 Sep 2022 01 to: 16 Sep 2022 01.",RED,China,2022-09-14 01:00:00+00:00,2022,2022-09-16 01:00:00+00:00,,31.23228,121.4692,1694317999111,port438; port824; port1188; port1390; port1427; port1429,6,0.0,e8ad23d722674521baae5de97cc97f61,217355300848.26956,3579326.493505684,0.0,0.0,Menominee,United States,USA,North America,45.09677605,-87.60249552,4,0,3,1,0,0,0.0,0.0,0,2,0,1,0,0,0,1.6094379124341003,0.0,0.0,1.3862943611198906,0.0,2.0,2022,9,16454.18444607318
1000916,port2304,TC,FIONA-22,Tropical Cyclone FIONA-22,"Red Tropical Cyclone FIONA-22 in Canada, Turks and Caicos Islands, Dominican Republic, Puerto Rico from: 14 Sep 2022  to: 24 Sep 2022 .",RED,Montserrat; Canada; Antigua and Barbuda; Guadeloupe; St. Kitts and Nevis; United States; Dominican Republic; Turks and Caicos Islands; Puerto Rico,2022-09-14 15:00:00+00:00,2022,2022-09-24 21:00:00+00:00,Tropical Storm (maximum wind speed of 213 km/h),48.4,-60.5,1694318078129,port1245; port211; port443; port935; port1219; port51; port1055; port1147; port122; port232; port164; port913; port414; port1025; port910; port922; port1221,17,0.0,9ccdff1760bb46af903ec5b39378a058,3331680947058.3047,13796058.932976147,213.0,0.0,Ishigaki,Japan,JPN,Asia & Pacific,24.33944486890168,124.13698423939594,143,1,5,36,6,95,0.01,0.01,0,2,1,0,0,0,0,4.969813299576001,0.6931471805599453,4.564348191467836,1.791759469228055,0.01,10.25,2022,9,18863.153767006075
1000818,port203,TC,IDA-21,Tropical Cyclone IDA-21,"Red Tropical Cyclone IDA-21 in United States, Cuba from: 26 Aug 2021  to: 30 Aug 2021 .",RED,United States,2021-08-26 15:00:00+00:00,2021,2021-08-30 21:00:00+00:00,Tropical Depression (maximum wind speed of 241 km/h),32.6,-90.3,1694316376901,port126; port352; port812; port1214,4,0.0,7d9d04c6c5ac4e3bbdf68a78a0966767,394139707419.0078,3782111.256095524,241.0,0.0,Cagliari,Italy,ITA,Europe,39.23143383,9.084687019,899,253,35,125,433,53,0.46,0.7,0,2,1,0,0,0,0,6.802394763324311,5.537334267018537,3.9889840465642745,3.58351893845611,0.58,4.25,2021,8,8576.774098994463
1100977,port1418,FL,Flood in India,Flood in India,Red Flood in India from: 24 Jul 2021 01 to: 01 Oct 2021 01.,RED,India,2021-07-24 01:00:00+00:00,2021,2021-10-01 01:00:00+00:00,,31.23957,77.7198,1694316685662,,0,0.0,,7009983312.982422,636443.8624266385,0.0,0.0,Yokosuka,Japan,JPN,Asia & Pacific,35.32099664,139.6535592,696,0,25,128,344,199,0.15,0.18,0,2,0,1,0,0,0,6.546785410760524,0.0,5.298317366548036,3.258096538021482,0.16499999999999998,69.0,2021,7,5627.467423741535
1000624,port666,TC,MATMO-19/BULBUL-19,Tropical Cyclone MATMO-19/BULBUL-19,"Red Tropical Cyclone MATMO-19/BULBUL-19 in Bangladesh, India, Myanmar, Thailand, Cambodia, Laos, Viet Nam from: 29 Oct 2019  to: 10 Nov 2019 .",RED,Bangladesh; Vietnam; India,2019-10-29 18:00:00+00:00,2019,2019-11-10 12:00:00+00:00,Tropical Storm (maximum wind speed of 157 km/h),23.0,90.8,1694312137296,port290; port442; port883; port1078; port759; port890,6,0.0,b846804ea419470084333b3317290139,317900413479.5791,3432525.078379262,157.0,0.0,Luba,Equatorial Guinea,GNQ,Africa,3.463105583,8.546939103,48,0,4,33,0,11,5.87,2.26,0,2,1,0,0,0,0,3.8918202981106265,0.0,2.4849066497880004,1.6094379124341003,4.0649999999999995,11.75,2019,10,9367.880273754425
1001121,port2093,TC,YINXING-24,Tropical Cyclone YINXING-24,"Red Tropical Cyclone YINXING-24 in Philippines, Viet Nam from: 03 Nov 2024  to: 12 Nov 2024 .",RED,"Philippines, Viet Nam",2024-11-03 06:00:00+00:00,2024,2024-11-12 12:00:00+00:00,Hurricane (maximum wind speed of 231 km/h),14.0,108.6,1743233631549,,0,0.0,,627567140020.3848,5914403.2540477095,231.0,0.0,Rosales,Argentina,ARG,South America,-38.9248396352984,-62.0517066076161,0,0,0,0,0,0,0.0,0.0,0,2,1,0,0,0,0,0.0,0.0,0.0,0.0,0.0,9.25,2024,11,15864.38182314092
1001067,port120,TC,BERYL-24,Tropical Cyclone BERYL-24,"Red Tropical Cyclone BERYL-24 in Haiti, Grenada, Jamaica, Trinidad and Tobago, Saint Vincent and the Grenadines, Mexico, Belize, United States from: 28 Jun 2024  to: 09 Jul 2024 .",RED,St. Vincent and the Grenadines; Grenada; Cayman Islands; Mexico; Jamaica; United States,2024-06-28 21:00:00+00:00,2024,2024-07-09 09:00:00+00:00,Hurricane (maximum wind speed of 269 km/h),33.9,-93.7,1727766190151,port358; port373; port481; port963; port1285; port1023; port1144; port574; port336; port572; port763; port840; port949; port1102; port389; port1223,16,0.0,f47027ca577c458bb00a14c389cd8ec4,1356999108092.17,13353157.560749091,269.0,0.0,Barranquilla,Colombia,COL,South America,10.99598314,-74.77946097,1064,309,359,194,0,202,17.08,3.72,0,2,1,0,0,0,0,6.970730078143525,5.736572297479192,5.313205979041787,5.886104031450156,10.399999999999999,10.5,2024,6,3273.195163109823
1021078,port967,WF,Forest fires in Greece,Forest fires in Greece,Red Forest fires in Greece from: 11 Aug 2024 to: 13 Aug 2024.,RED,Greece,2024-08-11 00:00:00+00:00,2024,2024-08-13 00:00:00+00:00,Red impact for forestfire in 8206 ha,38.15125,23.92598,1728469086877,,0,0.0,,134263310.3310547,112341.77431552672,0.0,0.0,Port Manatee,United States,USA,North America,27.63344969,-82.55715768,311,130,84,48,0,49,0.46,0.02,0,2,0,0,0,0,0,5.7430031878094825,4.875197323201151,3.912023005428146,4.442651256490317,0.24000000000000002,2.0,2024,8,10536.279217171435
1001211,port820,TC,RAGASA-25,Tropical Cyclone RAGASA-25,"Red Tropical Cyclone RAGASA-25 in Philippines, China from: 18 Sep 2025  to: 24 Sep 2025 .",RED,China; Macao SAR; Hong Kong SAR,2025-09-18 12:00:00+00:00,2025,2025-09-24 12:00:00+00:00,Hurricane (maximum wind speed of 269 km/h),21.8,111.1,1759774040248,port2019; port436; port339; port2028; port136; port1071; port1414; port2112; port484; port1189; port1196; port2029; port2287; port424; port674; port474; port423; port2383; port1426; port2030,20,0.0,cb89aca0c9a640e9bba3c7816fa746f7,1213030474462.3828,6355005.7310532695,269.0,0.0,Nice,France,FRA,Europe,43.69433071,7.284023851,70,5,49,15,1,0,0.0,0.09,0,2,1,0,0,0,0,4.2626798770413155,1.791759469228055,0.0,3.912023005428146,0.045,6.0,2025,9,8679.150355480338
1001233,port1293,TC,KALMAEGI-25,Tropical Cyclone KALMAEGI-25,"Red Tropical Cyclone KALMAEGI-25 in Viet Nam, Cambodia, Philippines, Laos from: 01 Nov 2025  to: 06 Nov 2025 .",RED,Philippines; Vietnam,2025-11-01 06:00:00+00:00,2025,2025-11-06 12:00:00+00:00,Hurricane (maximum wind speed of 213 km/h),13.6,109.1,1762862933372,port2207; port2262; port1078; port224; port2395; port2055; port858,7,0.0,1734eb93b6ea40f4867229955debf2cf,592669057187.835,6596353.643767391,213.0,0.0,Thessaloníki,Greece,GRC,Europe,40.64127027,22.90726579,1705,496,235,448,102,424,6.11,5.59,0,2,1,0,0,0,0,7.441906728051625,6.208590026096629,6.052089168924417,5.4638318050256105,5.85,5.25,2025,11,7855.801318649235
1000966,port2061,TC,KEVIN-23,Tropical Cyclone KEVIN-23,Red Tropical Cyclone KEVIN-23 in Vanuatu from: 01 Mar 2023  to: 05 Mar 2023 .,RED,Vanuatu,2023-03-01 18:00:00+00:00,2023,2023-03-05 12:00:00+00:00,Tropical Storm (maximum wind speed of 250 km/h),-27.2,-174.5,1694318806140,port669; port980,2,0.0,7f9e5a20e835400cb291e476b12c6daa,1545193755526.627,9525874.305372307,250.0,0.0,Mourilyan,Australia,AUS,Asia & Pacific,-17.6000425684945,146.122146080819,23,0,14,0,0,9,0.0,0.04,0,2,1,0,0,0,0,3.1780538303479458,0.0,2.302585092994046,2.70805020110221,0.02,3.75,2023,3,33939.88230406944
1000966,port1225,TC,KEVIN-23,Tropical Cyclone KEVIN-23,Red Tropical Cyclone KEVIN-23 in Vanuatu from: 01 Mar 2023  to: 05 Mar 2023 .,RED,Vanuatu,2023-03-01 18:00:00+00:00,2023,2023-03-05 12:00:00+00:00,Tropical Storm (maximum wind speed of 250 km/h),-27.2,-174.5,1694318806140,port669; port980,2,0.0,7f9e5a20e835400cb291e476b12c6daa,1545193755526.627,9525874.305372307,250.0,0.0,Stavanger,Norway,NOR,Europe,58.94526233,5.726419355,1154,116,29,756,33,220,3.84,0.61,0,2,1,0,0,0,0,7.051855622955894,4.762173934797756,5.3981627015177525,3.4011973816621555,2.225,3.75,2023,3,14068.835286714366
1000673,port625,TC,NISARGA-20,Tropical Cyclone NISARGA-20,Red Tropical Cyclone NISARGA-20 in India from: 02 Jun 2020  to: 03 Jun 2020 .,RED,India,2020-06-02 18:00:00+00:00,2020,2020-06-03 12:00:00+00:00,Hurricane/Typhoon > 74 mph (maximum wind speed of 139 km/h),19.1,73.7,1694314372002,port511; port776,2,0.0,91c5a35ee6804b94a39c91c93021bfe1,116925429196.29688,1668600.0514449673,139.0,0.0,Lafarge,Indonesia,IDN,Asia & Pacific,5.452012951,95.24432071,32,0,32,0,0,0,0.0,0.04,0,2,1,0,0,0,0,3.4965075614664802,0.0,0.0,3.4965075614664802,0.02,0.75,2020,6,2821.748418844912
1000747,port320,TC,NIVAR-20,Tropical Cyclone NIVAR-20,Red Tropical Cyclone NIVAR-20 in India from: 23 Nov 2020  to: 26 Nov 2020 .,RED,India,2020-11-23 12:00:00+00:00,2020,2020-11-26 00:00:00+00:00,Tropical Storm (maximum wind speed of 130 km/h),12.3,79.4,1694315050062,,0,0.0,,79756408901.51855,1566642.152423985,130.0,0.0,El Palito,Venezuela,VEN,South America,10.48339577,-68.13572968,122,2,4,0,0,116,11.02,4.67,0,2,1,0,0,0,0,4.812184355372417,1.0986122886681098,4.762173934797756,1.6094379124341003,7.845,2.5,2020,11,16104.367186203403
10000002,port1067,OT,COLLAPSE FRANCIS SCOTT KEY BRIDGE,Baltimore: Collapse of Francis Scott Key Bridge,Collapse of the Francis Scott Key Bridge halted vessel traffic at the port of Baltimore,RED,United States,2024-03-26 00:00:00+00:00,2024,2024-06-12 04:00:00+00:00,,39.21934,-76.52521,1711737778359,port103,1,0.0,ce951f9474d843f48c48b47b21b7bab0,95440715.42578124,38765.194399173095,0.0,0.0,Pyeongtaek,Korea,KOR,Asia & Pacific,36.97512759,126.7846279,5022,585,829,1850,781,977,10.42,2.48,0,2,0,0,0,0,1,8.521782643750045,6.373319789577012,6.885509670034818,6.721425700790643,6.45,78.16666666666667,2024,3,18030.735567543285
1394952,port1008,EQ,Earthquake in Afghanistan,Earthquake in Afghanistan,Red M 6.3 Earthquake in Afghanistan at: 07 Oct 2023 06:41:02.,RED,Afghanistan,2023-10-07 06:41:02+00:00,2023,2023-10-07 06:41:02+00:00,"Magnitude 6.3M, Depth:14km",34.6102,61.9242,1698455547761,,0,0.0,,46640460082.48633,765656.977635154,0.0,6.3,Palermo,Italy,ITA,Europe,38.1302104,13.36777406,423,184,1,13,187,38,0.14,0.09,0,2,0,0,1,0,0,6.049733455231958,5.220355825078324,3.6635616461296463,0.6931471805599453,0.115,0.0,2023,10,4257.605540778841
10000004,port392,OT,HORMUZ-26,Trade Disruptions in the Strait of Hormuz,Trade Disruptions in the Strait of Hormuz from: 01 Mar 2026  to: - .,RED,,2026-03-01 00:00:00+00:00,2019,2026-03-01 00:00:00+00:00,,26.29685,56.85985,1772323200000,chokepoint6,1,0.0,cc317ba850e34c4dadbead6f7b336fb1,17207899494.691406,591676.7546214922,0.0,0.0,Ghazaouet,Algeria,DZA,Africa,35.1021977,-1.862537591,118,48,38,23,0,9,3.83,0.05,0,2,0,0,0,0,1,4.77912349311153,3.8918202981106265,2.302585092994046,3.6635616461296463,1.94,0.0,2026,3,5421.537344919288
1298872,port546,EQ,Earthquake in Peru,Earthquake in Peru,Red M 7.5 Earthquake in Peru at: 28 Nov 2021 10:52:13.,RED,Peru,2021-11-28 10:52:13+00:00,2021,2021-11-28 10:52:13+00:00,"Magnitude 7.5M, Depth:112.48km",-4.4898,-76.8461,1694316841829,,0,0.0,,31788276666.928223,632103.6906136237,0.0,7.5,Karlshamn,Sweden,SWE,Europe,56.16106721,14.79940067,801,39,3,425,29,305,3.49,4.19,0,2,0,0,1,0,0,6.687108607866515,3.6888794541139363,5.723585101952381,1.3862943611198906,3.8400000000000003,0.0,2021,11,8798.435125115831
1100977,port2431,FL,Flood in India,Flood in India,Red Flood in India from: 24 Jul 2021 01 to: 01 Oct 2021 01.,RED,India,2021-07-24 01:00:00+00:00,2021,2021-10-01 01:00:00+00:00,,31.23957,77.7198,1694316685662,,0,0.0,,7009983312.982422,636443.8624266385,0.0,0.0,Anadyr,Russian Federation,RUS,Europe,64.73374550316446,177.52551002255433,26,4,0,22,0,0,0.08,0.01,0,2,0,1,0,0,0,3.295836866004329,1.6094379124341003,0.0,0.0,0.045,69.0,2021,7,6015.120615404402
1307299,fso74,EQ,Earthquake in Haiti,Earthquake in Haiti,Red M 5.3 Earthquake in Haiti at: 24 Jan 2022 13:16:23.,RED,Haiti,2022-01-24 13:16:23+00:00,2022,2022-01-24 13:16:23+00:00,"Magnitude 5.3M, Depth:10km",18.4723,-73.3346,1694317051845,port934; port1125,2,0.0,a14375d323fe40bcb9e296ba576f56ed,35116991308.7832,664375.8934030486,0.0,5.3,Democratic Republic of the Congo - Offshore Oil Terminal 3,Democratic Republic of the Congo,COD,Africa,-6.321000000000001,11.278,11,0,0,0,0,11,0.0,13.2,0,2,0,0,1,0,0,2.4849066497880004,0.0,2.4849066497880004,0.0,6.6,0.0,2022,1,9732.122095431321
1000966,port2068,TC,KEVIN-23,Tropical Cyclone KEVIN-23,Red Tropical Cyclone KEVIN-23 in Vanuatu from: 01 Mar 2023  to: 05 Mar 2023 .,RED,Vanuatu,2023-03-01 18:00:00+00:00,2023,2023-03-05 12:00:00+00:00,Tropical Storm (maximum wind speed of 250 km/h),-27.2,-174.5,1694318806140,port669; port980,2,0.0,7f9e5a20e835400cb291e476b12c6daa,1545193755526.627,9525874.305372307,250.0,0.0,Stralsund,Germany,DEU,Europe,54.3053792428804,13.1068211619353,190,15,0,173,0,2,0.06,0.17,0,2,1,0,0,0,0,5.25227342804663,2.772588722239781,1.0986122886681098,0.0,0.115,3.75,2023,3,15148.575471441836
1347183,port1024,EQ,Earthquake in Indonesia,Earthquake in Indonesia,Red M 5.6 Earthquake in Indonesia at: 21 Nov 2022 06:21:10.,RED,Indonesia,2022-11-21 06:21:10+00:00,2022,2022-11-21 06:21:10+00:00,"Magnitude 5.6M, Depth:10km",-6.8531,107.0946,1694318361325,port514; port894,2,0.0,87c03fd3cd7e4fbeb866673caea8815a,32048571438.088867,634691.4947898124,0.0,5.6,Providence,United States,USA,North America,41.78624139,-71.38334181,233,9,73,9,7,135,0.52,0.06,0,2,0,0,1,0,0,5.455321115357702,2.302585092994046,4.912654885736052,4.30406509320417,0.29000000000000004,0.0,2022,11,15727.55291489027
1001126,port2446,TC,USAGI-24,Tropical Cyclone USAGI-24,"Red Tropical Cyclone USAGI-24 in Philippines, Taiwan from: 11 Nov 2024  to: 16 Nov 2024 .",RED,"Philippines, Taiwan",2024-11-11 00:00:00+00:00,2024,2024-11-16 06:00:00+00:00,Hurricane (maximum wind speed of 241 km/h),22.2,120.6,1743233631549,,0,0.0,,267239678935.08984,3815714.419036118,241.0,0.0,Kronshtadt,Russian Federation,RUS,Europe,59.98527388167924,29.75936422674343,1362,327,28,274,142,591,1.38,1.2,0,2,1,0,0,0,0,7.217443431696533,5.793013608384144,6.3835066348840055,3.367295829986474,1.29,5.25,2024,11,6559.87391059651
1000782,port2178,TC,TAUKTAE-21,Tropical Cyclone TAUKTAE-21,"Red Tropical Cyclone TAUKTAE-21 in India, Pakistan from: 14 May 2021  to: 17 May 2021 .",RED,India,2021-05-14 06:00:00+00:00,2021,2021-05-17 18:00:00+00:00,Hurricane/Typhoon > 74 mph (maximum wind speed of 222 km/h),20.8,71.3,1694315560326,port271; port511; port679; port709; port776; port907,6,0.0,6af995e3acac4015bd1fbaa90a2a3d6a,392042114876.2236,3515692.1056812145,222.0,0.0,Mutsure,Japan,JPN,Asia & Pacific,33.9744124326445,130.866156798389,219,1,0,0,0,218,0.05,0.05,0,2,1,0,0,0,0,5.393627546352362,0.6931471805599453,5.389071729816501,0.0,0.05,3.5,2021,5,5674.774940856194
1000782,port2220,TC,TAUKTAE-21,Tropical Cyclone TAUKTAE-21,"Red Tropical Cyclone TAUKTAE-21 in India, Pakistan from: 14 May 2021  to: 17 May 2021 .",RED,India,2021-05-14 06:00:00+00:00,2021,2021-05-17 18:00:00+00:00,Hurricane/Typhoon > 74 mph (maximum wind speed of 222 km/h),20.8,71.3,1694315560326,port271; port511; port679; port709; port776; port907,6,0.0,6af995e3acac4015bd1fbaa90a2a3d6a,392042114876.2236,3515692.1056812145,222.0,0.0,Mossel Bay,South Africa,ZAF,Africa,-34.1781985568769,22.1465413863415,0,0,0,0,0,0,0.0,0.0,0,2,1,0,0,0,0,0.0,0.0,0.0,0.0,0.0,3.5,2021,5,7590.480112092444
1001117,port1040,TC,DANA-24,Tropical Cyclone DANA-24,Red Tropical Cyclone DANA-24 in India from: 23 Oct 2024  to: 25 Oct 2024 .,RED,India,2024-10-23 06:00:00+00:00,2024,2024-10-25 00:00:00+00:00,Hurricane (maximum wind speed of 120 km/h),20.8,86.9,1743233631549,port883; port290,2,0.0,61640e351cc846aea17d94a763b36ba5,141183293249.01953,1513492.9164785235,120.0,0.0,Chimbote,Peru,PER,South America,-9.085460638,-78.58851611,88,0,28,10,0,50,1.45,0.38,0,2,1,0,0,0,0,4.48863636973214,0.0,3.9318256327243257,3.367295829986474,0.915,1.75,2024,10,18439.60742491794
10000003,port929,OT,US PORTS STRIKE,US Ports Strike,"Labor strike affecting many ports across the US East and Gulf Coasts, as well as the Port of Montreal in Canada",RED,,2024-10-01 00:00:00+00:00,2024,2024-10-02 22:00:00+00:00,,29.77081,-95.35517,1727962353164,port812; port815; port826; port103; port901; port159; port513; port736; port754; port1170; port1259; port1398; port231; port481; port766; port2066; port951,17,0.0,9e9f1ca4abad4948af5caed716c137f3,2173469.48828125,6906.2243711354695,0.0,0.0,Port Adelaide,Australia,AUS,Asia & Pacific,-34.81039638,138.5057187,369,1,211,38,0,119,1.82,0.16,0,2,0,0,0,0,1,5.91350300563827,0.6931471805599453,4.787491742782046,5.356586274672012,0.99,1.9166666666666667,2024,10,22486.405655549854
1100113,port756,FL,Flood in China,Flood in China,Red Flood in China from: 31 Jul 2019 00 to: 20 Aug 2019 00.,RED,China,2019-07-31 00:00:00+00:00,2019,2019-08-20 00:00:00+00:00,,30.6692,104.1219,1694311749132,,0,0.0,,5605930223.777344,475239.8567653723,0.0,0.0,Mohammedia,Morocco,MAR,Africa,33.719245,-7.395453829,438,0,0,0,0,438,4.46,0.0,0,2,0,1,0,0,0,6.0844994130751715,0.0,6.0844994130751715,0.0,2.23,20.0,2019,7,10301.539991087342
1101659,fso61,FL,Flood in Nigeria,Flood in Nigeria,Red Flood in Nigeria from: 10 Sep 2022 01 to: 26 Oct 2022 01.,RED,Nigeria,2022-09-10 01:00:00+00:00,2022,2022-10-26 01:00:00+00:00,,4.762979,6.028898,1694318293002,port205; port587; port1165; port1383,4,0.0,9a4da61ebdd844f7a73d21254b8224ff,48581411140.71811,1903249.6982656445,0.0,0.0,Australia - Offshore Oil Terminal 3,Australia,AUS,Asia & Pacific,-19.58799999999999,116.44699999999996,6,0,0,0,0,6,0.0,0.03,0,2,0,1,0,0,0,1.9459101490553132,0.0,1.9459101490553132,0.0,0.015,46.0,2022,9,11859.239595018316
1000636,port1213,TC,KAMMURI-19,Tropical Cyclone KAMMURI-19,"Red Tropical Cyclone KAMMURI-19 in Philippines, Guam, Northern Mariana Islands from: 25 Nov 2019  to: 05 Dec 2019 .",RED,Philippines,2019-11-25 18:00:00+00:00,2019,2019-12-05 18:00:00+00:00,Tropical Depression (maximum wind speed of 213 km/h),12.2,113.5,1694312298029,port125; port694; port858; port1232,4,0.0,f189276a7e174aa88ce4270ecf7ee158,1310887873701.8965,7478805.052493515,213.0,0.0,Sousse,Tunisia,TUN,Africa,35.82451281,10.64508158,349,65,23,253,0,8,4.66,6.99,0,2,1,0,0,0,0,5.857933154483459,4.189654742026425,2.1972245773362196,3.1780538303479458,5.825,10.0,2019,11,9621.232725754042
1001072,port134,TC,GAEMI-24,Tropical Cyclone GAEMI-24,"Red Tropical Cyclone GAEMI-24 in Japan, Taiwan, China, Philippines from: 19 Jul 2024  to: 25 Jul 2024 .",RED,China; Taiwan Province of China,2024-07-19 18:00:00+00:00,2024,2024-07-25 12:00:00+00:00,Hurricane (maximum wind speed of 231 km/h),25.6,119.4,1727766190151,port370; port1074; port1192; port1403; port1405; port238; port482; port541; port681; port1252; port1261,11,0.0,3093e1e250d5474291d7b7ef8a88fd0a,742777302162.9844,3740151.920270975,231.0,0.0,Beaumont,United States,USA,North America,30.02582322,-94.03028275,1204,8,53,47,23,1073,0.12,4.19,0,2,1,0,0,0,0,7.094234845924755,2.1972245773362196,6.97914527506881,3.9889840465642745,2.1550000000000002,5.75,2024,7,20517.34266921848
1001101,port517,TC,HELENE-24,Tropical Cyclone HELENE-24,"Red Tropical Cyclone HELENE-24 in United States, Mexico, Belize from: 23 Sep 2024  to: 27 Sep 2024 .",RED,Mexico; United States,2024-09-23 15:00:00+00:00,2024,2024-09-27 21:00:00+00:00,Hurricane (maximum wind speed of 222 km/h),37.5,-85.5,1728469086877,port879; port1144,2,0.0,42ada76f830c4cb58821d311383c4da0,692109064449.9551,4910254.54021647,222.0,0.0,Jiangyin,China,CHN,Asia & Pacific,31.93240385,120.1593407,4978,250,2575,406,4,1743,2.47,0.17,0,2,1,0,0,0,0,8.512984346642183,5.5254529391317835,7.463936604468925,7.853993087224244,1.32,4.25,2024,9,19383.51312980367
1474477,port368,EQ,Earthquake in Myanmar,Earthquake in Myanmar,Red M 7.7 Earthquake in Myanmar at: 28 Mar 2025 06:20:54.,RED,Myanmar,2025-03-28 06:20:54+00:00,2025,2025-03-28 06:20:54+00:00,"Magnitude 7.7M, Depth:10km",22.0128,95.9216,1743233631549,,0,0.0,,36759664931.29297,679747.7557870499,0.0,7.7,Turku,Finland,FIN,Europe,60.44475295,22.18746959,249,35,0,96,90,28,0.73,0.43,0,2,0,0,1,0,0,5.521460917862246,3.58351893845611,3.367295829986474,0.0,0.58,0.0,2025,3,5873.371493785554
1000999,port234,TC,SAOLA-23,Tropical Cyclone SAOLA-23,"Red Tropical Cyclone SAOLA-23 in China, Philippines from: 23 Aug 2023  to: 03 Sep 2023 .",RED,Hong Kong Special Administrative Region; China; Macao Special Administrative Region,2023-08-23 18:00:00+00:00,2023,2023-09-03 12:00:00+00:00,Tropical Depression (maximum wind speed of 250 km/h),20.7,109.0,1698455547761,port423; port425; port436; port484; port1189; port1196; port1414; port474; port674,9,0.0,1da448d78c3c4c11bc85b5c96692e090,453017205092.41016,4360517.904701316,250.0,0.0,Chatham,United Kingdom,GBR,Europe,51.4009573,0.546949486,92,4,26,60,0,2,0.08,0.03,0,2,1,0,0,0,0,4.532599493153256,1.6094379124341003,1.0986122886681098,3.295836866004329,0.055,10.75,2023,8,8247.274156988708
1357560,port2393,EQ,Earthquake in Türkiye,Earthquake in Türkiye,Red M 7.5 Earthquake in Türkiye at: 06 Feb 2023 10:24:49.,RED,Türkiye,2023-02-06 10:24:49+00:00,2023,2023-02-06 10:24:49+00:00,"Magnitude 7.5M, Depth:10km",38.0235,37.203,1694318563269,,0,0.0,,50911375887.10156,799954.1583432151,0.0,7.5,Yuedong LNG Terminal,China,CHN,Asia & Pacific,22.925088742725315,116.37617809717943,33,0,0,0,0,33,0.03,0.0,0,2,0,0,1,0,0,3.5263605246161616,0.0,3.5263605246161616,0.0,0.015,0.0,2023,2,8265.768058910304
1000559,port2218,TC,KENNETH-19,Tropical Cyclone KENNETH-19,"Red Tropical Cyclone KENNETH-19 in , Mozambique, Comoros from: 23 Apr 2019  to: 25 Apr 2019 .",RED,Mozambique; Comoros,2019-04-23 00:00:00+00:00,2019,2019-04-25 18:00:00+00:00,Hurricane/Typhoon > 74 mph (maximum wind speed of 231 km/h),-12.3,40.1,1694310802591,port896; port769,2,0.0,74c5908f37dd496caedc335fc2bcf6e1,226352974513.5713,2574508.3200122174,231.0,0.0,Shuqaiq,Saudi Arabia,SAU,Asia & Pacific,17.6283957836864,42.0779551591398,33,0,0,1,0,32,2.15,0.0,0,2,1,0,0,0,0,3.5263605246161616,0.0,3.4965075614664802,0.0,1.075,2.75,2019,4,3328.6351042850897
1000966,port2197,TC,KEVIN-23,Tropical Cyclone KEVIN-23,Red Tropical Cyclone KEVIN-23 in Vanuatu from: 01 Mar 2023  to: 05 Mar 2023 .,RED,Vanuatu,2023-03-01 18:00:00+00:00,2023,2023-03-05 12:00:00+00:00,Tropical Storm (maximum wind speed of 250 km/h),-27.2,-174.5,1694318806140,port669; port980,2,0.0,7f9e5a20e835400cb291e476b12c6daa,1545193755526.627,9525874.305372307,250.0,0.0,Honningsvag,Norway,NOR,Europe,70.9836257610763,25.9680488043574,12,0,0,8,0,4,0.0,0.0,0,2,1,0,0,0,0,2.5649493574615367,0.0,1.6094379124341003,0.0,0.0,3.75,2023,3,13089.884232682809
1406601,port946,EQ,Earthquake in China,Earthquake in China,Red M 6 Earthquake in China at: 18 Dec 2023 15:59:30.,RED,China,2023-12-18 15:59:30+00:00,2023,2023-12-18 15:59:30+00:00,"Magnitude 6M, Depth:10km",35.7339,102.8364,1702917683204,,0,0.0,,47945694506.078125,776304.0424805713,0.0,6.0,Port Dover,Canada,CAN,North America,42.80815077,-80.09860633,291,2,118,5,0,166,1.14,0.57,0,2,0,0,1,0,0,5.676753802268282,1.0986122886681098,5.117993812416755,4.77912349311153,0.855,0.0,2023,12,14917.679816773854
1281677,port1062,EQ,Earthquake in Haiti,Earthquake in Haiti,Red M 7.2 Earthquake in Haiti at: 14 Aug 2021 12:29:09.,RED,Haiti,2021-08-14 12:29:09+00:00,2021,2021-08-14 12:29:09+00:00,"Magnitude 7.2M, Depth:10km",18.4079,-73.4753,1694316210700,,0,0.0,,35092185098.765625,664149.074051304,0.0,7.2,Penang,Malaysia,MYS,Asia & Pacific,5.379749741,100.3899815,1789,823,185,162,0,619,2.23,1.56,0,2,0,0,1,0,0,7.489970898834801,6.714170529909472,6.429719478039138,5.225746673713202,1.895,0.0,2021,8,19268.380792559183
1000663,port497,TC,HAROLD-20,Tropical Cyclone HAROLD-20,"Red Tropical Cyclone HAROLD-20 in , Tonga, Fiji, Vanuatu from: 02 Apr 2020  to: 09 Apr 2020 .",RED,Fiji; Vanuatu; Tonga,2020-04-02 18:00:00+00:00,2020,2020-04-09 06:00:00+00:00,Hurricane/Typhoon > 74 mph (maximum wind speed of 269 km/h),-24.6,-170.7,1694314190344,port636; port643; port1240; port669; port836,5,0.0,56210f6c71f84299baa2ea0b705762f0,1886520768475.2756,11970100.92647234,269.0,0.0,Inkoo,Finland,FIN,Europe,60.01761237,23.92754542,255,45,6,160,0,44,2.98,0.96,0,2,1,0,0,0,0,5.545177444479562,3.828641396489095,3.8066624897703196,1.9459101490553132,1.97,6.5,2020,4,14309.974505915307
1100185,port294,FL,"Flood in British Virgin Islands, The Bahamas","Flood in British Virgin Islands, The Bahamas","Red Flood in British Virgin Islands, The Bahamas from: 28 Aug 2019 00 to: 28 Aug 2019 00.",RED,The Bahamas,2019-08-28 00:00:00+00:00,2019,2019-08-28 00:00:00+00:00,,26.70673,-78.87209,1694311792460,port251; port357; port388; port721; port798; port821,6,0.0,5b46b63747f248a6847ddcf455d8e50f,362766691516.7617,2700767.8928220104,0.0,0.0,Djibouti,Djibouti,DJI,Africa,11.59746443,43.10371866,1296,532,223,195,77,269,100.0,100.0,0,2,0,1,0,0,0,7.167809184316444,6.278521424165844,5.598421958998375,5.4116460518550396,100.0,0.0,2019,8,13368.516224115616
1001027,port1428,TC,LOLA-23,Tropical Cyclone LOLA-23,"Red Tropical Cyclone LOLA-23 in Vanuatu, Solomon Islands from: 21 Oct 2023  to: 26 Oct 2023 .",RED,Vanuatu,2023-10-21 18:00:00+00:00,2023,2023-10-26 00:00:00+00:00,Tropical Depression (maximum wind speed of 222 km/h),-17.5,165.6,1698455547761,port669,1,0.0,cbc6d099a6e94f3e81a235627b040e2c,210094812873.85745,2572664.852082143,222.0,0.0,Zhouliwang,China,CHN,Asia & Pacific,37.70154909,121.0829932,1930,2,850,41,0,1037,1.23,0.63,0,2,1,0,0,0,0,7.565793282428515,1.0986122886681098,6.945051063725834,6.7464121285733745,0.9299999999999999,4.25,2023,10,7268.434000759894
1001124,port406,TC,MAN-YI-24,Tropical Cyclone MAN-YI-24,"Red Tropical Cyclone MAN-YI-24 in Philippines, China, Guam from: 09 Nov 2024  to: 19 Nov 2024 .",RED,"Philippines, China, Guam",2024-11-09 00:00:00+00:00,2024,2024-11-19 12:00:00+00:00,Hurricane (maximum wind speed of 259 km/h),18.1,112.1,1743233631549,,0,0.0,,727868031313.7637,6211787.382655528,259.0,0.0,Gorgon LNG,Australia,AUS,Asia & Pacific,-20.79232174,115.4597616,223,0,0,5,0,218,0.0,0.56,0,2,1,0,0,0,0,5.4116460518550396,0.0,5.389071729816501,0.0,0.28,10.5,2024,11,4331.103174181451
1102974,port334,FL,Flood in India,Flood in India,Red Flood in India from: 20 Oct 2024 01 to: 26 Oct 2024 01.,RED,India,2024-10-20 01:00:00+00:00,2024,2024-10-26 01:00:00+00:00,,20.54312,84.68974,1743233631549,port883; port442; port207; port290,4,0.0,acd01d6724e54fd38f51a282856cdea7,280781350489.4551,11023326.748080814,0.0,0.0,Ez Zueitina,Libya,LBY,Africa,30.89542737,20.08311579,37,0,0,0,0,37,0.0,0.35,0,2,0,1,0,0,0,3.6375861597263857,0.0,3.6375861597263857,0.0,0.175,6.0,2024,10,6260.133299112692
1000705,port221,TC,MAYSAK-20,Tropical Cyclone MAYSAK-20,"Red Tropical Cyclone MAYSAK-20 in Republic of Korea, Japan, Democratic Republic of Korea, China from: 28 Aug 2020  to: 02 Sep 2020 .",RED,Japan; Korea,2020-08-28 00:00:00+00:00,2020,2020-09-02 18:00:00+00:00,Hurricane/Typhoon > 74 mph (maximum wind speed of 231 km/h),35.5,129.0,1694314659620,port545; port785; port432; port715; port915; port1065; port1309; port1338,8,0.0,2e49fb9e14e147c7914103806eaa8c51,1738832135933.7012,9098031.240905829,231.0,0.0,Castries,St.  Lucia,LCA,North America,13.99444111,-61.00927372,540,148,7,101,32,252,95.09,98.07,0,2,1,0,0,0,0,6.293419278846481,5.003946305945459,5.53338948872752,2.0794415416798357,96.58,5.75,2020,8,20603.781347151405
1000706,port393,TC,HAISHEN-20,Tropical Cyclone HAISHEN-20,"Red Tropical Cyclone HAISHEN-20 in Democratic Republic of Korea, Republic of Korea, Japan, China, from: 31 Aug 2020  to: 07 Sep 2020 .",RED,Japan; Korea,2020-08-31 12:00:00+00:00,2020,2020-09-07 12:00:00+00:00,Tropical Storm (maximum wind speed of 250 km/h),40.7,128.9,1694314690167,port439; port445; port471; port480; port528; port538; port545; port566; port605; port785; port846; port852; port1119; port1190; port1304; port1324; port1335; port1378; port1411; port270; port432; port494; port608; port715; port915; port1065; port1067; port1309; port1338,29,0.0,0ef4c5564b2a41169f223c0b1d019825,2187718787554.5327,8378337.002268916,250.0,0.0,Ghent,Belgium,BEL,Europe,51.1302898,3.766941707,5598,252,543,1779,286,2738,12.69,6.15,0,2,1,0,0,0,0,8.630343289348893,5.53338948872752,7.915348169263078,6.298949246855942,9.42,7.0,2020,8,8793.099159322743
1406601,port1042,EQ,Earthquake in China,Earthquake in China,Red M 6 Earthquake in China at: 18 Dec 2023 15:59:30.,RED,China,2023-12-18 15:59:30+00:00,2023,2023-12-18 15:59:30+00:00,"Magnitude 6M, Depth:10km",35.7339,102.8364,1702917683204,,0,0.0,,47945694506.078125,776304.0424805713,0.0,6.0,Haina,Dominican Republic,DOM,North America,18.41384253,-70.02213412,1322,638,160,328,3,193,40.73,20.92,0,2,0,0,1,0,0,7.187657164114956,6.459904454377535,5.267858159063328,5.081404364984463,30.825,0.0,2023,12,18306.134979919778
1000001,port816,OT,RESTRICTIONS PANAMA CANAL,Shipping restrictions to Panama Canal,Drought restrictions imposed amid insufficient rainfall at the Gatún Lake,RED,,2023-11-03 00:00:00+00:00,2023,2024-08-05 04:00:00+00:00,,9.120512,-79.76723,1708810459951,chokepoint2,1,0.0,76f7d4b0062e46c5bbc862d4c3ce1d4b,30909854.189941406,168533.80110847912,0.0,0.0,Newcastle,Australia,AUS,Asia & Pacific,-32.89445588,151.7577471,2196,12,1930,115,4,135,1.86,10.17,0,2,0,0,0,0,1,7.69484807238461,2.5649493574615367,4.912654885736052,7.565793282428515,6.015,276.1666666666667,2023,11,22077.17592721903
1000705,port525,TC,MAYSAK-20,Tropical Cyclone MAYSAK-20,"Red Tropical Cyclone MAYSAK-20 in Republic of Korea, Japan, Democratic Republic of Korea, China from: 28 Aug 2020  to: 02 Sep 2020 .",RED,Japan; Korea,2020-08-28 00:00:00+00:00,2020,2020-09-02 18:00:00+00:00,Hurricane/Typhoon > 74 mph (maximum wind speed of 231 km/h),35.5,129.0,1694314659620,port545; port785; port432; port715; port915; port1065; port1309; port1338,8,0.0,2e49fb9e14e147c7914103806eaa8c51,1738832135933.7012,9098031.240905829,231.0,0.0,Joutseno,Finland,FIN,Europe,61.13348446,28.46124009,52,2,0,50,0,0,0.08,0.0,0,2,1,0,0,0,0,3.970291913552122,1.0986122886681098,0.0,0.0,0.04,5.75,2020,8,6092.809951185354
1001117,port1356,TC,DANA-24,Tropical Cyclone DANA-24,Red Tropical Cyclone DANA-24 in India from: 23 Oct 2024  to: 25 Oct 2024 .,RED,India,2024-10-23 06:00:00+00:00,2024,2024-10-25 00:00:00+00:00,Hurricane (maximum wind speed of 120 km/h),20.8,86.9,1743233631549,port883; port290,2,0.0,61640e351cc846aea17d94a763b36ba5,141183293249.01953,1513492.9164785235,120.0,0.0,Västerås,Sweden,SWE,Europe,59.59426145,16.51549534,464,87,37,230,0,110,1.64,0.36,0,2,1,0,0,0,0,6.142037405587356,4.477336814478207,4.709530201312334,3.6375861597263857,1.0,1.75,2024,10,5846.227833576619
1100932,fso108,FL,Flood in China,Flood in China,Red Flood in China from: 20 Jun 2021 01 to: 30 Jul 2021 01.,RED,China,2021-06-20 01:00:00+00:00,2021,2021-07-30 01:00:00+00:00,,37.87001,112.5453,1694316074584,,0,0.0,,11130690490.484377,762082.4459309455,0.0,0.0,Malaysia - Offshore Oil Terminal 11,Malaysia,MYS,Asia & Pacific,7.120000000000002,103.43499999999996,1,0,0,0,0,1,0.0,0.02,0,2,0,1,0,0,0,0.6931471805599453,0.0,0.6931471805599453,0.0,0.01,40.0,2021,6,3557.69387030294
1029628,port1009,WF,Forest fires in France,Forest fires in France,Red Forest fires in France from: 22 Jul 2026 to: 01 Aug 2026.,RED,France,2026-07-22 00:00:00+00:00,2026,2026-08-01 00:00:00+00:00,Red impact for forestfire in 47910 ha,44.8463,-1.0329,1786788245013,,0,0.0,,988504368.231018,378287.0725266181,0.0,0.0,Porto Grande,Cabo Verde,CPV,Africa,16.89422079,-24.99565966,595,95,119,153,15,213,56.15,90.54,0,2,0,0,0,0,0,6.39024066706535,4.564348191467836,5.365976015021851,4.787491742782046,73.345,10.0,2026,7,4012.9827842403656
1101659,port447,FL,Flood in Nigeria,Flood in Nigeria,Red Flood in Nigeria from: 10 Sep 2022 01 to: 26 Oct 2022 01.,RED,Nigeria,2022-09-10 01:00:00+00:00,2022,2022-10-26 01:00:00+00:00,,4.762979,6.028898,1694318293002,port205; port587; port1165; port1383,4,0.0,9a4da61ebdd844f7a73d21254b8224ff,48581411140.71811,1903249.6982656445,0.0,0.0,Hamilton,Canada,CAN,North America,43.27190232,-79.81043226,529,10,394,59,0,66,3.07,0.5,0,2,0,1,0,0,0,6.272877006546167,2.3978952727983707,4.204692619390966,5.978885764901122,1.785,46.0,2022,9,8148.666964445503
1394952,port965,EQ,Earthquake in Afghanistan,Earthquake in Afghanistan,Red M 6.3 Earthquake in Afghanistan at: 07 Oct 2023 06:41:02.,RED,Afghanistan,2023-10-07 06:41:02+00:00,2023,2023-10-07 06:41:02+00:00,"Magnitude 6.3M, Depth:14km",34.6102,61.9242,1698455547761,,0,0.0,,46640460082.48633,765656.977635154,0.0,6.3,Port Louis,Mauritius,MUS,Africa,-20.14941789,57.49585987,923,429,58,107,35,294,100.0,100.0,0,2,0,0,1,0,0,6.828712071641684,6.063785208687608,5.68697535633982,4.07753744390572,100.0,0.0,2023,10,6095.80936216766
1000023,port274,VO,Eruption  Nyiragongo,Eruption  Nyiragongo,Red Eruption Nyiragongo in Democratic Republic of Congo at: 04 Jun 2021 00:00.,RED,Democratic Republic of Congo,2021-05-23 00:00:00+00:00,2021,2021-06-04 00:00:00+00:00,,-1.52,29.25,1694315728789,,0,0.0,,31610039747.029297,630337.8738847916,0.0,0.0,Damietta,Egypt,EGY,Africa,31.46213686,31.75947248,2238,729,653,693,13,150,16.93,15.54,0,2,0,0,0,0,0,7.713784616598755,6.593044534142437,5.017279836814924,6.483107351457199,16.235,12.0,2021,5,3668.7192272436973
1000666,fso177,TC,VONGFONG-20,Tropical Cyclone VONGFONG-20,Red Tropical Cyclone VONGFONG-20 in Philippines from: 11 May 2020  to: 16 May 2020 .,RED,Philippines,2020-05-11 18:00:00+00:00,2020,2020-05-16 06:00:00+00:00,Tropical Depression (maximum wind speed of 194 km/h),19.3,120.5,1694314305944,,0,0.0,,128064151889.94922,2559326.3640265325,194.0,0.0,Vietnam - Offshore Oil Terminal 1,Vietnam,VNM,Asia & Pacific,10.133,108.56800000000004,3,0,0,0,0,3,0.0,0.19,0,2,1,0,0,0,0,1.3862943611198906,0.0,1.3862943611198906,0.0,0.095,4.5,2020,5,1653.8616304331592
1000916,port1279,TC,FIONA-22,Tropical Cyclone FIONA-22,"Red Tropical Cyclone FIONA-22 in Canada, Turks and Caicos Islands, Dominican Republic, Puerto Rico from: 14 Sep 2022  to: 24 Sep 2022 .",RED,Montserrat; Canada; Antigua and Barbuda; Guadeloupe; St. Kitts and Nevis; United States; Dominican Republic; Turks and Caicos Islands; Puerto Rico,2022-09-14 15:00:00+00:00,2022,2022-09-24 21:00:00+00:00,Tropical Storm (maximum wind speed of 213 km/h),48.4,-60.5,1694318078129,port1245; port211; port443; port935; port1219; port51; port1055; port1147; port122; port232; port164; port913; port414; port1025; port910; port922; port1221,17,0.0,9ccdff1760bb46af903ec5b39378a058,3331680947058.3047,13796058.932976147,213.0,0.0,Teesport,United Kingdom,GBR,Europe,54.60371827,-1.149996819,2607,628,92,407,317,1163,3.85,12.41,0,2,1,0,0,0,0,7.866338923046544,6.444131256700441,7.059617628291383,4.532599493153256,8.13,10.25,2022,9,3877.5050079320276
1357560,port2156,EQ,Earthquake in Türkiye,Earthquake in Türkiye,Red M 7.5 Earthquake in Türkiye at: 06 Feb 2023 10:24:49.,RED,Türkiye,2023-02-06 10:24:49+00:00,2023,2023-02-06 10:24:49+00:00,"Magnitude 7.5M, Depth:10km",38.0235,37.203,1694318563269,,0,0.0,,50911375887.10156,799954.1583432151,0.0,7.5,Padang,Indonesia,IDN,Asia & Pacific,-8.51191030976715,115.513227073498,301,0,0,0,0,301,0.52,0.11,0,2,0,0,1,0,0,5.71042701737487,0.0,5.71042701737487,0.0,0.315,0.0,2023,2,10029.194144610994
1013327,port1376,DR,Zimbabwe-2019,"Drought in Botswana, Mozambique, South Africa, Zimbabwe","Red Drought in Botswana, Mozambique, South Africa, Zimbabwe from: 21 Mar 2019  to: 01 Aug 2019 .",RED,"Botswana, Mozambique, South Africa, Zimbabwe",2019-03-21 00:00:00+00:00,2019,2019-08-01 10:47:00+00:00,Severe impact for agricultural drought in 102368 km2,-22.721,31.814,1694311593392,,0,0.0,,120939607601.3496,2559609.37090292,0.0,0.0,Vyborg,Russian Federation,RUS,Europe,60.70438213,28.73659691,207,36,0,165,0,6,0.03,0.09,0,2,0,0,0,1,0,5.337538079701318,3.6109179126442243,1.9459101490553132,0.0,0.06,133.44930555555555,2019,3,9261.72578187435
1000784,port903,TC,YAAS-21,Tropical Cyclone YAAS-21,Red Tropical Cyclone YAAS-21 in India from: 24 May 2021  to: 26 May 2021 .,RED,India,2021-05-24 00:00:00+00:00,2021,2021-05-26 06:00:00+00:00,Tropical Storm (maximum wind speed of 120 km/h),21.6,87.0,1694315620209,port290; port442; port883,3,0.0,f005e5328daf492b8d64437e2ea8e3f6,279610013323.5176,2292267.97352831,120.0,0.0,Cai Mep,Vietnam,VNM,Asia & Pacific,10.57169836,107.02606,4183,1445,884,1040,2,812,25.79,26.39,0,2,1,0,0,0,0,8.339023005744759,7.27655640271871,6.70073110954781,6.785587645007929,26.09,2.25,2021,5,2504.6862265629507
1000000,port215,OT,RED SEA TENSIONS,Trade Disruptions in the Red Sea,Trade disruptions in the Red Sea (near Bab el-Mandeb Strait) due to attacks on commercial ships,RED,,2023-12-16 00:00:00+00:00,2023,2023-12-16 00:00:00+00:00,,20.31573,38.73504,1708595379825,chokepoint4; chokepoint1; chokepoint7,3,0.0,573013af3b6545deaeb50ed1cbaf9444,508756310979.897,4678015.079434657,0.0,0.0,Cape Town,South Africa,ZAF,Africa,-33.91543197,18.4482289,957,439,127,149,5,237,9.39,2.27,0,2,0,0,0,0,1,6.86484777797086,6.0867747269123065,5.472270673671475,4.852030263919617,5.83,0.0,2023,12,6303.045560959035
1000940,fso134,TC,ROSLYN-22,Tropical Cyclone ROSLYN-22,Red Tropical Cyclone ROSLYN-22 in Mexico from: 20 Oct 2022  to: 24 Oct 2022 .,RED,Mexico,2022-10-20 03:00:00+00:00,2022,2022-10-24 03:00:00+00:00,Tropical Depression (maximum wind speed of 213 km/h),26.0,-101.0,1694318280734,,0,0.0,,172355881838.91406,2914267.116267182,213.0,0.0,Nigeria - Offshore Oil Terminal 15,Nigeria,NGA,Africa,3.5730000000000004,7.393000000000001,2,0,0,0,0,2,0.02,0.0,0,2,1,0,0,0,0,1.0986122886681098,0.0,1.0986122886681098,0.0,0.01,4.0,2022,10,12263.556972227947
1000673,port572,TC,NISARGA-20,Tropical Cyclone NISARGA-20,Red Tropical Cyclone NISARGA-20 in India from: 02 Jun 2020  to: 03 Jun 2020 .,RED,India,2020-06-02 18:00:00+00:00,2020,2020-06-03 12:00:00+00:00,Hurricane/Typhoon > 74 mph (maximum wind speed of 139 km/h),19.1,73.7,1694314372002,port511; port776,2,0.0,91c5a35ee6804b94a39c91c93021bfe1,116925429196.29688,1668600.0514449673,139.0,0.0,Kingston,Jamaica,JAM,North America,17.98290381,-76.80443675,2418,1562,88,291,157,320,77.1,21.17,0,2,1,0,0,0,0,7.791109510610028,7.354362330421477,5.771441123130016,4.48863636973214,49.135,0.75,2020,6,15890.366497968918
1000985,port352,TC,DOKSURI-23,Tropical Cyclone DOKSURI-23,"Red Tropical Cyclone DOKSURI-23 in China, Philippines from: 21 Jul 2023  to: 28 Jul 2023 .",RED,China; Taiwan Province of China,2023-07-21 12:00:00+00:00,2023,2023-07-28 06:00:00+00:00,Hurricane/Typhoon > 74 mph (maximum wind speed of 241 km/h),25.7,118.4,1694319313120,port370; port1074; port1192; port1404; port1405; port541,6,0.0,b540df4fc6a5421bb2da4ed0f0a690c4,928424469375.0684,5417913.710063252,241.0,0.0,Fourchon,United States,USA,North America,29.13034343,-90.20534334,98,0,0,97,0,1,0.01,0.0,0,2,1,0,0,0,0,4.59511985013459,0.0,0.6931471805599453,0.0,0.005,6.75,2023,7,20229.981598319682
1474477,port244,EQ,Earthquake in Myanmar,Earthquake in Myanmar,Red M 7.7 Earthquake in Myanmar at: 28 Mar 2025 06:20:54.,RED,Myanmar,2025-03-28 06:20:54+00:00,2025,2025-03-28 06:20:54+00:00,"Magnitude 7.7M, Depth:10km",22.0128,95.9216,1743233631549,,0,0.0,,36759664931.29297,679747.7557870499,0.0,7.7,Cienfuegos,Cuba,CUB,North America,22.17631285,-80.4996107,229,1,49,39,7,133,22.01,29.61,0,2,0,0,1,0,0,5.438079308923196,0.6931471805599453,4.897839799950911,3.912023005428146,25.810000000000002,0.0,2025,3,18134.162743370296
1001256,port236,TC,GEZANI-26,Tropical Cyclone GEZANI-26,"Red Tropical Cyclone GEZANI-26 in Madagascar, Mozambique from: 06 Feb 2026  to: 18 Feb 2026 .",RED,"Madagascar, Mozambique",2026-02-06 00:00:00+00:00,2026,2026-02-18 12:00:00+00:00,Hurricane (maximum wind speed of 211 km/h),-35.63,41.6,1771623360667,,0,0.0,,115660665179.69922,1467389.249750107,211.0,0.0,Cherry Point,United States,USA,North America,48.85252005,-122.7139354,243,0,2,0,0,241,1.07,0.55,0,2,1,0,0,0,0,5.497168225293202,0.0,5.488937726156687,1.0986122886681098,0.81,12.5,2026,2,15230.438962837701
1000985,port721,TC,DOKSURI-23,Tropical Cyclone DOKSURI-23,"Red Tropical Cyclone DOKSURI-23 in China, Philippines from: 21 Jul 2023  to: 28 Jul 2023 .",RED,China; Taiwan Province of China,2023-07-21 12:00:00+00:00,2023,2023-07-28 06:00:00+00:00,Hurricane/Typhoon > 74 mph (maximum wind speed of 241 km/h),25.7,118.4,1694319313120,port370; port1074; port1192; port1404; port1405; port541,6,0.0,b540df4fc6a5421bb2da4ed0f0a690c4,928424469375.0684,5417913.710063252,241.0,0.0,Matthew Town,The Bahamas,BHS,North America,21.04685691,-73.64616407,53,0,11,28,0,14,0.4,6.58,0,2,1,0,0,0,0,3.9889840465642745,0.0,2.70805020110221,2.4849066497880004,3.49,6.75,2023,7,19901.69907065533
1496100,port91,EQ,Earthquake in Indonesia,Earthquake in Indonesia,Red M 5.8 Earthquake in Indonesia at: 16 Aug 2025 22:38:52.,RED,Indonesia,2025-08-16 22:38:52+00:00,2025,2025-08-16 22:38:52+00:00,"Magnitude 5.8M, Depth:10km",-1.2569,120.7409,1759773822647,,0,0.0,,31604247090.93567,630279.7898142078,0.0,5.8,San Nicolas,Peru,PER,South America,-15.25817877,-75.23949267,155,1,135,0,0,19,0.59,23.23,0,2,0,0,1,0,0,5.049856007249537,0.6931471805599453,2.995732273553991,4.912654885736052,11.91,0.0,2025,8,21044.461703907302
1100902,port1417,FL,"Flood in Bangladesh, India","Flood in Bangladesh, India","Red Flood in Bangladesh, India from: 24 May 2021 01 to: 31 May 2021 01.",RED,India,2021-05-24 01:00:00+00:00,2021,2021-05-31 01:00:00+00:00,,23.45598,85.25573,1694315699826,port207; port235; port290; port442; port534; port544; port883; port1331,8,0.0,0444d1d2ece246b8bf863f26ef9e0444,516672397465.7856,15044471.16740546,0.0,0.0,Yokohama,Japan,JPN,Asia & Pacific,35.42755553,139.6688123,14372,4822,969,3691,1520,3370,5.37,7.67,0,2,0,1,0,0,0,9.573106725551233,8.481151420068972,8.12296471523406,6.877296071497429,6.52,7.0,2021,5,5097.8094665530425
1307299,port2330,EQ,Earthquake in Haiti,Earthquake in Haiti,Red M 5.3 Earthquake in Haiti at: 24 Jan 2022 13:16:23.,RED,Haiti,2022-01-24 13:16:23+00:00,2022,2022-01-24 13:16:23+00:00,"Magnitude 5.3M, Depth:10km",18.4723,-73.3346,1694317051845,port934; port1125,2,0.0,a14375d323fe40bcb9e296ba576f56ed,35116991308.7832,664375.8934030486,0.0,5.3,Port Rhoades,Jamaica,JAM,North America,18.461459256969945,-77.40681994180962,55,0,53,1,0,1,0.01,45.86,0,2,0,0,1,0,0,4.02535169073515,0.0,0.6931471805599453,3.9889840465642745,22.935,0.0,2022,1,428.75592706630437
1000227,fso48,FL,Flood in Mozambique,Flood in Mozambique,Red Flood in Mozambique from: 09 Mar 2019 00 to: 29 Mar 2019 00.,RED,Mozambique,2019-03-09 00:00:00+00:00,2019,2019-03-29 00:00:00+00:00,,-15.178,36.432,1694310567224,port137; port784; port896,3,0.0,c2ad419a75d24ec28ae55a0728a0eb79,642589988843.8467,5359810.993936229,0.0,0.0,Guyana - Offshore Oil Terminal 1,Guyana,GUY,South America,8.008,-56.913,43,0,0,0,0,43,0.0,36.55,0,2,0,1,0,0,0,3.784189633918261,0.0,3.784189633918261,0.0,18.275,20.0,2019,3,10578.116607430855
1000985,port1207,TC,DOKSURI-23,Tropical Cyclone DOKSURI-23,"Red Tropical Cyclone DOKSURI-23 in China, Philippines from: 21 Jul 2023  to: 28 Jul 2023 .",RED,China; Taiwan Province of China,2023-07-21 12:00:00+00:00,2023,2023-07-28 06:00:00+00:00,Hurricane/Typhoon > 74 mph (maximum wind speed of 241 km/h),25.7,118.4,1694319313120,port370; port1074; port1192; port1404; port1405; port541,6,0.0,b540df4fc6a5421bb2da4ed0f0a690c4,928424469375.0684,5417913.710063252,241.0,0.0,Skutskär,Sweden,SWE,Europe,60.64852582,17.39737787,112,6,0,84,0,22,0.58,0.12,0,2,1,0,0,0,0,4.727387818712341,1.9459101490553132,3.1354942159291497,0.0,0.35,6.75,2023,7,6726.676707718556
1100932,port442,FL,Flood in China,Flood in China,Red Flood in China from: 20 Jun 2021 01 to: 30 Jul 2021 01.,RED,China,2021-06-20 01:00:00+00:00,2021,2021-07-30 01:00:00+00:00,,37.87001,112.5453,1694316074584,,0,0.0,,11130690490.484377,762082.4459309455,0.0,0.0,Haldia,India,IND,Asia & Pacific,22.0577906,88.10419444,1433,150,711,111,0,461,4.33,1.54,0,2,0,1,0,0,0,7.2682230211595655,5.017279836814924,6.135564891081739,6.568077911411976,2.935,40.0,2021,6,3066.3863522901065
1000814,port858,TC,GRACE-21,Tropical Cyclone GRACE-21,Red Tropical Cyclone GRACE-21 in Mexico from: 13 Aug 2021  to: 21 Aug 2021 .,RED,Mexico; Cayman Islands,2021-08-13 15:00:00+00:00,2021,2021-08-21 21:00:00+00:00,Tropical Depression (maximum wind speed of 194 km/h),19.6,-100.1,1694316291193,port1144; port1332; port389,3,0.0,121eef70bd7e4584a988fa9198fa31db,480482637423.72754,5295598.848609343,194.0,0.0,Ormoc,Philippines,PHL,Asia & Pacific,11.00605657,124.6025404,96,0,1,94,1,0,0.01,0.01,0,2,1,0,0,0,0,4.574710978503383,0.0,0.0,0.6931471805599453,0.01,8.25,2021,8,24501.80097049989
1406601,port2012,EQ,Earthquake in China,Earthquake in China,Red M 6 Earthquake in China at: 18 Dec 2023 15:59:30.,RED,China,2023-12-18 15:59:30+00:00,2023,2023-12-18 15:59:30+00:00,"Magnitude 6M, Depth:10km",35.7339,102.8364,1702917683204,,0,0.0,,47945694506.078125,776304.0424805713,0.0,6.0,Khalifa Bin Salman,Bahrain,BHR,Asia & Pacific,26.2546428806082,50.6789666064565,1,0,1,0,0,0,0.0,0.0,0,2,0,0,1,0,0,0.6931471805599453,0.0,0.0,0.6931471805599453,0.0,0.0,2023,12,5297.75567660415
1100273,port1010,FL,Flood in Bangladesh,"Flood in Bangladesh, India","Red Flood in Bangladesh, India from: 09 Nov 2019 00 to: 12 Nov 2019 00.",RED,Bangladesh; India,2019-11-09 00:00:00+00:00,2019,2019-11-12 00:00:00+00:00,,22.70099,90.35384,1694312166030,port207; port290; port442; port883; port241; port289; port759; port890,8,0.0,a57b043b47634cbd91006db4600147e7,463957499990.5293,12534138.639033608,0.0,0.0,Pecem,Brazil,BRA,South America,-3.538117253,-38.80469227,704,419,207,45,0,33,3.09,0.48,0,2,0,1,0,0,0,6.558197802812269,6.040254711277414,3.5263605246161616,5.337538079701318,1.785,3.0,2019,11,14602.67548379035
1000752,port1111,TC,YASA-20,Tropical Cyclone YASA-20,"Red Tropical Cyclone YASA-20 in Fiji, from: 12 Dec 2020  to: 20 Dec 2020 .",RED,Fiji,2020-12-12 12:00:00+00:00,2020,2020-12-20 00:00:00+00:00,Tropical Storm (maximum wind speed of 259 km/h),-23.3,-178.1,1694315138928,port636; port643; port687; port1240,4,0.0,b1fdccb4c2e54ca0b570e64a6114dbdd,690398598422.3789,5640670.516540977,259.0,0.0,Rostock,Germany,DEU,Europe,54.13941739,12.11018087,2140,255,168,953,341,423,4.56,3.67,0,2,1,0,0,0,0,7.669028288589683,5.545177444479562,6.049733455231958,5.1298987149230735,4.115,7.5,2020,12,15062.113033398078
1001090,port2102,TC,YAGI-24,Tropical Cyclone YAGI-24,"Red Tropical Cyclone YAGI-24 in China, Viet Nam, Philippines from: 01 Sep 2024  to: 07 Sep 2024 .",RED,Vietnam; China,2024-09-01 12:00:00+00:00,2024,2024-09-07 06:00:00+00:00,Hurricane (maximum wind speed of 241 km/h),21.0,106.9,1728469086877,port123; port136; port242; port339; port424; port437; port1071; port1196; port1409; port1426; port434; port473,12,0.0,0387d1f7d4ae4eb2a872db5de07e9c78,638269632730.5098,4139701.742897033,241.0,0.0,Lewisporte,Canada,CAN,North America,49.2489131508019,-55.0487713005087,17,0,0,0,0,17,0.06,0.03,0,2,1,0,0,0,0,2.8903717578961645,0.0,2.8903717578961645,0.0,0.045,5.75,2024,9,12146.193345151456
1001233,port2245,TC,KALMAEGI-25,Tropical Cyclone KALMAEGI-25,"Red Tropical Cyclone KALMAEGI-25 in Viet Nam, Cambodia, Philippines, Laos from: 01 Nov 2025  to: 06 Nov 2025 .",RED,Philippines; Vietnam,2025-11-01 06:00:00+00:00,2025,2025-11-06 12:00:00+00:00,Hurricane (maximum wind speed of 213 km/h),13.6,109.1,1762862933372,port2207; port2262; port1078; port224; port2395; port2055; port858,7,0.0,1734eb93b6ea40f4867229955debf2cf,592669057187.835,6596353.643767391,213.0,0.0,Ras Isa Terminal,Yemen,YEM,Asia & Pacific,15.2506749411968,42.6176409513343,29,0,0,0,0,29,5.55,0.0,0,2,1,0,0,0,0,3.4011973816621555,0.0,3.4011973816621555,0.0,2.775,5.25,2025,11,7122.022831420412
1000818,port797,TC,IDA-21,Tropical Cyclone IDA-21,"Red Tropical Cyclone IDA-21 in United States, Cuba from: 26 Aug 2021  to: 30 Aug 2021 .",RED,United States,2021-08-26 15:00:00+00:00,2021,2021-08-30 21:00:00+00:00,Tropical Depression (maximum wind speed of 241 km/h),32.6,-90.3,1694316376901,port126; port352; port812; port1214,4,0.0,7d9d04c6c5ac4e3bbdf68a78a0966767,394139707419.0078,3782111.256095524,241.0,0.0,Nasipit Port,Philippines,PHL,Asia & Pacific,8.981512096,125.3368598,133,16,0,73,22,22,0.02,0.03,0,2,1,0,0,0,0,4.897839799950911,2.833213344056216,3.1354942159291497,0.0,0.025,4.25,2021,8,23787.12193105794
1102204,fso89,FL,Flood in Libya,Flood in Libya,Red Flood in Libya from: 08 Sep 2023 01 to: 14 Sep 2023 00.,RED,Libya,2023-09-08 01:00:00+00:00,2023,2023-09-14 00:00:00+00:00,,32.75938,22.63832,1698455547761,,0,0.0,,23588735.73925781,38187.708694884015,0.0,0.0,Indonesia - Offshore Oil Terminal 12,Indonesia,IDN,Asia & Pacific,-6.710000000000002,112.21700000000004,70,0,0,0,0,70,0.0,0.85,0,2,0,1,0,0,0,4.2626798770413155,0.0,4.2626798770413155,0.0,0.425,5.958333333333333,2023,9,10803.339387324162
1001279,port12,TC,BAVI-26,Tropical Cyclone BAVI-26,"Red Tropical Cyclone BAVI-26 in Guam, Northern Mariana Islands, Japan, Taiwan, China from: 01 Jul 2026  to: 11 Jul 2026 .",RED,Guam; Taiwan Province of China; Northern Mariana Islands; Japan; China,2026-07-01 00:00:00+00:00,2026,2026-07-11 18:00:00+00:00,Hurricane (maximum wind speed of 287 km/h),28.7,120.4,1784137096489,port2180; port2173; port1427; port2421; port482; port2424; port2177; port2415; port1300; port61; port2040; port2504; port2422; port824; port2230; port2413; port2505; port2021; port238; port370; port2414; port1429; port2304; port1390; port1113; port2502; port2027; port2423; port2111; port2491; port2497; port1126; port2426; port1261; port438; port1403; port2302,37,0.0,e1706849ab254c9f92db48f4761a8924,3004119385032.9414,12128199.78940675,287.0,0.0,Aiyion,Greece,GRC,Europe,38.33552308,21.84996534,143,0,34,109,0,0,0.17,0.89,0,2,1,0,0,0,0,4.969813299576001,0.0,0.0,3.5553480614894135,0.53,10.75,2026,7,8646.907172690953
1000747,port20,TC,NIVAR-20,Tropical Cyclone NIVAR-20,Red Tropical Cyclone NIVAR-20 in India from: 23 Nov 2020  to: 26 Nov 2020 .,RED,India,2020-11-23 12:00:00+00:00,2020,2020-11-26 00:00:00+00:00,Tropical Storm (maximum wind speed of 130 km/h),12.3,79.4,1694315050062,,0,0.0,,79756408901.51855,1566642.152423985,130.0,0.0,Al Basrah,Iraq,IRQ,Asia & Pacific,30.55796288,47.79778641,5,1,0,4,0,0,0.1,0.1,0,2,1,0,0,0,0,1.791759469228055,0.6931471805599453,0.0,0.0,0.1,2.5,2020,11,3637.530586103183
1000663,port511,TC,HAROLD-20,Tropical Cyclone HAROLD-20,"Red Tropical Cyclone HAROLD-20 in , Tonga, Fiji, Vanuatu from: 02 Apr 2020  to: 09 Apr 2020 .",RED,Fiji; Vanuatu; Tonga,2020-04-02 18:00:00+00:00,2020,2020-04-09 06:00:00+00:00,Hurricane/Typhoon > 74 mph (maximum wind speed of 269 km/h),-24.6,-170.7,1694314190344,port636; port643; port1240; port669; port836,5,0.0,56210f6c71f84299baa2ea0b705762f0,1886520768475.2756,11970100.92647234,269.0,0.0,Jaigad Port,India,IND,Asia & Pacific,17.29523509,73.21867272,584,4,200,363,0,17,2.32,0.38,0,2,1,0,0,0,0,6.371611847231857,1.6094379124341003,2.8903717578961645,5.303304908059076,1.3499999999999999,6.5,2020,4,26265.74576982206
1000999,port964,TC,SAOLA-23,Tropical Cyclone SAOLA-23,"Red Tropical Cyclone SAOLA-23 in China, Philippines from: 23 Aug 2023  to: 03 Sep 2023 .",RED,Hong Kong Special Administrative Region; China; Macao Special Administrative Region,2023-08-23 18:00:00+00:00,2023,2023-09-03 12:00:00+00:00,Tropical Depression (maximum wind speed of 250 km/h),20.7,109.0,1698455547761,port423; port425; port436; port484; port1189; port1196; port1414; port474; port674,9,0.0,1da448d78c3c4c11bc85b5c96692e090,453017205092.41016,4360517.904701316,250.0,0.0,Port Lincoln,Australia,AUS,Asia & Pacific,-34.72199883,135.8701998,76,0,62,4,0,10,0.01,0.12,0,2,1,0,0,0,0,4.343805421853684,0.0,2.3978952727983707,4.143134726391533,0.065,10.75,2023,8,6622.299837101449
1281677,port2337,EQ,Earthquake in Haiti,Earthquake in Haiti,Red M 7.2 Earthquake in Haiti at: 14 Aug 2021 12:29:09.,RED,Haiti,2021-08-14 12:29:09+00:00,2021,2021-08-14 12:29:09+00:00,"Magnitude 7.2M, Depth:10km",18.4079,-73.4753,1694316210700,,0,0.0,,35092185098.765625,664149.074051304,0.0,7.2,Shimonoseki,Japan,JPN,Asia & Pacific,33.94243743862432,130.92835087973242,1228,1,100,198,96,833,0.05,0.14,0,2,0,0,1,0,0,7.113956109566034,0.6931471805599453,6.726233402358747,4.61512051684126,0.095,0.0,2021,8,18901.426853734167
1347183,port2293,EQ,Earthquake in Indonesia,Earthquake in Indonesia,Red M 5.6 Earthquake in Indonesia at: 21 Nov 2022 06:21:10.,RED,Indonesia,2022-11-21 06:21:10+00:00,2022,2022-11-21 06:21:10+00:00,"Magnitude 5.6M, Depth:10km",-6.8531,107.0946,1694318361325,port514; port894,2,0.0,87c03fd3cd7e4fbeb866673caea8815a,32048571438.088867,634691.4947898124,0.0,5.6,Biak,Indonesia,IDN,Asia & Pacific,-1.185612648857857,136.07630032135648,115,60,0,7,0,48,0.06,0.02,0,2,0,0,1,0,0,4.7535901911063645,4.110873864173311,3.8918202981106265,0.0,0.04,0.0,2022,11,3277.2263815722504
1548377,port478,EQ,Earthquake in Venezuela,Earthquake in Venezuela,Red M 7.5 Earthquake in Venezuela at: 24 Jun 2026 22:05:12.,RED,Venezuela,2026-06-24 22:05:12+00:00,2026,2026-06-24 22:05:12+00:00,"Magnitude 7.5M, Depth:10km",10.453,-68.5139,1784045057281,port1029; port320; port2260; port618,4,0.0,076f32f7c4174f1da910d78fedce6623,32663314903.23291,640747.6201487333,0.0,7.5,Horta,Portugal,PRT,Europe,38.53302196,-28.6215437,132,36,0,50,0,46,0.11,0.03,0,2,0,0,1,0,0,4.890349128221754,3.6109179126442243,3.8501476017100584,0.0,0.07,0.0,2026,6,4659.736426449475
1000734,fso165,TC,MOLAVE-20,Tropical Cyclone MOLAVE-20,"Red Tropical Cyclone MOLAVE-20 in Viet Nam, Laos, Philippines, Cambodia, Thailand from: 24 Oct 2020  to: 28 Oct 2020 .",RED,Philippines; Vietnam,2020-10-24 00:00:00+00:00,2020,2020-10-28 06:00:00+00:00,Hurricane/Typhoon > 74 mph (maximum wind speed of 204 km/h),15.4,108.5,1694314857510,port125; port694; port213; port269; port1078,5,0.0,e84323b3f8cc45bfabbdfe65aca72289,660479170186.7969,5156424.339896273,204.0,0.0,Thailand - Offshore Oil Terminal 4,Thailand,THA,Asia & Pacific,10.505000000000006,100.273,2,0,0,0,0,2,0.0,0.09,0,2,1,0,0,0,0,1.0986122886681098,0.0,1.0986122886681098,0.0,0.045,4.25,2020,10,1049.4912423260446
1001028,port509,TC,OTIS-23,Tropical Cyclone OTIS-23,Red Tropical Cyclone OTIS-23 in Mexico from: 22 Oct 2023  to: 25 Oct 2023 .,RED,Mexico,2023-10-22 15:00:00+00:00,2023,2023-10-25 21:00:00+00:00,Tropical Depression (maximum wind speed of 259 km/h),19.1,-100.8,1698455547761,port7,1,0.0,b2af87430d8340f29465e5075633c14a,83209950822.40918,1505916.18134488,259.0,0.0,Izhevskoye,Russian Federation,RUS,Europe,54.68428825,20.17492729,768,93,69,399,1,206,4.75,0.47,0,2,1,0,0,0,0,6.645090969505644,4.543294782270004,5.332718793265369,4.248495242049359,2.61,3.25,2023,10,8709.72790467253
1001027,port857,TC,LOLA-23,Tropical Cyclone LOLA-23,"Red Tropical Cyclone LOLA-23 in Vanuatu, Solomon Islands from: 21 Oct 2023  to: 26 Oct 2023 .",RED,Vanuatu,2023-10-21 18:00:00+00:00,2023,2023-10-26 00:00:00+00:00,Tropical Depression (maximum wind speed of 222 km/h),-17.5,165.6,1698455547761,port669,1,0.0,cbc6d099a6e94f3e81a235627b040e2c,210094812873.85745,2572664.852082143,222.0,0.0,Oranjestad,"Bonaire,  Saint Eustatius and Saba",BES,North America,17.47773288,-62.98630044,378,0,0,35,0,343,97.3,84.99,0,2,1,0,0,0,0,5.937536205082426,0.0,5.840641657373398,0.0,91.145,4.25,2023,10,24511.14589920416
1001219,port1128,TC,MATMO-25,Tropical Cyclone MATMO-25,"Red Tropical Cyclone MATMO-25 in China, Viet Nam, Philippines from: 01 Oct 2025  to: 05 Oct 2025 .",RED,China,2025-10-01 06:00:00+00:00,2025,2025-10-05 18:00:00+00:00,Hurricane (maximum wind speed of 167 km/h),21.9,108.5,1761725190590,port437; port339; port136; port1071; port1196; port424; port242; port1426,8,0.0,d1c3e4dd8f4342fd98f587856420c073,543522271097.7871,4777478.110644072,167.0,0.0,Sakai-Semboku,Japan,JPN,Asia & Pacific,34.5578402,135.4223815,9936,99,666,3408,542,5221,2.29,1.93,0,2,1,0,0,0,0,9.204020443231363,4.605170185988092,8.560635749259074,6.502790045915623,2.11,4.5,2025,10,2833.9150644803485
1029628,fso130,WF,Forest fires in France,Forest fires in France,Red Forest fires in France from: 22 Jul 2026 to: 01 Aug 2026.,RED,France,2026-07-22 00:00:00+00:00,2026,2026-08-01 00:00:00+00:00,Red impact for forestfire in 47910 ha,44.8463,-1.0329,1786788245013,,0,0.0,,988504368.231018,378287.0725266181,0.0,0.0,Nigeria - Offshore Oil Terminal 11,Nigeria,NGA,Africa,4.033999999999999,7.525,11,0,0,0,0,11,0.0,5.88,0,2,0,0,0,0,0,2.4849066497880004,0.0,2.4849066497880004,0.0,2.94,10.0,2026,7,4628.206246978396
1000705,port121,TC,MAYSAK-20,Tropical Cyclone MAYSAK-20,"Red Tropical Cyclone MAYSAK-20 in Republic of Korea, Japan, Democratic Republic of Korea, China from: 28 Aug 2020  to: 02 Sep 2020 .",RED,Japan; Korea,2020-08-28 00:00:00+00:00,2020,2020-09-02 18:00:00+00:00,Hurricane/Typhoon > 74 mph (maximum wind speed of 231 km/h),35.5,129.0,1694314659620,port545; port785; port432; port715; port915; port1065; port1309; port1338,8,0.0,2e49fb9e14e147c7914103806eaa8c51,1738832135933.7012,9098031.240905829,231.0,0.0,Barry,United Kingdom,GBR,Europe,51.40467255,-3.247119292,39,0,0,6,0,33,0.06,0.01,0,2,1,0,0,0,0,3.6888794541139363,0.0,3.5263605246161616,0.0,0.034999999999999996,5.75,2020,8,9325.885455313626
1000972,port804,TC,MAWAR-23,Tropical Cyclone MAWAR-23,Red Tropical Cyclone MAWAR-23 in Guam from: 20 May 2023  to: 03 Jun 2023 .,RED,Guam; Northern Mariana Islands,2023-05-20 00:00:00+00:00,2023,2023-06-03 00:00:00+00:00,Tropical Storm (maximum wind speed of 296 km/h),30.7,138.1,1694319152977,port61; port1113,2,0.0,fe349de1f71843cca826c88a9a5396c0,1696969700479.611,9505783.434634589,296.0,0.0,Nelson,New Zealand,NZL,Asia & Pacific,-41.26122281,173.2760081,324,136,89,25,36,38,1.0,4.71,0,2,1,0,0,0,0,5.783825182329737,4.919980925828125,3.6635616461296463,4.499809670330265,2.855,14.0,2023,5,8509.875976421903
1100932,port1391,FL,Flood in China,Flood in China,Red Flood in China from: 20 Jun 2021 01 to: 30 Jul 2021 01.,RED,China,2021-06-20 01:00:00+00:00,2021,2021-07-30 01:00:00+00:00,,37.87001,112.5453,1694316074584,,0,0.0,,11130690490.484377,762082.4459309455,0.0,0.0,Western Port,Australia,AUS,Asia & Pacific,-38.30737612,145.2124934,109,0,15,2,0,92,0.65,0.06,0,2,0,1,0,0,0,4.700480365792417,0.0,4.532599493153256,2.772588722239781,0.355,40.0,2021,6,8921.588414247568
1548377,port2493,EQ,Earthquake in Venezuela,Earthquake in Venezuela,Red M 7.5 Earthquake in Venezuela at: 24 Jun 2026 22:05:12.,RED,Venezuela,2026-06-24 22:05:12+00:00,2026,2026-06-24 22:05:12+00:00,"Magnitude 7.5M, Depth:10km",10.453,-68.5139,1784045057281,port1029; port320; port2260; port618,4,0.0,076f32f7c4174f1da910d78fedce6623,32663314903.23291,640747.6201487333,0.0,7.5,Mina Al Zour,Kuwait,KWT,Asia & Pacific,28.709723935656893,48.39148159230054,0,0,0,0,0,0,0.0,0.0,0,2,0,0,1,0,0,0.0,0.0,0.0,0.0,0.0,0.0,2026,6,11560.234344313278
1000667,fso39,TC,AMPHAN-20,Tropical Cyclone AMPHAN-20,"Red Tropical Cyclone AMPHAN-20 in India, Bangladesh, Bhutan from: 16 May 2020  to: 20 May 2020 .",RED,India,2020-05-16 06:00:00+00:00,2020,2020-05-20 12:00:00+00:00,Hurricane/Typhoon > 74 mph (maximum wind speed of 269 km/h),22.2,88.3,1694314330037,port207; port290; port442; port883,4,0.0,4aa2d000ec6344bd8e3ff519e352cddc,486303246583.71,3835378.588229685,269.0,0.0,Brazil - Offshore Oil Terminal 45,Brazil,BRA,South America,-21.993,-39.739,0,0,0,0,0,0,0.0,0.0,0,2,1,0,0,0,0,0.0,0.0,0.0,0.0,0.0,4.25,2020,5,14061.482586013088
1100185,port2183,FL,"Flood in British Virgin Islands, The Bahamas","Flood in British Virgin Islands, The Bahamas","Red Flood in British Virgin Islands, The Bahamas from: 28 Aug 2019 00 to: 28 Aug 2019 00.",RED,The Bahamas,2019-08-28 00:00:00+00:00,2019,2019-08-28 00:00:00+00:00,,26.70673,-78.87209,1694311792460,port251; port357; port388; port721; port798; port821,6,0.0,5b46b63747f248a6847ddcf455d8e50f,362766691516.7617,2700767.8928220104,0.0,0.0,Okpo (Geoje),Korea,KOR,Asia & Pacific,34.8851935777372,128.7070472034,252,24,1,105,41,81,0.39,0.35,0,2,0,1,0,0,0,5.53338948872752,3.2188758248682006,4.406719247264253,0.6931471805599453,0.37,0.0,2019,8,18922.547237611256
1001131,fso37,TC,CHIDO-25,Tropical Cyclone CHIDO-25,"Red Tropical Cyclone CHIDO-25 in Mozambique, Miscellaneous (French) Indian Ocean Islands, Madagascar, Comoros, Mayotte from: 09 Dec 2024  to: 16 Dec 2024 .",RED,Mozambique; Mayotte,2024-12-09 18:00:00+00:00,2024,2024-12-16 12:00:00+00:00,Hurricane (maximum wind speed of 243 km/h),-16.55,33.77,1743233631549,port982; port896,2,0.0,0461e32d3a3a496db34c0fcb4f802442,340251863450.24414,5630351.734478647,243.0,0.0,Brazil - Offshore Oil Terminal 43,Brazil,BRA,South America,-25.202,-42.878,62,0,0,0,0,62,0.0,0.58,0,2,1,0,0,0,0,4.143134726391533,0.0,4.143134726391533,0.0,0.29,6.75,2024,12,7757.7511739355905
1000741,fso42,TC,VAMCO-20,Tropical Cyclone VAMCO-20,"Red Tropical Cyclone VAMCO-20 in Viet Nam, Laos, Philippines from: 09 Nov 2020  to: 15 Nov 2020 .",RED,Philippines; Vietnam,2020-11-09 06:00:00+00:00,2020,2020-11-15 06:00:00+00:00,Hurricane/Typhoon > 74 mph (maximum wind speed of 213 km/h),17.7,106.5,1694315001659,port125; port694; port1232; port213; port269,5,0.0,3b4614b4f7b34fb18ec018043a5f15aa,1054019421551.8712,5596890.617674353,213.0,0.0,Brazil - Offshore Oil Terminal 7,Brazil,BRA,South America,-22.158,-40.147,73,0,0,0,0,73,0.0,0.78,0,2,1,0,0,0,0,4.30406509320417,0.0,4.30406509320417,0.0,0.39,6.0,2020,11,15711.43842900914
1100273,port430,FL,Flood in Bangladesh,"Flood in Bangladesh, India","Red Flood in Bangladesh, India from: 09 Nov 2019 00 to: 12 Nov 2019 00.",RED,Bangladesh; India,2019-11-09 00:00:00+00:00,2019,2019-11-12 00:00:00+00:00,,22.70099,90.35384,1694312166030,port207; port290; port442; port883; port241; port289; port759; port890,8,0.0,a57b043b47634cbd91006db4600147e7,463957499990.5293,12534138.639033608,0.0,0.0,Gustavia,Saint-Barthélemy,BLM,North America,17.90299026,-62.85264581,138,0,0,7,87,44,100.0,100.0,0,2,0,1,0,0,0,4.9344739331306915,0.0,3.8066624897703196,0.0,100.0,3.0,2019,11,16191.226834189409
1357560,port1049,EQ,Earthquake in Türkiye,Earthquake in Türkiye,Red M 7.5 Earthquake in Türkiye at: 06 Feb 2023 10:24:49.,RED,Türkiye,2023-02-06 10:24:49+00:00,2023,2023-02-06 10:24:49+00:00,"Magnitude 7.5M, Depth:10km",38.0235,37.203,1694318563269,,0,0.0,,50911375887.10156,799954.1583432151,0.0,7.5,Puerto La Cruz,Venezuela,VEN,South America,10.2308185,-64.61485225,127,2,20,0,0,105,15.17,12.05,0,2,0,0,1,0,0,4.852030263919617,1.0986122886681098,4.663439094112067,3.044522437723423,13.61,0.0,2023,2,11542.007581883629
1000559,port2208,TC,KENNETH-19,Tropical Cyclone KENNETH-19,"Red Tropical Cyclone KENNETH-19 in , Mozambique, Comoros from: 23 Apr 2019  to: 25 Apr 2019 .",RED,Mozambique; Comoros,2019-04-23 00:00:00+00:00,2019,2019-04-25 18:00:00+00:00,Hurricane/Typhoon > 74 mph (maximum wind speed of 231 km/h),-12.3,40.1,1694310802591,port896; port769,2,0.0,74c5908f37dd496caedc335fc2bcf6e1,226352974513.5713,2574508.3200122174,231.0,0.0,Amlan,Philippines,PHL,Asia & Pacific,9.43641763273019,123.239191695115,79,0,0,2,0,77,0.34,0.0,0,2,1,0,0,0,0,4.382026634673881,0.0,4.356708826689592,0.0,0.17,2.75,2019,4,9417.874176406565
1100977,port225,FL,Flood in India,Flood in India,Red Flood in India from: 24 Jul 2021 01 to: 01 Oct 2021 01.,RED,India,2021-07-24 01:00:00+00:00,2021,2021-10-01 01:00:00+00:00,,31.23957,77.7198,1694316685662,,0,0.0,,7009983312.982422,636443.8624266385,0.0,0.0,Chaguaramas,Trinidad and Tobago,TTO,North America,10.68085281,-61.64037575,50,1,5,29,1,14,2.15,0.26,0,2,0,1,0,0,0,3.9318256327243257,0.6931471805599453,2.70805020110221,1.791759469228055,1.205,69.0,2021,7,15371.313559901844
1101664,port639,FL,"Flood in China, Taiwan","Flood in China, Taiwan","Red Flood in China, Taiwan from: 14 Sep 2022 01 to: 16 Sep 2022 01.",RED,China,2022-09-14 01:00:00+00:00,2022,2022-09-16 01:00:00+00:00,,31.23228,121.4692,1694317999111,port438; port824; port1188; port1390; port1427; port1429,6,0.0,e8ad23d722674521baae5de97cc97f61,217355300848.26956,3579326.493505684,0.0,0.0,Leith,United Kingdom,GBR,Europe,55.98291752,-3.17422235,124,9,5,104,0,6,0.17,0.05,0,2,0,1,0,0,0,4.8283137373023015,2.302585092994046,1.9459101490553132,1.791759469228055,0.11000000000000001,2.0,2022,9,8213.20485565993
1001214,port202,TC,BUALOI-25,Tropical Cyclone BUALOI-25,"Red Tropical Cyclone BUALOI-25 in Viet Nam, Philippines, Laos from: 23 Sep 2025  to: 28 Sep 2025 .",RED,Vietnam,2025-09-23 12:00:00+00:00,2025,2025-09-28 18:00:00+00:00,Hurricane (maximum wind speed of 148 km/h),18.2,106.2,1759774040248,port269; port819; port2405,3,0.0,4877524fdb7c445db72a442c5f4c6f97,690605174070.6943,7071118.486989791,148.0,0.0,Cagayan de Oro,Philippines,PHL,Asia & Pacific,8.486794083,124.7083013,981,217,51,430,88,195,2.1,0.98,0,2,1,0,0,0,0,6.889591308354466,5.384495062789089,5.278114659230517,3.9512437185814275,1.54,5.25,2025,9,2300.2526340898858
10000003,port2170,OT,US PORTS STRIKE,US Ports Strike,"Labor strike affecting many ports across the US East and Gulf Coasts, as well as the Port of Montreal in Canada",RED,,2024-10-01 00:00:00+00:00,2024,2024-10-02 22:00:00+00:00,,29.77081,-95.35517,1727962353164,port812; port815; port826; port103; port901; port159; port513; port736; port754; port1170; port1259; port1398; port231; port481; port766; port2066; port951,17,0.0,9e9f1ca4abad4948af5caed716c137f3,2173469.48828125,6906.2243711354695,0.0,0.0,Gaeta,Italy,ITA,Europe,41.2278193884162,13.5725796752305,200,5,15,81,1,98,0.63,0.06,0,2,0,0,0,0,1,5.303304908059076,1.791759469228055,4.59511985013459,2.772588722239781,0.345,1.9166666666666667,2024,10,9182.060256757704
1000866,port1305,TC,EMNATI-22,Tropical Cyclone EMNATI-22,Red Tropical Cyclone EMNATI-22 in Madagascar from: 16 Feb 2022  to: 24 Feb 2022 .,RED,Madagascar,2022-02-16 18:00:00+00:00,2022,2022-02-24 18:00:00+00:00,Tropical Storm (maximum wind speed of 204 km/h),-28.7,41.8,1694317200080,port340; port1301; port1307,3,0.0,4712455782b24b729ffa2d23c4fb9f61,915533029862.0216,6324014.687704501,204.0,0.0,Tokyo,Japan,JPN,Asia & Pacific,35.60607114,139.7925781,9502,4646,529,1907,1682,738,4.89,7.5,0,2,1,0,0,0,0,9.159362817211315,8.443977129084978,6.6052979209482015,6.272877006546167,6.195,8.0,2022,2,11364.831201609572
1000552,fso132,TC,IDAI-19,Tropical Cyclone IDAI-19,"Red Tropical Cyclone IDAI-19 in Mozambique, Zimbabwe, Miscellaneous (French) Indian Ocean Islands from: 09 Mar 2019  to: 15 Mar 2019 .",RED,Mozambique,2019-03-09 06:00:00+00:00,2019,2019-03-15 00:00:00+00:00,Hurricane/Typhoon > 74 mph (maximum wind speed of 194 km/h),-19.6,34.8,1694310439405,port137,1,0.0,3aa1164d42fb42e99f8ed581b6ecd4d1,350000681982.3291,3223229.700239708,194.0,0.0,Nigeria - Offshore Oil Terminal 13,Nigeria,NGA,Africa,3.461999999999999,5.559999999999998,0,0,0,0,0,0,0.0,0.0,0,2,1,0,0,0,0,0.0,0.0,0.0,0.0,0.0,5.75,2019,3,4129.014606632969
1001256,port581,TC,GEZANI-26,Tropical Cyclone GEZANI-26,"Red Tropical Cyclone GEZANI-26 in Madagascar, Mozambique from: 06 Feb 2026  to: 18 Feb 2026 .",RED,"Madagascar, Mozambique",2026-02-06 00:00:00+00:00,2026,2026-02-18 12:00:00+00:00,Hurricane (maximum wind speed of 211 km/h),-35.63,41.6,1771623360667,,0,0.0,,115660665179.69922,1467389.249750107,211.0,0.0,Kobe,Japan,JPN,Asia & Pacific,34.67293989,135.2293271,10594,4121,789,2636,558,2490,3.49,5.63,0,2,1,0,0,0,0,9.2681374707024,8.324093761450404,7.820439515262181,6.672032945461067,4.5600000000000005,12.5,2026,2,11573.742206275207
1178759,port127,EQ,"Earthquake in Eastern New Guinea Reg., P.N.G.","Earthquake in Eastern New Guinea Reg., P.N.G.","Red M 7.2 Earthquake in Eastern New Guinea Reg., P.N.G. at: 06 May 2019 21:19:35.",RED,Papua New Guinea,2019-05-06 21:19:35+00:00,2019,2019-05-06 21:19:35+00:00,"Magnitude 7.2M, Depth:126.92km",-6.9767,146.44,1694310914933,port624,1,0.0,98299d6738574f2ea18e46e19f71327e,32064448784.467773,634862.1513849135,0.0,7.2,Batumi,Georgia,GEO,Europe,41.64860022,41.66863523,489,67,34,188,5,195,41.8,25.51,0,2,0,0,1,0,0,6.194405391104672,4.219507705176107,5.278114659230517,3.5553480614894135,33.655,0.0,2019,5,10229.81396604294
1013327,port2340,DR,Zimbabwe-2019,"Drought in Botswana, Mozambique, South Africa, Zimbabwe","Red Drought in Botswana, Mozambique, South Africa, Zimbabwe from: 21 Mar 2019  to: 01 Aug 2019 .",RED,"Botswana, Mozambique, South Africa, Zimbabwe",2019-03-21 00:00:00+00:00,2019,2019-08-01 10:47:00+00:00,Severe impact for agricultural drought in 102368 km2,-22.721,31.814,1694311593392,,0,0.0,,120939607601.3496,2559609.37090292,0.0,0.0,Taixing,China,CHN,Asia & Pacific,32.13815045063475,119.9300484081644,1088,6,343,23,0,716,0.35,0.07,0,2,0,0,0,1,0,6.9930151229329605,1.9459101490553132,6.57507584059962,5.840641657373398,0.21,133.44930555555555,2019,3,10279.793668927618
1103514,port1230,FL,Flood in China,Flood in China,Red Flood in China from: 23 Sep 2025 01 to: 25 Sep 2025 01.,RED,Hong Kong SAR,2025-09-23 01:00:00+00:00,2025,2025-09-25 01:00:00+00:00,,22.35063,114.1849,1759774040248,port474,1,0.0,ba4836d421a64310984bb04854a15168,3236111844.294922,241815.27399635635,0.0,0.0,Stora Jatterson,Sweden,SWE,Europe,57.09271571,16.54645435,297,33,0,257,0,7,0.52,0.95,0,2,0,1,0,0,0,5.697093486505405,3.5263605246161616,2.0794415416798357,0.0,0.735,2.0,2025,9,7038.4840410578645
1001111,port870,TC,MILTON-24,Tropical Cyclone MILTON-24,"Red Tropical Cyclone MILTON-24 in Mexico, United States from: 05 Oct 2024  to: 09 Oct 2024 .",RED,Mexico; United States,2024-10-05 15:00:00+00:00,2024,2024-10-09 09:00:00+00:00,Hurricane (maximum wind speed of 287 km/h),24.5,-85.4,1728469086877,port212; port876; port967; port1259; port1023,5,0.0,6c5f734acb3a49209d1efa314fad3b08,821112466236.6816,6859035.563660279,287.0,0.0,Paagoumène,New Caledonia,NCL,Asia & Pacific,-20.49254527,164.1813198,48,0,48,0,0,0,0.0,26.48,0,2,1,0,0,0,0,3.8918202981106265,0.0,0.0,3.8918202981106265,13.24,3.75,2024,10,26426.58200504917
1307299,port1106,EQ,Earthquake in Haiti,Earthquake in Haiti,Red M 5.3 Earthquake in Haiti at: 24 Jan 2022 13:16:23.,RED,Haiti,2022-01-24 13:16:23+00:00,2022,2022-01-24 13:16:23+00:00,"Magnitude 5.3M, Depth:10km",18.4723,-73.3346,1694317051845,port934; port1125,2,0.0,a14375d323fe40bcb9e296ba576f56ed,35116991308.7832,664375.8934030486,0.0,5.3,Road Harbor,British Virgin Islands,VGB,North America,18.42260523,-64.60402002,261,31,0,131,66,33,100.0,100.0,0,2,0,0,1,0,0,5.568344503761097,3.4657359027997265,3.5263605246161616,0.0,100.0,0.0,2022,1,919.4461973792829
1001101,fso3,TC,HELENE-24,Tropical Cyclone HELENE-24,"Red Tropical Cyclone HELENE-24 in United States, Mexico, Belize from: 23 Sep 2024  to: 27 Sep 2024 .",RED,Mexico; United States,2024-09-23 15:00:00+00:00,2024,2024-09-27 21:00:00+00:00,Hurricane (maximum wind speed of 222 km/h),37.5,-85.5,1728469086877,port879; port1144,2,0.0,42ada76f830c4cb58821d311383c4da0,692109064449.9551,4910254.54021647,222.0,0.0,Brazil - Offshore Oil Terminal 12,Brazil,BRA,South America,-25.49,-42.78,74,0,0,0,0,74,0.0,0.68,0,2,1,0,0,0,0,4.31748811353631,0.0,4.31748811353631,0.0,0.34,4.25,2024,9,8198.040362907008
1180592,port404,EQ,Earthquake in Peru,Earthquake in Peru,Red M 8 Earthquake in Peru at: 26 May 2019 07:41:14.,RED,Peru,2019-05-26 07:41:14+00:00,2019,2019-05-26 07:41:14+00:00,"Magnitude 8M, Depth:109.88km",-5.796,-75.2975,1694311079892,,0,0.0,,31912063391.56494,633332.3292619635,0.0,8.0,Goole,United Kingdom,GBR,Europe,53.70030449,-0.884905633,413,41,12,351,0,9,0.21,0.02,0,2,0,0,1,0,0,6.025865973825314,3.7376696182833684,2.302585092994046,2.5649493574615367,0.11499999999999999,0.0,2019,5,8217.351678835024
1100902,port356,FL,"Flood in Bangladesh, India","Flood in Bangladesh, India","Red Flood in Bangladesh, India from: 24 May 2021 01 to: 31 May 2021 01.",RED,India,2021-05-24 01:00:00+00:00,2021,2021-05-31 01:00:00+00:00,,23.45598,85.25573,1694315699826,port207; port235; port290; port442; port534; port544; port883; port1331,8,0.0,0444d1d2ece246b8bf863f26ef9e0444,516672397465.7856,15044471.16740546,0.0,0.0,Fredrikstad,Norway,NOR,Europe,59.18636416,10.95743329,943,217,14,372,74,266,5.37,0.57,0,2,0,1,0,0,0,6.8501261661455,5.384495062789089,5.58724865840025,2.70805020110221,2.97,7.0,2021,5,5794.535376387796
1558059,port2174,EQ,Earthquake in Indonesia,Earthquake in Indonesia,Red M 7.7 Earthquake in Indonesia at: 14 Aug 2026 21:58:21.,RED,Indonesia,2026-08-14 21:58:21+00:00,2026,2026-08-14 21:58:21+00:00,"Magnitude 7.7M, Depth:10km",-8.3101,121.3517,1786788245013,port325,1,0.0,8412a4ae40104c35a27a1a8eded3a165,32266019709.819336,636841.1357321779,0.0,7.7,Namikata,Japan,JPN,Asia & Pacific,34.1196075765848,132.935391919819,442,2,7,148,0,285,0.08,0.17,0,2,0,0,1,0,0,6.093569770045136,1.0986122886681098,5.655991810819852,2.0794415416798357,0.125,0.0,2026,8,4828.492124540175
1000818,port2451,TC,IDA-21,Tropical Cyclone IDA-21,"Red Tropical Cyclone IDA-21 in United States, Cuba from: 26 Aug 2021  to: 30 Aug 2021 .",RED,United States,2021-08-26 15:00:00+00:00,2021,2021-08-30 21:00:00+00:00,Tropical Depression (maximum wind speed of 241 km/h),32.6,-90.3,1694316376901,port126; port352; port812; port1214,4,0.0,7d9d04c6c5ac4e3bbdf68a78a0966767,394139707419.0078,3782111.256095524,241.0,0.0,Magadan,Russian Federation,RUS,Europe,59.54604767731883,150.75029466418138,164,64,8,53,0,39,2.21,0.01,0,2,1,0,0,0,0,5.10594547390058,4.174387269895637,3.6888794541139363,2.1972245773362196,1.1099999999999999,4.25,2021,8,13887.380304988816
1000966,port820,TC,KEVIN-23,Tropical Cyclone KEVIN-23,Red Tropical Cyclone KEVIN-23 in Vanuatu from: 01 Mar 2023  to: 05 Mar 2023 .,RED,Vanuatu,2023-03-01 18:00:00+00:00,2023,2023-03-05 12:00:00+00:00,Tropical Storm (maximum wind speed of 250 km/h),-27.2,-174.5,1694318806140,port669; port980,2,0.0,7f9e5a20e835400cb291e476b12c6daa,1545193755526.627,9525874.305372307,250.0,0.0,Nice,France,FRA,Europe,43.69433071,7.284023851,70,5,49,15,1,0,0.0,0.09,0,2,1,0,0,0,0,4.2626798770413155,1.791759469228055,0.0,3.912023005428146,0.045,3.75,2023,3,16576.395243945386
1000923,port898,TC,IAN-22,Tropical Cyclone IAN-22,"Red Tropical Cyclone IAN-22 in United States, Cuba from: 23 Sep 2022  to: 02 Oct 2022 .",RED,United States; Cuba,2022-09-23 09:00:00+00:00,2022,2022-10-02 03:00:00+00:00,Tropical Depression (maximum wind speed of 250 km/h),37.3,-78.2,1694318157503,port212; port231; port513; port967; port1259; port1399; port86; port704,8,0.0,a9afc86a1a4548849cb5860689dbbad7,795550443716.9697,5660938.880496826,250.0,0.0,Pepillo Salcedo (Manzanillo),Dominican Republic,DOM,North America,19.70628311,-71.74342548,22,0,11,11,0,0,2.73,0.26,0,2,1,0,0,0,0,3.1354942159291497,0.0,0.0,2.4849066497880004,1.495,8.75,2022,9,2066.169690596606
1001233,port1262,TC,KALMAEGI-25,Tropical Cyclone KALMAEGI-25,"Red Tropical Cyclone KALMAEGI-25 in Viet Nam, Cambodia, Philippines, Laos from: 01 Nov 2025  to: 06 Nov 2025 .",RED,Philippines; Vietnam,2025-11-01 06:00:00+00:00,2025,2025-11-06 12:00:00+00:00,Hurricane (maximum wind speed of 213 km/h),13.6,109.1,1762862933372,port2207; port2262; port1078; port224; port2395; port2055; port858,7,0.0,1734eb93b6ea40f4867229955debf2cf,592669057187.835,6596353.643767391,213.0,0.0,Tanah Merah,Indonesia,IDN,Asia & Pacific,-1.820176741,116.1567239,102,0,0,95,0,7,0.01,0.12,0,2,1,0,0,0,0,4.634728988229636,0.0,2.0794415416798357,0.0,0.065,5.25,2025,11,1882.191372592832
1000705,port174,TC,MAYSAK-20,Tropical Cyclone MAYSAK-20,"Red Tropical Cyclone MAYSAK-20 in Republic of Korea, Japan, Democratic Republic of Korea, China from: 28 Aug 2020  to: 02 Sep 2020 .",RED,Japan; Korea,2020-08-28 00:00:00+00:00,2020,2020-09-02 18:00:00+00:00,Hurricane/Typhoon > 74 mph (maximum wind speed of 231 km/h),35.5,129.0,1694314659620,port545; port785; port432; port715; port915; port1065; port1309; port1338,8,0.0,2e49fb9e14e147c7914103806eaa8c51,1738832135933.7012,9098031.240905829,231.0,0.0,Brisbane,Australia,AUS,Asia & Pacific,-27.40850097,153.1455832,2159,954,314,165,322,404,16.41,1.03,0,2,1,0,0,0,0,7.67786350067821,6.86171134048073,6.003887067106539,5.752572638825633,8.72,5.75,2020,8,7377.072079859921
1000784,port1321,TC,YAAS-21,Tropical Cyclone YAAS-21,Red Tropical Cyclone YAAS-21 in India from: 24 May 2021  to: 26 May 2021 .,RED,India,2021-05-24 00:00:00+00:00,2021,2021-05-26 06:00:00+00:00,Tropical Storm (maximum wind speed of 120 km/h),21.6,87.0,1694315620209,port290; port442; port883,3,0.0,f005e5328daf492b8d64437e2ea8e3f6,279610013323.5176,2292267.97352831,120.0,0.0,Tromsø,Norway,NOR,Europe,69.67410683,18.99273463,631,44,14,395,31,147,0.63,0.17,0,2,1,0,0,0,0,6.448889394146858,3.8066624897703196,4.997212273764115,2.70805020110221,0.4,2.25,2021,5,5945.668495029331
1000559,port2023,TC,KENNETH-19,Tropical Cyclone KENNETH-19,"Red Tropical Cyclone KENNETH-19 in , Mozambique, Comoros from: 23 Apr 2019  to: 25 Apr 2019 .",RED,Mozambique; Comoros,2019-04-23 00:00:00+00:00,2019,2019-04-25 18:00:00+00:00,Hurricane/Typhoon > 74 mph (maximum wind speed of 231 km/h),-12.3,40.1,1694310802591,port896; port769,2,0.0,74c5908f37dd496caedc335fc2bcf6e1,226352974513.5713,2574508.3200122174,231.0,0.0,Bantry Bay,Ireland,IRL,Europe,51.6806888202889,-9.46015800565171,0,0,0,0,0,0,0.0,0.0,0,2,1,0,0,0,0,0.0,0.0,0.0,0.0,0.0,2.75,2019,4,7878.519991843522
1548377,port690,EQ,Earthquake in Venezuela,Earthquake in Venezuela,Red M 7.5 Earthquake in Venezuela at: 24 Jun 2026 22:05:12.,RED,Venezuela,2026-06-24 22:05:12+00:00,2026,2026-06-24 22:05:12+00:00,"Magnitude 7.5M, Depth:10km",10.453,-68.5139,1784045057281,port1029; port320; port2260; port618,4,0.0,076f32f7c4174f1da910d78fedce6623,32663314903.23291,640747.6201487333,0.0,7.5,Malmö,Sweden,SWE,Europe,55.62686072,13.02682828,786,16,70,109,230,361,3.81,2.33,0,2,0,0,1,0,0,6.668228248417403,2.833213344056216,5.8916442118257715,4.2626798770413155,3.0700000000000003,0.0,2026,6,7159.298856751432
1100932,port1261,FL,Flood in China,Flood in China,Red Flood in China from: 20 Jun 2021 01 to: 30 Jul 2021 01.,RED,China,2021-06-20 01:00:00+00:00,2021,2021-07-30 01:00:00+00:00,,37.87001,112.5453,1694316074584,,0,0.0,,11130690490.484377,762082.4459309455,0.0,0.0,Taipei,Taiwan Province of China,TWN,Asia & Pacific,25.15663144,121.3807189,2782,1518,344,353,331,236,4.94,3.11,0,2,0,1,0,0,0,7.931284761525891,7.325807502595773,5.4680601411351315,5.84354441703136,4.025,40.0,2021,6,1667.1739637617236
1508467,port2057,EQ,Earthquake in Afghanistan,Earthquake in Afghanistan,Red M 6.3 Earthquake in Afghanistan at: 02 Nov 2025 20:29:02.,RED,Afghanistan,2025-11-02 20:29:02+00:00,2025,2025-11-02 20:29:02+00:00,"Magnitude 6.3M, Depth:28km",36.5894,67.4843,1762862933372,,0,0.0,,49004820736.21094,784841.2897547166,0.0,6.3,Hibikinada,Japan,JPN,Asia & Pacific,33.941937840797,130.795011704055,1603,203,192,1106,25,77,0.63,0.5,0,2,0,0,1,0,0,7.38025578842646,5.318119993844216,4.356708826689592,5.262690188904886,0.565,0.0,2025,11,5837.4333714515005
1001121,port450,TC,YINXING-24,Tropical Cyclone YINXING-24,"Red Tropical Cyclone YINXING-24 in Philippines, Viet Nam from: 03 Nov 2024  to: 12 Nov 2024 .",RED,"Philippines, Viet Nam",2024-11-03 06:00:00+00:00,2024,2024-11-12 12:00:00+00:00,Hurricane (maximum wind speed of 231 km/h),14.0,108.6,1743233631549,,0,0.0,,627567140020.3848,5914403.2540477095,231.0,0.0,Hanko,Finland,FIN,Europe,59.82011054,22.92974015,1130,122,0,62,916,30,2.26,3.16,0,2,1,0,0,0,0,7.030857476116121,4.812184355372417,3.4339872044851463,0.0,2.71,9.25,2024,11,6980.058239069014
1000916,port861,TC,FIONA-22,Tropical Cyclone FIONA-22,"Red Tropical Cyclone FIONA-22 in Canada, Turks and Caicos Islands, Dominican Republic, Puerto Rico from: 14 Sep 2022  to: 24 Sep 2022 .",RED,Montserrat; Canada; Antigua and Barbuda; Guadeloupe; St. Kitts and Nevis; United States; Dominican Republic; Turks and Caicos Islands; Puerto Rico,2022-09-14 15:00:00+00:00,2022,2022-09-24 21:00:00+00:00,Tropical Storm (maximum wind speed of 213 km/h),48.4,-60.5,1694318078129,port1245; port211; port443; port935; port1219; port51; port1055; port1147; port122; port232; port164; port913; port414; port1025; port910; port922; port1221,17,0.0,9ccdff1760bb46af903ec5b39378a058,3331680947058.3047,13796058.932976147,213.0,0.0,Ortona,Italy,ITA,Europe,42.35331653,14.41338054,169,4,31,92,3,39,0.14,0.07,0,2,1,0,0,0,0,5.135798437050262,1.6094379124341003,3.6888794541139363,3.4657359027997265,0.10500000000000001,10.25,2022,9,6181.652439983014
1498339,port2284,EQ,Earthquake in Afghanistan,Earthquake in Afghanistan,Red M 6 Earthquake in Afghanistan at: 31 Aug 2025 19:17:34.,RED,Afghanistan,2025-08-31 19:17:34+00:00,2025,2025-08-31 19:17:34+00:00,"Magnitude 6M, Depth:8km",34.7061,70.7934,1759773980096,,0,0.0,,46748743487.2832,766552.3883370857,0.0,6.0,Jeju,Korea,KOR,Asia & Pacific,33.52425331533851,126.544232261988,301,0,0,48,125,128,0.03,0.06,0,2,0,0,1,0,0,5.71042701737487,0.0,4.859812404361672,0.0,0.045,0.0,2025,8,5160.592362978811
1000561,port2123,TC,FANI-19,Tropical Cyclone FANI-19,"Red Tropical Cyclone FANI-19 in , India, Bangladesh, Bhutan from: 27 Apr 2019  to: 03 May 2019 .",RED,India,2019-04-27 00:00:00+00:00,2019,2019-05-03 12:00:00+00:00,Hurricane/Typhoon > 74 mph (maximum wind speed of 250 km/h),21.3,86.2,1694310887323,port290; port883,2,0.0,7a4e3ee5892f497a996870d3e0e6f414,560020159936.9023,4851355.971460343,250.0,0.0,Pula,Croatia,HRV,Europe,44.8741700251469,13.8392530036061,32,2,3,27,0,0,0.48,1.03,0,2,1,0,0,0,0,3.4965075614664802,1.0986122886681098,0.0,1.3862943611198906,0.755,6.5,2019,4,6264.649136253666
1012873,port2136,DR,India and Sri Lanka-2019,"Drought in India, Sri Lanka","Red Drought in India, Sri Lanka from: 21 Dec 2018  to: 26 Aug 2019 .",RED,India; Sri Lanka,2018-12-21 00:00:00+00:00,2018,2019-08-26 13:37:00+00:00,Severe impact for agricultural drought in 85408 km2,8.828,79.198,1694311782990,port1331; port1319,2,0.0,,88052703825.3999,2608863.2322916104,0.0,0.0,Berre,France,FRA,Europe,43.4568801912925,5.14852279621845,47,0,0,0,0,47,0.03,0.08,0,2,0,0,0,1,0,3.871201010907891,0.0,3.871201010907891,0.0,0.055,248.5673611111111,2018,12,7097.432568825326
1001151,port296,TC,GARANCE-25,Tropical Cyclone GARANCE-25,Red Tropical Cyclone GARANCE-25 in La Reunion from: 25 Feb 2025  to: 02 Mar 2025 .,RED,Réunion,2025-02-25 00:00:00+00:00,2025,2025-03-02 00:00:00+00:00,Hurricane (maximum wind speed of 201 km/h),-32.41,56.82,1743233631549,port950,1,0.0,bc0945c0bec84ace9d88e4b1d78d3382,567161975542.9766,7632557.145636045,201.0,0.0,Djupviken,Norway,NOR,Europe,63.75286522,11.30506543,412,94,26,248,4,40,1.25,0.6,0,2,1,0,0,0,0,6.023447592961033,4.553876891600541,3.713572066704308,3.295836866004329,0.925,5.0,2025,2,10905.410321838499
1000923,port504,TC,IAN-22,Tropical Cyclone IAN-22,"Red Tropical Cyclone IAN-22 in United States, Cuba from: 23 Sep 2022  to: 02 Oct 2022 .",RED,United States; Cuba,2022-09-23 09:00:00+00:00,2022,2022-10-02 03:00:00+00:00,Tropical Depression (maximum wind speed of 250 km/h),37.3,-78.2,1694318157503,port212; port231; port513; port967; port1259; port1399; port86; port704,8,0.0,a9afc86a1a4548849cb5860689dbbad7,795550443716.9697,5660938.880496826,250.0,0.0,Istanbul,Türkiye,TUR,Europe,40.96999344,28.73553234,9107,267,1028,5405,41,2366,6.17,15.49,0,2,1,0,0,0,0,9.11690842718363,5.5909869805108565,7.769378609513984,6.9363427358340495,10.83,8.75,2022,9,8971.615513141827
1390643,fso113,EQ,Earthquake in Morocco,Earthquake in Morocco,Red M 6.8 Earthquake in Morocco at: 08 Sep 2023 22:11:02.,RED,Morocco,2023-09-08 22:11:02+00:00,2023,2023-09-08 22:11:02+00:00,"Magnitude 6.8M, Depth:26.321km",31.07,-8.3815,1698455547761,,0,0.0,,43056777153.94678,735654.9781776896,0.0,6.8,Malaysia - Offshore Oil Terminal 16,Malaysia,MYS,Asia & Pacific,1.2900000000000007,103.40100000000008,315,2,6,1,0,306,1.56,1.95,0,2,0,0,1,0,0,5.755742213586912,1.0986122886681098,5.726847747587197,1.9459101490553132,1.755,0.0,2023,9,12837.591603481244
1100113,port43,FL,Flood in China,Flood in China,Red Flood in China from: 31 Jul 2019 00 to: 20 Aug 2019 00.,RED,China,2019-07-31 00:00:00+00:00,2019,2019-08-20 00:00:00+00:00,,30.6692,104.1219,1694311749132,,0,0.0,,5605930223.777344,475239.8567653723,0.0,0.0,Amirabad Port,Iran,IRN,Asia & Pacific,36.85068189,53.36527113,501,0,0,487,1,13,1.22,0.32,0,2,0,1,0,0,0,6.218600119691729,0.0,2.6390573296152584,0.0,0.77,20.0,2019,7,4560.237100889625
1001279,port453,TC,BAVI-26,Tropical Cyclone BAVI-26,"Red Tropical Cyclone BAVI-26 in Guam, Northern Mariana Islands, Japan, Taiwan, China from: 01 Jul 2026  to: 11 Jul 2026 .",RED,Guam; Taiwan Province of China; Northern Mariana Islands; Japan; China,2026-07-01 00:00:00+00:00,2026,2026-07-11 18:00:00+00:00,Hurricane (maximum wind speed of 287 km/h),28.7,120.4,1784137096489,port2180; port2173; port1427; port2421; port482; port2424; port2177; port2415; port1300; port61; port2040; port2504; port2422; port824; port2230; port2413; port2505; port2021; port238; port370; port2414; port1429; port2304; port1390; port1113; port2502; port2027; port2423; port2111; port2491; port2497; port1126; port2426; port1261; port438; port1403; port2302,37,0.0,e1706849ab254c9f92db48f4761a8924,3004119385032.9414,12128199.78940675,287.0,0.0,Harbor Yeweiju,China,CHN,Asia & Pacific,38.0891947,118.9452626,1252,0,3,37,0,1212,0.04,0.15,0,2,1,0,0,0,0,7.133295954896068,0.0,7.10085190894405,1.3862943611198906,0.095,10.75,2026,7,1049.920916028121
1012728,port1375,DR,Zambezi Basin-2018,"Drought in Angola, Botswana, Mozambique, Namibia, Zambia, Zimbabwe","Red Drought in Angola, Botswana, Mozambique, Namibia, Zambia, Zimbabwe from: 21 Oct 2018  to: 24 Mar 2020 .",RED,"Angola, Botswana, Mozambique, Namibia, Zambia, Zimbabwe",2018-10-21 00:00:00+00:00,2018,2020-03-24 16:37:00+00:00,Severe impact for agricultural drought in 150282 km2,-19.807,26.836,1694312724559,,0,0.0,,170694014586.54883,4273813.772842953,0.0,0.0,Vung Tau,Vietnam,VNM,Asia & Pacific,10.39088089,107.0917354,365,10,25,147,0,183,0.47,0.37,0,2,0,0,0,1,0,5.902633333401366,2.3978952727983707,5.214935757608986,3.258096538021482,0.42,520.6923611111112,2018,10,9381.54611657687
1365556,port916,EQ,Earthquake in Ecuador,Earthquake in Ecuador,Red M 6.8 Earthquake in Ecuador at: 18 Mar 2023 17:12:53.,RED,Ecuador,2023-03-18 17:12:53+00:00,2023,2023-03-18 17:12:53+00:00,"Magnitude 6.8M, Depth:66.421km",-2.8273,-79.8628,1694318875928,port426; port1028,2,0.0,ef13e43c3ddc4b3498c190570259f5b7,31671258732.4856,630947.1176096611,0.0,6.8,Point Fortin,Trinidad and Tobago,TTO,North America,10.18175591,-61.6896661,136,0,0,0,0,136,0.0,11.94,0,2,0,0,1,0,0,4.919980925828125,0.0,4.919980925828125,0.0,5.97,0.0,2023,3,2455.02854208563
1000814,fso171,TC,GRACE-21,Tropical Cyclone GRACE-21,Red Tropical Cyclone GRACE-21 in Mexico from: 13 Aug 2021  to: 21 Aug 2021 .,RED,Mexico; Cayman Islands,2021-08-13 15:00:00+00:00,2021,2021-08-21 21:00:00+00:00,Tropical Depression (maximum wind speed of 194 km/h),19.6,-100.1,1694316291193,port1144; port1332; port389,3,0.0,121eef70bd7e4584a988fa9198fa31db,480482637423.72754,5295598.848609343,194.0,0.0,United Kingdom - Offshore Oil Terminal 3,United Kingdom,GBR,Europe,58.10100000000002,-1.4380000000000004,4,0,0,0,0,4,0.0,0.21,0,2,1,0,0,0,0,1.6094379124341003,0.0,1.6094379124341003,0.0,0.105,8.25,2021,8,7193.9807369626005
1000970,port63,TC,MOCHA-23,Tropical Cyclone MOCHA-23,Red Tropical Cyclone MOCHA-23 in Myanmar from: 11 May 2023  to: 14 May 2023 .,RED,Myanmar,2023-05-11 00:00:00+00:00,2023,2023-05-14 12:00:00+00:00,Hurricane/Typhoon > 74 mph (maximum wind speed of 259 km/h),20.8,93.1,1694319041758,port961,1,0.0,14fa1161bedc426888263e54f9c2e255,477790409195.9639,4284932.731565202,259.0,0.0,Arawak,Barbados,BRB,North America,13.28676153,-59.64823157,36,1,18,17,0,0,1.97,23.92,0,2,1,0,0,0,0,3.6109179126442243,0.6931471805599453,0.0,2.9444389791664403,12.945,3.5,2023,5,16522.261779588785
10000004,fso107,OT,HORMUZ-26,Trade Disruptions in the Strait of Hormuz,Trade Disruptions in the Strait of Hormuz from: 01 Mar 2026  to: - .,RED,,2026-03-01 00:00:00+00:00,2019,2026-03-01 00:00:00+00:00,,26.29685,56.85985,1772323200000,chokepoint6,1,0.0,cc317ba850e34c4dadbead6f7b336fb1,17207899494.691406,591676.7546214922,0.0,0.0,Malaysia - Offshore Oil Terminal 10,Malaysia,MYS,Asia & Pacific,3.538,112.81500000000004,7,0,0,0,0,7,0.0,0.16,0,2,0,0,0,0,1,2.0794415416798357,0.0,2.0794415416798357,0.0,0.08,0.0,2026,3,6694.156569102056
1000966,port321,TC,KEVIN-23,Tropical Cyclone KEVIN-23,Red Tropical Cyclone KEVIN-23 in Vanuatu from: 01 Mar 2023  to: 05 Mar 2023 .,RED,Vanuatu,2023-03-01 18:00:00+00:00,2023,2023-03-05 12:00:00+00:00,Tropical Storm (maximum wind speed of 250 km/h),-27.2,-174.5,1694318806140,port669; port980,2,0.0,7f9e5a20e835400cb291e476b12c6daa,1545193755526.627,9525874.305372307,250.0,0.0,Al Adabiyah,Egypt,EGY,Africa,29.90416291,32.46211563,475,41,90,172,13,159,3.02,3.48,0,2,1,0,0,0,0,6.16541785423142,3.7376696182833684,5.075173815233827,4.51085950651685,3.25,3.75,2023,3,20898.63852100036
1394961,port529,EQ,Earthquake in Afghanistan,Earthquake in Afghanistan,Red M 5.9 Earthquake in Afghanistan at: 07 Oct 2023 07:40:29.,RED,Afghanistan,2023-10-07 07:40:29+00:00,2023,2023-10-07 07:40:29+00:00,"Magnitude 5.9M, Depth:7.726km",34.6391,62.0327,1698455547761,,0,0.0,,46672663443.21484,765923.6129193567,0.0,5.9,Kakinada,India,IND,Asia & Pacific,16.98707395,82.27189263,741,32,412,96,0,201,2.43,3.09,0,2,0,0,1,0,0,6.60934924316738,3.4965075614664802,5.308267697401205,6.023447592961033,2.76,0.0,2023,10,2907.8088592374856
1000666,port788,TC,VONGFONG-20,Tropical Cyclone VONGFONG-20,Red Tropical Cyclone VONGFONG-20 in Philippines from: 11 May 2020  to: 16 May 2020 .,RED,Philippines,2020-05-11 18:00:00+00:00,2020,2020-05-16 06:00:00+00:00,Tropical Depression (maximum wind speed of 194 km/h),19.3,120.5,1694314305944,,0,0.0,,128064151889.94922,2559326.3640265325,194.0,0.0,Namibe,Angola,AGO,Africa,-15.15855926,12.13506095,146,38,2,22,0,84,3.32,2.3,0,2,1,0,0,0,0,4.990432586778736,3.6635616461296463,4.442651256490317,1.0986122886681098,2.8099999999999996,4.5,2020,5,12223.81508244465
1458084,port694,EQ,Earthquake in Vanuatu,Earthquake in Vanuatu,Red M 7.3 Earthquake in Vanuatu at: 17 Dec 2024 01:47:25.,RED,Vanuatu,2024-12-17 01:47:25+00:00,2024,2024-12-17 01:47:25+00:00,"Magnitude 7.3M, Depth:57.094km",-17.6859,168.0338,1743233631549,port980,1,0.0,d9f1cd11bcad466f9ce50f174bc4a4d9,34805342363.78125,661419.83052175,0.0,7.3,Manila,Philippines,PHL,Asia & Pacific,14.59160879,120.8723998,8297,2689,1065,2553,127,1863,50.73,49.87,0,2,0,0,1,0,0,9.023769800892813,7.897296472595885,7.530479995245536,6.97166860472579,50.3,0.0,2024,12,6204.960471947677
1001101,port1207,TC,HELENE-24,Tropical Cyclone HELENE-24,"Red Tropical Cyclone HELENE-24 in United States, Mexico, Belize from: 23 Sep 2024  to: 27 Sep 2024 .",RED,Mexico; United States,2024-09-23 15:00:00+00:00,2024,2024-09-27 21:00:00+00:00,Hurricane (maximum wind speed of 222 km/h),37.5,-85.5,1728469086877,port879; port1144,2,0.0,42ada76f830c4cb58821d311383c4da0,692109064449.9551,4910254.54021647,222.0,0.0,Skutskär,Sweden,SWE,Europe,60.64852582,17.39737787,112,6,0,84,0,22,0.58,0.12,0,2,1,0,0,0,0,4.727387818712341,1.9459101490553132,3.1354942159291497,0.0,0.35,4.25,2024,9,6159.971678912761
1001111,port1170,TC,MILTON-24,Tropical Cyclone MILTON-24,"Red Tropical Cyclone MILTON-24 in Mexico, United States from: 05 Oct 2024  to: 09 Oct 2024 .",RED,Mexico; United States,2024-10-05 15:00:00+00:00,2024,2024-10-09 09:00:00+00:00,Hurricane (maximum wind speed of 287 km/h),24.5,-85.4,1728469086877,port212; port876; port967; port1259; port1023,5,0.0,6c5f734acb3a49209d1efa314fad3b08,821112466236.6816,6859035.563660279,287.0,0.0,Savannah,United States,USA,North America,32.10402454,-81.10052022,2274,1603,201,127,89,254,5.4,2.36,0,2,1,0,0,0,0,7.729735331385051,7.38025578842646,5.541263545158426,5.308267697401205,3.88,3.75,2024,10,935.8657532861765
1000552,port2440,TC,IDAI-19,Tropical Cyclone IDAI-19,"Red Tropical Cyclone IDAI-19 in Mozambique, Zimbabwe, Miscellaneous (French) Indian Ocean Islands from: 09 Mar 2019  to: 15 Mar 2019 .",RED,Mozambique,2019-03-09 06:00:00+00:00,2019,2019-03-15 00:00:00+00:00,Hurricane/Typhoon > 74 mph (maximum wind speed of 194 km/h),-19.6,34.8,1694310439405,port137,1,0.0,3aa1164d42fb42e99f8ed581b6ecd4d1,350000681982.3291,3223229.700239708,194.0,0.0,Fall River,United States,USA,North America,41.70433076269749,-71.17279858184477,18,9,4,1,0,4,0.01,0.01,0,2,1,0,0,0,0,2.9444389791664403,2.302585092994046,1.6094379124341003,1.6094379124341003,0.01,5.75,2019,3,11109.919139395024
1000673,port1090,TC,NISARGA-20,Tropical Cyclone NISARGA-20,Red Tropical Cyclone NISARGA-20 in India from: 02 Jun 2020  to: 03 Jun 2020 .,RED,India,2020-06-02 18:00:00+00:00,2020,2020-06-03 12:00:00+00:00,Hurricane/Typhoon > 74 mph (maximum wind speed of 139 km/h),19.1,73.7,1694314372002,port511; port776,2,0.0,91c5a35ee6804b94a39c91c93021bfe1,116925429196.29688,1668600.0514449673,139.0,0.0,Ras Laffan,Qatar,QAT,Asia & Pacific,25.90850676,51.59049926,1790,8,80,63,5,1634,0.54,80.37,0,2,1,0,0,0,0,7.490529402060711,2.1972245773362196,7.399398083331354,4.394449154672439,40.455000000000005,0.75,2020,6,2333.2771072415185
1000705,fso124,TC,MAYSAK-20,Tropical Cyclone MAYSAK-20,"Red Tropical Cyclone MAYSAK-20 in Republic of Korea, Japan, Democratic Republic of Korea, China from: 28 Aug 2020  to: 02 Sep 2020 .",RED,Japan; Korea,2020-08-28 00:00:00+00:00,2020,2020-09-02 18:00:00+00:00,Hurricane/Typhoon > 74 mph (maximum wind speed of 231 km/h),35.5,129.0,1694314659620,port545; port785; port432; port715; port915; port1065; port1309; port1338,8,0.0,2e49fb9e14e147c7914103806eaa8c51,1738832135933.7012,9098031.240905829,231.0,0.0,Mauritania - Offshore Oil Terminal 1,Mauritania,MRT,Africa,16.068000000000005,-16.883,0,0,0,0,0,0,0.0,0.29,0,2,1,0,0,0,0,0.0,0.0,0.0,0.0,0.145,5.75,2020,8,15709.199663104295
10000003,port2285,OT,US PORTS STRIKE,US Ports Strike,"Labor strike affecting many ports across the US East and Gulf Coasts, as well as the Port of Montreal in Canada",RED,,2024-10-01 00:00:00+00:00,2024,2024-10-02 22:00:00+00:00,,29.77081,-95.35517,1727962353164,port812; port815; port826; port103; port901; port159; port513; port736; port754; port1170; port1259; port1398; port231; port481; port766; port2066; port951,17,0.0,9e9f1ca4abad4948af5caed716c137f3,2173469.48828125,6906.2243711354695,0.0,0.0,Seogwipo,Korea,KOR,Asia & Pacific,33.23884278231272,126.56558045670108,11,0,0,10,1,0,0.0,0.0,0,2,0,0,0,0,1,2.4849066497880004,0.0,0.0,0.0,0.0,1.9166666666666667,2024,10,20606.632518859813
1000923,port266,TC,IAN-22,Tropical Cyclone IAN-22,"Red Tropical Cyclone IAN-22 in United States, Cuba from: 23 Sep 2022  to: 02 Oct 2022 .",RED,United States; Cuba,2022-09-23 09:00:00+00:00,2022,2022-10-02 03:00:00+00:00,Tropical Depression (maximum wind speed of 250 km/h),37.3,-78.2,1694318157503,port212; port231; port513; port967; port1259; port1399; port86; port704,8,0.0,a9afc86a1a4548849cb5860689dbbad7,795550443716.9697,5660938.880496826,250.0,0.0,Covenas Offshore Term.,Colombia,COL,South America,9.404219878,-75.69862757,207,0,0,0,0,207,0.0,24.83,0,2,1,0,0,0,0,5.337538079701318,0.0,5.337538079701318,0.0,12.415,8.75,2022,9,3108.5239550142906
1001028,port2160,TC,OTIS-23,Tropical Cyclone OTIS-23,Red Tropical Cyclone OTIS-23 in Mexico from: 22 Oct 2023  to: 25 Oct 2023 .,RED,Mexico,2023-10-22 15:00:00+00:00,2023,2023-10-25 21:00:00+00:00,Tropical Depression (maximum wind speed of 259 km/h),19.1,-100.8,1698455547761,port7,1,0.0,b2af87430d8340f29465e5075633c14a,83209950822.40918,1505916.18134488,259.0,0.0,Bula,Indonesia,IDN,Asia & Pacific,-3.10101745349884,130.504710648562,40,0,0,0,0,40,0.02,0.0,0,2,1,0,0,0,0,3.713572066704308,0.0,3.713572066704308,0.0,0.01,3.25,2023,10,25755.393060595015
1001131,port1416,TC,CHIDO-25,Tropical Cyclone CHIDO-25,"Red Tropical Cyclone CHIDO-25 in Mozambique, Miscellaneous (French) Indian Ocean Islands, Madagascar, Comoros, Mayotte from: 09 Dec 2024  to: 16 Dec 2024 .",RED,Mozambique; Mayotte,2024-12-09 18:00:00+00:00,2024,2024-12-16 12:00:00+00:00,Hurricane (maximum wind speed of 243 km/h),-16.55,33.77,1743233631549,port982; port896,2,0.0,0461e32d3a3a496db34c0fcb4f802442,340251863450.24414,5630351.734478647,243.0,0.0,Yokkaichi,Japan,JPN,Asia & Pacific,34.97134904,136.6563083,7678,666,365,479,273,5895,1.52,2.18,0,2,1,0,0,0,0,8.946244609330543,6.502790045915623,8.682029433869172,5.902633333401366,1.85,6.75,2024,12,10967.373957297772
1406601,port335,EQ,Earthquake in China,Earthquake in China,Red M 6 Earthquake in China at: 18 Dec 2023 15:59:30.,RED,China,2023-12-18 15:59:30+00:00,2023,2023-12-18 15:59:30+00:00,"Magnitude 6M, Depth:10km",35.7339,102.8364,1702917683204,,0,0.0,,47945694506.078125,776304.0424805713,0.0,6.0,Falkenberg,Sweden,SWE,Europe,56.89932293,12.46702899,236,17,5,179,2,33,0.35,0.47,0,2,0,0,1,0,0,5.4680601411351315,2.8903717578961645,3.5263605246161616,1.791759469228055,0.41,0.0,2023,12,5960.579947703687
1000023,port2336,VO,Eruption  Nyiragongo,Eruption  Nyiragongo,Red Eruption Nyiragongo in Democratic Republic of Congo at: 04 Jun 2021 00:00.,RED,Democratic Republic of Congo,2021-05-23 00:00:00+00:00,2021,2021-06-04 00:00:00+00:00,,-1.52,29.25,1694315728789,,0,0.0,,31610039747.029297,630337.8738847916,0.0,0.0,Saigo,Japan,JPN,Asia & Pacific,36.205489350938514,133.33775086771973,41,0,8,0,0,33,0.0,0.0,0,2,0,0,0,0,0,3.7376696182833684,0.0,3.5263605246161616,2.1972245773362196,0.0,12.0,2021,5,10220.038323512494
1000772,port2269,TC,NIRAN-21,Tropical Cyclone NIRAN-21,"Red Tropical Cyclone NIRAN-21 in New Caledonia, Australia, Norfolk Island, Vanuatu from: 01 Mar 2021  to: 07 Mar 2021 .",RED,New Caledonia,2021-03-01 00:00:00+00:00,2021,2021-03-07 00:00:00+00:00,Tropical Storm (maximum wind speed of 259 km/h),-27.3,175.7,1694315362678,port94; port97; port403; port806; port832; port870; port1372,7,0.0,916961bee1694b1cb56ee0bb197b6070,1589004873948.5508,7945752.333322555,259.0,0.0,Fairport,United States,USA,North America,41.75558735992676,-81.27480005594211,72,0,72,0,0,0,0.05,0.04,0,2,1,0,0,0,0,4.290459441148391,0.0,0.0,4.290459441148391,0.045,6.0,2021,3,22617.335085778734
1357560,port472,EQ,Earthquake in Türkiye,Earthquake in Türkiye,Red M 7.5 Earthquake in Türkiye at: 06 Feb 2023 10:24:49.,RED,Türkiye,2023-02-06 10:24:49+00:00,2023,2023-02-06 10:24:49+00:00,"Magnitude 7.5M, Depth:10km",38.0235,37.203,1694318563269,,0,0.0,,50911375887.10156,799954.1583432151,0.0,7.5,Himekawa,Japan,JPN,Asia & Pacific,37.03543689,137.8443843,561,0,285,245,0,31,0.08,0.3,0,2,0,0,1,0,0,6.331501849893691,0.0,3.4657359027997265,5.655991810819852,0.19,0.0,2023,2,8918.226540860678
1100977,port1319,FL,Flood in India,Flood in India,Red Flood in India from: 24 Jul 2021 01 to: 01 Oct 2021 01.,RED,India,2021-07-24 01:00:00+00:00,2021,2021-10-01 01:00:00+00:00,,31.23957,77.7198,1694316685662,,0,0.0,,7009983312.982422,636443.8624266385,0.0,0.0,Trincomalee,Sri Lanka,LKA,Asia & Pacific,8.562149056,81.1988085,113,0,66,20,2,25,10.74,2.65,0,2,0,1,0,0,0,4.736198448394496,0.0,3.258096538021482,4.204692619390966,6.695,69.0,2021,7,2545.9940959378982
1001126,port157,TC,USAGI-24,Tropical Cyclone USAGI-24,"Red Tropical Cyclone USAGI-24 in Philippines, Taiwan from: 11 Nov 2024  to: 16 Nov 2024 .",RED,"Philippines, Taiwan",2024-11-11 00:00:00+00:00,2024,2024-11-16 06:00:00+00:00,Hurricane (maximum wind speed of 241 km/h),22.2,120.6,1743233631549,,0,0.0,,267239678935.08984,3815714.419036118,241.0,0.0,Bossaso,Somalia,SOM,Africa,11.2906123,49.18112783,81,1,6,61,0,13,6.74,13.23,0,2,1,0,0,0,0,4.406719247264253,0.6931471805599453,2.6390573296152584,1.9459101490553132,9.985,5.25,2024,11,7867.81904128278
1001233,port2416,TC,KALMAEGI-25,Tropical Cyclone KALMAEGI-25,"Red Tropical Cyclone KALMAEGI-25 in Viet Nam, Cambodia, Philippines, Laos from: 01 Nov 2025  to: 06 Nov 2025 .",RED,Philippines; Vietnam,2025-11-01 06:00:00+00:00,2025,2025-11-06 12:00:00+00:00,Hurricane (maximum wind speed of 213 km/h),13.6,109.1,1762862933372,port2207; port2262; port1078; port224; port2395; port2055; port858,7,0.0,1734eb93b6ea40f4867229955debf2cf,592669057187.835,6596353.643767391,213.0,0.0,Iquitos,Peru,PER,South America,-3.726086915393308,-73.24102943580486,0,0,0,0,0,0,0.0,0.0,0,2,1,0,0,0,0,0.0,0.0,0.0,0.0,0.0,5.25,2025,11,20288.428091755628
1001124,port1282,TC,MAN-YI-24,Tropical Cyclone MAN-YI-24,"Red Tropical Cyclone MAN-YI-24 in Philippines, China, Guam from: 09 Nov 2024  to: 19 Nov 2024 .",RED,"Philippines, China, Guam",2024-11-09 00:00:00+00:00,2024,2024-11-19 12:00:00+00:00,Hurricane (maximum wind speed of 259 km/h),18.1,112.1,1743233631549,,0,0.0,,727868031313.7637,6211787.382655528,259.0,0.0,Tema,Ghana,GHA,Africa,5.626168215,0.000789623,1397,814,298,79,59,147,81.96,20.42,0,2,1,0,0,0,0,7.242797922793756,6.703188113240863,4.997212273764115,5.700443573390687,51.19,10.5,2024,11,12460.238803188842
1000023,port1408,VO,Eruption  Nyiragongo,Eruption  Nyiragongo,Red Eruption Nyiragongo in Democratic Republic of Congo at: 04 Jun 2021 00:00.,RED,Democratic Republic of Congo,2021-05-23 00:00:00+00:00,2021,2021-06-04 00:00:00+00:00,,-1.52,29.25,1694315728789,,0,0.0,,31610039747.029297,630337.8738847916,0.0,0.0,Yanbu (Yanbu city),Saudi Arabia,SAU,Asia & Pacific,24.07715154,38.07030618,165,0,92,41,2,30,2.19,0.4,0,2,0,0,0,0,0,5.111987788356544,0.0,3.4339872044851463,4.532599493153256,1.295,12.0,2021,5,2978.574023569009
1100273,port760,FL,Flood in Bangladesh,"Flood in Bangladesh, India","Red Flood in Bangladesh, India from: 09 Nov 2019 00 to: 12 Nov 2019 00.",RED,Bangladesh; India,2019-11-09 00:00:00+00:00,2019,2019-11-12 00:00:00+00:00,,22.70099,90.35384,1694312166030,port207; port290; port442; port883; port241; port289; port759; port890,8,0.0,a57b043b47634cbd91006db4600147e7,463957499990.5293,12534138.639033608,0.0,0.0,Mongstad,Norway,NOR,Europe,60.82173558,5.044241787,1903,37,39,611,6,1210,1.08,38.78,0,2,0,1,0,0,0,7.55171221535131,3.6375861597263857,7.099201743553092,3.6888794541139363,19.93,3.0,2019,11,6262.3980120280785
1508467,port240,EQ,Earthquake in Afghanistan,Earthquake in Afghanistan,Red M 6.3 Earthquake in Afghanistan at: 02 Nov 2025 20:29:02.,RED,Afghanistan,2025-11-02 20:29:02+00:00,2025,2025-11-02 20:29:02+00:00,"Magnitude 6.3M, Depth:28km",36.5894,67.4843,1762862933372,,0,0.0,,49004820736.21094,784841.2897547166,0.0,6.3,Chiriquí Grande,Panama,PAN,North America,8.954239787,-82.12102129,109,0,0,0,0,109,11.74,0.0,0,2,0,0,1,0,0,4.700480365792417,0.0,4.700480365792417,0.0,5.87,0.0,2025,11,16688.156575841233
1100273,port167,FL,Flood in Bangladesh,"Flood in Bangladesh, India","Red Flood in Bangladesh, India from: 09 Nov 2019 00 to: 12 Nov 2019 00.",RED,Bangladesh; India,2019-11-09 00:00:00+00:00,2019,2019-11-12 00:00:00+00:00,,22.70099,90.35384,1694312166030,port207; port290; port442; port883; port241; port289; port759; port890,8,0.0,a57b043b47634cbd91006db4600147e7,463957499990.5293,12534138.639033608,0.0,0.0,Bremen,Germany,DEU,Europe,53.09476546,8.777095691,1106,66,136,704,56,144,2.11,1.66,0,2,0,1,0,0,0,7.009408932708637,4.204692619390966,4.976733742420574,4.919980925828125,1.8849999999999998,3.0,2019,11,6399.068548031889
1548377,port2416,EQ,Earthquake in Venezuela,Earthquake in Venezuela,Red M 7.5 Earthquake in Venezuela at: 24 Jun 2026 22:05:12.,RED,Venezuela,2026-06-24 22:05:12+00:00,2026,2026-06-24 22:05:12+00:00,"Magnitude 7.5M, Depth:10km",10.453,-68.5139,1784045057281,port1029; port320; port2260; port618,4,0.0,076f32f7c4174f1da910d78fedce6623,32663314903.23291,640747.6201487333,0.0,7.5,Iquitos,Peru,PER,South America,-3.726086915393308,-73.24102943580486,0,0,0,0,0,0,0.0,0.0,0,2,0,0,1,0,0,0.0,0.0,0.0,0.0,0.0,0.0,2026,6,1658.690223794058
1000784,port1047,TC,YAAS-21,Tropical Cyclone YAAS-21,Red Tropical Cyclone YAAS-21 in India from: 24 May 2021  to: 26 May 2021 .,RED,India,2021-05-24 00:00:00+00:00,2021,2021-05-26 06:00:00+00:00,Tropical Storm (maximum wind speed of 120 km/h),21.6,87.0,1694315620209,port290; port442; port883,3,0.0,f005e5328daf492b8d64437e2ea8e3f6,279610013323.5176,2292267.97352831,120.0,0.0,Ilo,Peru,PER,South America,-17.61873151,-71.35768762,280,35,50,29,0,166,1.98,3.97,0,2,1,0,0,0,0,5.638354669333745,3.58351893845611,5.117993812416755,3.9318256327243257,2.975,2.25,2021,5,17309.522029668744
1000972,port785,TC,MAWAR-23,Tropical Cyclone MAWAR-23,Red Tropical Cyclone MAWAR-23 in Guam from: 20 May 2023  to: 03 Jun 2023 .,RED,Guam; Northern Mariana Islands,2023-05-20 00:00:00+00:00,2023,2023-06-03 00:00:00+00:00,Tropical Storm (maximum wind speed of 296 km/h),30.7,138.1,1694319152977,port61; port1113,2,0.0,fe349de1f71843cca826c88a9a5396c0,1696969700479.611,9505783.434634589,296.0,0.0,Nagasaki,Japan,JPN,Asia & Pacific,32.71445214,129.840702,1057,62,177,438,0,380,0.1,0.08,0,2,1,0,0,0,0,6.964135612418245,4.143134726391533,5.942799375126701,5.181783550292085,0.09,14.0,2023,5,803.1130251868711
1269679,port537,EQ,Earthquake in China,Earthquake in China,Red M 6.1 Earthquake in China at: 21 May 2021 13:48:37.,RED,China,2021-05-21 13:48:37+00:00,2021,2021-05-21 13:48:37+00:00,"Magnitude 6.1M, Depth:10km",25.7614,100.0076,1694315573198,,0,0.0,,38950852849.05469,699708.9407092759,0.0,6.1,Kanazawa,Japan,JPN,Asia & Pacific,36.61653903,136.6143047,888,219,80,100,62,427,0.15,0.05,0,2,0,0,1,0,0,6.790097235513905,5.393627546352362,6.059123195581797,4.394449154672439,0.1,0.0,2021,5,3476.883894095326
1558059,port2168,EQ,Earthquake in Indonesia,Earthquake in Indonesia,Red M 7.7 Earthquake in Indonesia at: 14 Aug 2026 21:58:21.,RED,Indonesia,2026-08-14 21:58:21+00:00,2026,2026-08-14 21:58:21+00:00,"Magnitude 7.7M, Depth:10km",-8.3101,121.3517,1786788245013,port325,1,0.0,8412a4ae40104c35a27a1a8eded3a165,32266019709.819336,636841.1357321779,0.0,7.7,Falconara,Italy,ITA,Europe,43.6427024844064,13.3868650013902,66,0,0,0,0,66,0.03,0.0,0,2,0,0,1,0,0,4.204692619390966,0.0,4.204692619390966,0.0,0.015,0.0,2026,8,10414.690214507802
1458084,port2310,EQ,Earthquake in Vanuatu,Earthquake in Vanuatu,Red M 7.3 Earthquake in Vanuatu at: 17 Dec 2024 01:47:25.,RED,Vanuatu,2024-12-17 01:47:25+00:00,2024,2024-12-17 01:47:25+00:00,"Magnitude 7.3M, Depth:57.094km",-17.6859,168.0338,1743233631549,port980,1,0.0,d9f1cd11bcad466f9ce50f174bc4a4d9,34805342363.78125,661419.83052175,0.0,7.3,Xishengxu,China,CHN,Asia & Pacific,32.17397181622414,118.87603849915324,1013,8,731,59,0,215,0.52,0.08,0,2,0,0,1,0,0,6.921658184151129,2.1972245773362196,5.375278407684165,6.595780513961311,0.3,0.0,2024,12,7208.425657645711
10000004,port1118,OT,HORMUZ-26,Trade Disruptions in the Strait of Hormuz,Trade Disruptions in the Strait of Hormuz from: 01 Mar 2026  to: - .,RED,,2026-03-01 00:00:00+00:00,2019,2026-03-01 00:00:00+00:00,,26.29685,56.85985,1772323200000,chokepoint6,1,0.0,cc317ba850e34c4dadbead6f7b336fb1,17207899494.691406,591676.7546214922,0.0,0.0,Safi,Morocco,MAR,Africa,32.308167,-9.246595804,430,22,142,121,0,145,1.66,4.56,0,2,0,0,0,0,1,6.066108090103747,3.1354942159291497,4.983606621708336,4.962844630259907,3.11,0.0,2026,3,6237.608318566171
1001214,port1405,TC,BUALOI-25,Tropical Cyclone BUALOI-25,"Red Tropical Cyclone BUALOI-25 in Viet Nam, Philippines, Laos from: 23 Sep 2025  to: 28 Sep 2025 .",RED,Vietnam,2025-09-23 12:00:00+00:00,2025,2025-09-28 18:00:00+00:00,Hurricane (maximum wind speed of 148 km/h),18.2,106.2,1759774040248,port269; port819; port2405,3,0.0,4877524fdb7c445db72a442c5f4c6f97,690605174070.6943,7071118.486989791,148.0,0.0,Xiuyu,China,CHN,Asia & Pacific,25.16527891,118.9870449,2353,4,827,154,0,1368,1.3,0.54,0,2,1,0,0,0,0,7.763871287820222,1.6094379124341003,7.221835825288449,6.71901315438526,0.92,5.25,2025,9,1499.35405875356
1357372,port783,EQ,Earthquake in Türkiye,Earthquake in Türkiye,Red M 7.8 Earthquake in Türkiye at: 06 Feb 2023 01:17:35.,RED,Türkiye,2023-02-06 01:17:35+00:00,2023,2023-02-06 01:17:35+00:00,"Magnitude 7.8M, Depth:17.925km",37.1736,37.032,1694318563269,port286; port503; port1313; port1406,4,0.0,aa65d7e49ec94b9da3fad7da752a4e1a,49758852592.89258,790857.7798878492,0.0,7.8,Naantali,Finland,FIN,Europe,60.45473146,22.06271566,483,19,5,180,52,227,7.38,2.32,0,2,0,0,1,0,0,6.182084906716632,2.995732273553991,5.429345628954441,1.791759469228055,4.85,0.0,2023,2,2710.9870546404977
1000036,port663,VO,Eruption  Hunga Tonga-Hunga Ha apai,Eruption  Hunga Tonga-Hunga Ha apai,Red Eruption Hunga Tonga-Hunga Ha apai in Tonga at: 18 Jan 2022 00:00.,RED,Tonga,2021-12-20 00:00:00+00:00,2021,2022-01-18 00:00:00+00:00,,-20.536,-175.382,1694317035039,port836,1,0.0,296a0ab5d56846fa807cf63b19868c85,36021562384.32031,672876.2515519108,0.0,0.0,Lorient,France,FRA,Europe,47.73876259,-3.357400125,209,29,24,74,0,82,1.19,0.08,0,2,0,0,0,0,0,5.3471075307174685,3.4011973816621555,4.418840607796598,3.2188758248682006,0.635,29.0,2021,12,14910.938711017841
1000726,port2326,TC,DELTA-20,Tropical Cyclone DELTA-20,"Red Tropical Cyclone DELTA-20 in United States, Mexico, Cuba, Cayman Islands from: 04 Oct 2020  to: 10 Oct 2020 .",RED,Mexico; United States,2020-10-04 21:00:00+00:00,2020,2020-10-10 15:00:00+00:00,Tropical Depression (maximum wind speed of 231 km/h),33.1,-90.8,1694314797231,port629; port933; port1144,3,0.0,54de45193f89417299ab745d2c59f315,486618277080.5869,5960717.91273668,231.0,0.0,Ogi,Japan,JPN,Asia & Pacific,37.8146025305689,138.29040681790565,5,0,5,0,0,0,0.0,0.0,0,2,1,0,0,0,0,1.791759469228055,0.0,0.0,1.791759469228055,0.0,5.75,2020,10,20095.72190843436
1000818,port356,TC,IDA-21,Tropical Cyclone IDA-21,"Red Tropical Cyclone IDA-21 in United States, Cuba from: 26 Aug 2021  to: 30 Aug 2021 .",RED,United States,2021-08-26 15:00:00+00:00,2021,2021-08-30 21:00:00+00:00,Tropical Depression (maximum wind speed of 241 km/h),32.6,-90.3,1694316376901,port126; port352; port812; port1214,4,0.0,7d9d04c6c5ac4e3bbdf68a78a0966767,394139707419.0078,3782111.256095524,241.0,0.0,Fredrikstad,Norway,NOR,Europe,59.18636416,10.95743329,943,217,14,372,74,266,5.37,0.57,0,2,1,0,0,0,0,6.8501261661455,5.384495062789089,5.58724865840025,2.70805020110221,2.97,4.25,2021,8,6469.702164794364
1001230,port898,TC,MELISSA-25,Tropical Cyclone MELISSA-25,"Red Tropical Cyclone MELISSA-25 in Jamaica, Cuba, Bahamas, Bermuda, Haiti, Canada from: 21 Oct 2025  to: 31 Oct 2025 .",RED,Jamaica; Cuba; The Bahamas; Canada,2025-10-21 15:00:00+00:00,2025,2025-10-31 15:00:00+00:00,Hurricane (maximum wind speed of 296 km/h),39.0,-60.5,1762326758953,port1220; port256; port1102; port835; port2172; port336; port388; port2332; port66; port949; port2330; port1156; port840; port223; port763; port2105; port572,17,0.0,e34846541688462e8808638878306dba,4640098699038.423,18023634.967691384,296.0,0.0,Pepillo Salcedo (Manzanillo),Dominican Republic,DOM,North America,19.70628311,-71.74342548,22,0,11,11,0,0,2.73,0.26,0,2,1,0,0,0,0,3.1354942159291497,0.0,0.0,2.4849066497880004,1.495,10.0,2025,10,2442.7275183108704
1502713,fso99,EQ,Earthquake in Philippines,Earthquake in Philippines,Orange M 6.9 Earthquake in Philippines at: 30 Sep 2025 13:59:43.,ORANGE,Philippines,2025-09-30 13:59:43+00:00,2025,2025-09-30 13:59:43+00:00,"Magnitude 6.9M, Depth:10km",11.1514,124.1376,1759774595295,port2207; port224; port858,3,0.0,9626abce4e994e70ba102a35f9ffb1ce,32821300798.333984,642310.2440621144,0.0,6.9,Indonesia - Offshore Oil Terminal 8,Indonesia,IDN,Asia & Pacific,4.1670000000000025,106.22800000000004,0,0,0,0,0,0,0.0,0.0,0,1,0,0,1,0,0,0.0,0.0,0.0,0.0,0.0,0.0,2025,9,2128.8921123727737
1394958,port94,EQ,Earthquake in Afghanistan,Earthquake in Afghanistan,Red M 6.3 Earthquake in Afghanistan at: 07 Oct 2023 07:12:50.,RED,Afghanistan,2023-10-07 07:12:50+00:00,2023,2023-10-07 07:12:50+00:00,"Magnitude 6.3M, Depth:10km",34.5743,61.9037,1698455547761,,0,0.0,,46599035821.04883,765320.5976814575,0.0,6.3,Baie De Kouaoua,New Caledonia,NCL,Asia & Pacific,-21.4003154,165.8330009,12,0,12,0,0,0,0.0,6.75,0,2,0,0,1,0,0,2.5649493574615367,0.0,0.0,2.5649493574615367,3.375,0.0,2023,10,12408.382635584305
1000667,port421,TC,AMPHAN-20,Tropical Cyclone AMPHAN-20,"Red Tropical Cyclone AMPHAN-20 in India, Bangladesh, Bhutan from: 16 May 2020  to: 20 May 2020 .",RED,India,2020-05-16 06:00:00+00:00,2020,2020-05-20 12:00:00+00:00,Hurricane/Typhoon > 74 mph (maximum wind speed of 269 km/h),22.2,88.3,1694314330037,port207; port290; port442; port883,4,0.0,4aa2d000ec6344bd8e3ff519e352cddc,486303246583.71,3835378.588229685,269.0,0.0,Grimsby,United Kingdom,GBR,Europe,53.57779578,-0.076657928,531,9,0,100,335,87,0.18,0.13,0,2,1,0,0,0,0,6.2766434893416445,2.302585092994046,4.477336814478207,0.0,0.155,4.25,2020,5,6786.332174412763
1001019,port1316,TC,LIDIA-23,Tropical Cyclone LIDIA-23,Red Tropical Cyclone LIDIA-23 in Mexico from: 03 Oct 2023  to: 11 Oct 2023 .,RED,Mexico,2023-10-03 09:00:00+00:00,2023,2023-10-11 09:00:00+00:00,Tropical Depression (maximum wind speed of 204 km/h),22.5,-102.5,1698455547761,,0,0.0,,304475858795.72656,4028901.5706235417,204.0,0.0,Trabzon,Türkiye,TUR,Europe,41.00369412,39.74137416,470,9,20,358,0,83,0.46,0.19,0,2,1,0,0,0,0,6.154858094016418,2.302585092994046,4.430816798843313,3.044522437723423,0.325,8.0,2023,10,12091.011771853342
1347183,port401,EQ,Earthquake in Indonesia,Earthquake in Indonesia,Red M 5.6 Earthquake in Indonesia at: 21 Nov 2022 06:21:10.,RED,Indonesia,2022-11-21 06:21:10+00:00,2022,2022-11-21 06:21:10+00:00,"Magnitude 5.6M, Depth:10km",-6.8531,107.0946,1694318361325,port514; port894,2,0.0,87c03fd3cd7e4fbeb866673caea8815a,32048571438.088867,634691.4947898124,0.0,5.6,Golcuk,Türkiye,TUR,Europe,40.71919647,29.86667264,1128,60,24,222,324,498,1.04,0.31,0,2,0,0,1,0,0,7.029087564149662,4.110873864173311,6.212606095751519,3.2188758248682006,0.675,0.0,2022,11,8372.33621351334
1000985,port469,TC,DOKSURI-23,Tropical Cyclone DOKSURI-23,"Red Tropical Cyclone DOKSURI-23 in China, Philippines from: 21 Jul 2023  to: 28 Jul 2023 .",RED,China; Taiwan Province of China,2023-07-21 12:00:00+00:00,2023,2023-07-28 06:00:00+00:00,Hurricane/Typhoon > 74 mph (maximum wind speed of 241 km/h),25.7,118.4,1694319313120,port370; port1074; port1192; port1404; port1405; port541,6,0.0,b540df4fc6a5421bb2da4ed0f0a690c4,928424469375.0684,5417913.710063252,241.0,0.0,Hobart,Australia,AUS,Asia & Pacific,-42.84702725,147.3220197,157,0,41,46,0,70,0.85,0.04,0,2,1,0,0,0,0,5.062595033026967,0.0,4.2626798770413155,3.7376696182833684,0.445,6.75,2023,7,7964.463920134704
1001082,port1281,TC,AMPIL-24,Tropical Cyclone AMPIL-24,Red Tropical Cyclone AMPIL-24 in Japan from: 12 Aug 2024  to: 18 Aug 2024 .,RED,Japan,2024-08-12 12:00:00+00:00,2024,2024-08-18 06:00:00+00:00,Hurricane (maximum wind speed of 213 km/h),40.5,155.3,1728469086877,,0,0.0,,1994170744804.414,10181379.277182342,213.0,0.0,Teluk Bayur,Indonesia,IDN,Asia & Pacific,-1.021178175,100.3880034,1138,138,223,272,0,505,1.26,1.11,0,2,1,0,0,0,0,7.037905963447182,4.9344739331306915,6.226536669287466,5.4116460518550396,1.185,5.75,2024,8,7640.782273045235
1000726,port217,TC,DELTA-20,Tropical Cyclone DELTA-20,"Red Tropical Cyclone DELTA-20 in United States, Mexico, Cuba, Cayman Islands from: 04 Oct 2020  to: 10 Oct 2020 .",RED,Mexico; United States,2020-10-04 21:00:00+00:00,2020,2020-10-10 15:00:00+00:00,Tropical Depression (maximum wind speed of 231 km/h),33.1,-90.8,1694314797231,port629; port933; port1144,3,0.0,54de45193f89417299ab745d2c59f315,486618277080.5869,5960717.91273668,231.0,0.0,Cardiff,United Kingdom,GBR,Europe,51.46428975,-3.154129894,197,11,4,99,0,83,0.53,0.12,0,2,1,0,0,0,0,5.288267030694535,2.4849066497880004,4.430816798843313,1.6094379124341003,0.325,5.75,2020,10,6394.599884244009
1001151,port1297,TC,GARANCE-25,Tropical Cyclone GARANCE-25,Red Tropical Cyclone GARANCE-25 in La Reunion from: 25 Feb 2025  to: 02 Mar 2025 .,RED,Réunion,2025-02-25 00:00:00+00:00,2025,2025-03-02 00:00:00+00:00,Hurricane (maximum wind speed of 201 km/h),-32.41,56.82,1743233631549,port950,1,0.0,bc0945c0bec84ace9d88e4b1d78d3382,567161975542.9766,7632557.145636045,201.0,0.0,Tianjin Xin Gang,China,CHN,Asia & Pacific,38.9397259,117.7336149,11678,3747,3572,1537,632,2190,7.03,8.77,0,2,1,0,0,0,0,9.365547636278565,8.228977643358313,7.692113339595466,8.181160858023409,7.9,5.0,2025,2,9506.914910382799
1000922,port965,TC,NORU-22,Tropical Cyclone NORU-22,"Red Tropical Cyclone NORU-22 in Viet Nam, Laos, Philippines from: 22 Sep 2022  to: 28 Sep 2022 .",RED,Philippines; Vietnam,2022-09-22 00:00:00+00:00,2022,2022-09-28 00:00:00+00:00,Hurricane/Typhoon > 74 mph (maximum wind speed of 259 km/h),16.0,107.8,1694318122116,port694; port1232; port213; port269,4,0.0,fcb67d56baae4103ade370dd3995d8c8,543451018476.1074,5830422.225303048,259.0,0.0,Port Louis,Mauritius,MUS,Africa,-20.14941789,57.49585987,923,429,58,107,35,294,100.0,100.0,0,2,1,0,0,0,0,6.828712071641684,6.063785208687608,5.68697535633982,4.07753744390572,100.0,6.0,2022,9,6601.485417093655
1000970,port2029,TC,MOCHA-23,Tropical Cyclone MOCHA-23,Red Tropical Cyclone MOCHA-23 in Myanmar from: 11 May 2023  to: 14 May 2023 .,RED,Myanmar,2023-05-11 00:00:00+00:00,2023,2023-05-14 12:00:00+00:00,Hurricane/Typhoon > 74 mph (maximum wind speed of 259 km/h),20.8,93.1,1694319041758,port961,1,0.0,14fa1161bedc426888263e54f9c2e255,477790409195.9639,4284932.731565202,259.0,0.0,Dachan Bay,China,CHN,Asia & Pacific,22.546940821745,113.85636713537,537,458,33,43,0,3,0.05,0.07,0,2,1,0,0,0,0,6.2878585601617845,6.129050210060545,1.3862943611198906,3.5263605246161616,0.060000000000000005,3.5,2023,5,2136.6726457752634
1474477,port276,EQ,Earthquake in Myanmar,Earthquake in Myanmar,Red M 7.7 Earthquake in Myanmar at: 28 Mar 2025 06:20:54.,RED,Myanmar,2025-03-28 06:20:54+00:00,2025,2025-03-28 06:20:54+00:00,"Magnitude 7.7M, Depth:10km",22.0128,95.9216,1743233631549,,0,0.0,,36759664931.29297,679747.7557870499,0.0,7.7,Dampier,Australia,AUS,Asia & Pacific,-20.6266866,116.7424761,1419,4,912,100,0,403,0.81,11.12,0,2,0,0,1,0,0,7.258412150595307,1.6094379124341003,6.0014148779611505,6.816735880594968,5.965,0.0,2025,3,5203.800826027966
1001151,port449,TC,GARANCE-25,Tropical Cyclone GARANCE-25,Red Tropical Cyclone GARANCE-25 in La Reunion from: 25 Feb 2025  to: 02 Mar 2025 .,RED,Réunion,2025-02-25 00:00:00+00:00,2025,2025-03-02 00:00:00+00:00,Hurricane (maximum wind speed of 201 km/h),-32.41,56.82,1743233631549,port950,1,0.0,bc0945c0bec84ace9d88e4b1d78d3382,567161975542.9766,7632557.145636045,201.0,0.0,Hammerfest,Norway,NOR,Europe,70.66196977,23.62907682,234,13,4,86,10,121,0.13,1.54,0,2,1,0,0,0,0,5.459585514144159,2.6390573296152584,4.804021044733257,1.6094379124341003,0.835,5.0,2025,2,11505.850156195225
1557236,port958,EQ,Earthquake in Colombia,Earthquake in Colombia,Red M 7.4 Earthquake in Colombia at: 10 Aug 2026 12:34:28.,RED,Colombia,2026-08-10 12:34:28+00:00,2026,2026-08-10 12:34:28+00:00,"Magnitude 7.4M, Depth:110.285km",4.8436,-76.2422,1786788245013,,0,0.0,,31818321053.560303,632417.6853181977,0.0,7.4,Port Jerome,France,FRA,Europe,49.48181288,0.532279573,1287,27,22,305,2,931,1.78,6.66,0,2,0,0,1,0,0,7.160845906664299,3.332204510175204,6.837332814685591,3.1354942159291497,4.22,0.0,2026,8,7429.989626435283
10000003,fso4,OT,US PORTS STRIKE,US Ports Strike,"Labor strike affecting many ports across the US East and Gulf Coasts, as well as the Port of Montreal in Canada",RED,,2024-10-01 00:00:00+00:00,2024,2024-10-02 22:00:00+00:00,,29.77081,-95.35517,1727962353164,port812; port815; port826; port103; port901; port159; port513; port736; port754; port1170; port1259; port1398; port231; port481; port766; port2066; port951,17,0.0,9e9f1ca4abad4948af5caed716c137f3,2173469.48828125,6906.2243711354695,0.0,0.0,Brazil - Offshore Oil Terminal 13,Brazil,BRA,South America,-22.229,-40.334,4,0,0,0,0,4,0.0,0.01,0,2,0,0,0,0,1,1.6094379124341003,0.0,1.6094379124341003,0.0,0.005,1.9166666666666667,2024,10,8079.430811891937
1001117,port2382,TC,DANA-24,Tropical Cyclone DANA-24,Red Tropical Cyclone DANA-24 in India from: 23 Oct 2024  to: 25 Oct 2024 .,RED,India,2024-10-23 06:00:00+00:00,2024,2024-10-25 00:00:00+00:00,Hurricane (maximum wind speed of 120 km/h),20.8,86.9,1743233631549,port883; port290,2,0.0,61640e351cc846aea17d94a763b36ba5,141183293249.01953,1513492.9164785235,120.0,0.0,Escobar LNG Terminal,Argentina,ARG,South America,-34.24209991937602,-58.76005938687225,122,1,16,17,13,75,0.3,0.13,0,2,1,0,0,0,0,4.812184355372417,0.6931471805599453,4.330733340286331,2.833213344056216,0.215,1.75,2024,10,14695.990135162487
1000972,port809,TC,MAWAR-23,Tropical Cyclone MAWAR-23,Red Tropical Cyclone MAWAR-23 in Guam from: 20 May 2023  to: 03 Jun 2023 .,RED,Guam; Northern Mariana Islands,2023-05-20 00:00:00+00:00,2023,2023-06-03 00:00:00+00:00,Tropical Storm (maximum wind speed of 296 km/h),30.7,138.1,1694319152977,port61; port1113,2,0.0,fe349de1f71843cca826c88a9a5396c0,1696969700479.611,9505783.434634589,296.0,0.0,New Haven,United States,USA,North America,41.27574662,-72.89315049,169,1,55,9,0,104,0.35,0.05,0,2,1,0,0,0,0,5.135798437050262,0.6931471805599453,4.653960350157523,4.02535169073515,0.19999999999999998,14.0,2023,5,17640.430683016333
1000966,port1085,TC,KEVIN-23,Tropical Cyclone KEVIN-23,Red Tropical Cyclone KEVIN-23 in Vanuatu from: 01 Mar 2023  to: 05 Mar 2023 .,RED,Vanuatu,2023-03-01 18:00:00+00:00,2023,2023-03-05 12:00:00+00:00,Tropical Storm (maximum wind speed of 250 km/h),-27.2,-174.5,1694318806140,port669; port980,2,0.0,7f9e5a20e835400cb291e476b12c6daa,1545193755526.627,9525874.305372307,250.0,0.0,Randers,Denmark,DNK,Europe,56.45831688,10.05302321,436,52,20,359,1,4,2.2,0.48,0,2,1,0,0,0,0,6.07993319509559,3.970291913552122,1.6094379124341003,3.044522437723423,1.34,3.75,2023,3,14640.779472604852
1103514,port537,FL,Flood in China,Flood in China,Red Flood in China from: 23 Sep 2025 01 to: 25 Sep 2025 01.,RED,Hong Kong SAR,2025-09-23 01:00:00+00:00,2025,2025-09-25 01:00:00+00:00,,22.35063,114.1849,1759774040248,port474,1,0.0,ba4836d421a64310984bb04854a15168,3236111844.294922,241815.27399635635,0.0,0.0,Kanazawa,Japan,JPN,Asia & Pacific,36.61653903,136.6143047,888,219,80,100,62,427,0.15,0.05,0,2,0,1,0,0,0,6.790097235513905,5.393627546352362,6.059123195581797,4.394449154672439,0.1,2.0,2025,9,2549.6654636313465
1000743,port793,TC,IOTA-20,Tropical Cyclone IOTA-20,"Red Tropical Cyclone IOTA-20 in Honduras, Nicaragua from: 13 Nov 2020  to: 18 Nov 2020 .",RED,Nicaragua,2020-11-13 15:00:00+00:00,2020,2020-11-18 15:00:00+00:00,Tropical Depression (maximum wind speed of 259 km/h),13.8,-89.5,1694315019504,port1030,1,0.0,33119f1ca522447f8f206d2496ad2eed,226711652592.06543,2524213.9943061066,259.0,0.0,Naoetsu,Japan,JPN,Asia & Pacific,37.1948875,138.265671,396,59,24,108,2,203,0.25,0.06,0,2,1,0,0,0,0,5.983936280687191,4.0943445622221,5.318119993844216,3.2188758248682006,0.155,5.0,2020,11,20305.95766444045
1001029,port830,TC,HAMOON-23,Tropical Cyclone HAMOON-23,"Red Tropical Cyclone HAMOON-23 in Bangladesh, India, Myanmar from: 23 Oct 2023  to: 24 Oct 2023 .",RED,Bangladesh,2023-10-23 06:00:00+00:00,2023,2023-10-24 18:00:00+00:00,Hurricane/Typhoon > 74 mph (maximum wind speed of 148 km/h),21.6,92.1,1698455547761,port241,1,0.0,143c6b04e7914c1dad1d2532a0d69438,120544698041.00977,1815860.986469032,148.0,0.0,Nouadhibou,Mauritania,MRT,Africa,20.84893872,-17.04643501,387,85,106,48,1,147,28.6,91.74,0,2,1,0,0,0,0,5.961005339623274,4.454347296253507,4.997212273764115,4.672828834461906,60.17,1.5,2023,10,11322.27888303415
1001256,port277,TC,GEZANI-26,Tropical Cyclone GEZANI-26,"Red Tropical Cyclone GEZANI-26 in Madagascar, Mozambique from: 06 Feb 2026  to: 18 Feb 2026 .",RED,"Madagascar, Mozambique",2026-02-06 00:00:00+00:00,2026,2026-02-18 12:00:00+00:00,Hurricane (maximum wind speed of 211 km/h),-35.63,41.6,1771623360667,,0,0.0,,115660665179.69922,1467389.249750107,211.0,0.0,Dandong,China,CHN,Asia & Pacific,39.81024914,124.1468591,548,1,349,191,0,7,0.36,0.23,0,2,1,0,0,0,0,6.3080984415095305,0.6931471805599453,2.0794415416798357,5.857933154483459,0.295,12.5,2026,2,10939.021297824152
1100902,port1249,FL,"Flood in Bangladesh, India","Flood in Bangladesh, India","Red Flood in Bangladesh, India from: 24 May 2021 01 to: 31 May 2021 01.",RED,India,2021-05-24 01:00:00+00:00,2021,2021-05-31 01:00:00+00:00,,23.45598,85.25573,1694315699826,port207; port235; port290; port442; port534; port544; port883; port1331,8,0.0,0444d1d2ece246b8bf863f26ef9e0444,516672397465.7856,15044471.16740546,0.0,0.0,Taganrog,Russian Federation,RUS,Europe,47.20266132,38.95006857,431,1,7,336,0,87,0.06,0.17,0,2,0,1,0,0,0,6.068425588244111,0.6931471805599453,4.477336814478207,2.0794415416798357,0.115,7.0,2021,5,4375.233220017244
1000552,port639,TC,IDAI-19,Tropical Cyclone IDAI-19,"Red Tropical Cyclone IDAI-19 in Mozambique, Zimbabwe, Miscellaneous (French) Indian Ocean Islands from: 09 Mar 2019  to: 15 Mar 2019 .",RED,Mozambique,2019-03-09 06:00:00+00:00,2019,2019-03-15 00:00:00+00:00,Hurricane/Typhoon > 74 mph (maximum wind speed of 194 km/h),-19.6,34.8,1694310439405,port137,1,0.0,3aa1164d42fb42e99f8ed581b6ecd4d1,350000681982.3291,3223229.700239708,194.0,0.0,Leith,United Kingdom,GBR,Europe,55.98291752,-3.17422235,124,9,5,104,0,6,0.17,0.05,0,2,1,0,0,0,0,4.8283137373023015,2.302585092994046,1.9459101490553132,1.791759469228055,0.11000000000000001,5.75,2019,3,8714.806268443004
1508467,port821,EQ,Earthquake in Afghanistan,Earthquake in Afghanistan,Red M 6.3 Earthquake in Afghanistan at: 02 Nov 2025 20:29:02.,RED,Afghanistan,2025-11-02 20:29:02+00:00,2025,2025-11-02 20:29:02+00:00,"Magnitude 6.3M, Depth:28km",36.5894,67.4843,1762862933372,,0,0.0,,49004820736.21094,784841.2897547166,0.0,6.3,Nicholls Town,The Bahamas,BHS,North America,25.1757543,-78.02701829,24,0,0,9,0,15,0.37,0.17,0,2,0,0,1,0,0,3.2188758248682006,0.0,2.772588722239781,0.0,0.27,0.0,2025,11,14672.254807708052
1103514,port163,FL,Flood in China,Flood in China,Red Flood in China from: 23 Sep 2025 01 to: 25 Sep 2025 01.,RED,Hong Kong SAR,2025-09-23 01:00:00+00:00,2025,2025-09-25 01:00:00+00:00,,22.35063,114.1849,1759774040248,port474,1,0.0,ba4836d421a64310984bb04854a15168,3236111844.294922,241815.27399635635,0.0,0.0,Botas Natural Gas Terminal,Türkiye,TUR,Europe,40.9957964,27.96150412,826,7,58,211,14,536,3.6,1.0,0,2,0,1,0,0,0,6.717804695023691,2.0794415416798357,6.285998094508865,4.07753744390572,2.3,2.0,2025,9,7514.264478356706
1100185,port2345,FL,"Flood in British Virgin Islands, The Bahamas","Flood in British Virgin Islands, The Bahamas","Red Flood in British Virgin Islands, The Bahamas from: 28 Aug 2019 00 to: 28 Aug 2019 00.",RED,The Bahamas,2019-08-28 00:00:00+00:00,2019,2019-08-28 00:00:00+00:00,,26.70673,-78.87209,1694311792460,port251; port357; port388; port721; port798; port821,6,0.0,5b46b63747f248a6847ddcf455d8e50f,362766691516.7617,2700767.8928220104,0.0,0.0,Unten,Japan,JPN,Asia & Pacific,26.661272280557117,128.01248282246996,25,0,3,22,0,0,0.0,0.01,0,2,0,1,0,0,0,3.258096538021482,0.0,0.0,1.3862943611198906,0.005,0.0,2019,8,20522.518449161533
1000624,port1266,TC,MATMO-19/BULBUL-19,Tropical Cyclone MATMO-19/BULBUL-19,"Red Tropical Cyclone MATMO-19/BULBUL-19 in Bangladesh, India, Myanmar, Thailand, Cambodia, Laos, Viet Nam from: 29 Oct 2019  to: 10 Nov 2019 .",RED,Bangladesh; Vietnam; India,2019-10-29 18:00:00+00:00,2019,2019-11-10 12:00:00+00:00,Tropical Storm (maximum wind speed of 157 km/h),23.0,90.8,1694312137296,port290; port442; port883; port1078; port759; port890,6,0.0,b846804ea419470084333b3317290139,317900413479.5791,3432525.078379262,157.0,0.0,Tangshan (Jingtang),China,CHN,Asia & Pacific,39.23528919,119.0212469,3492,294,2811,280,0,107,2.69,3.09,0,2,1,0,0,0,0,8.158516244806831,5.68697535633982,4.68213122712422,7.941651252930556,2.8899999999999997,11.75,2019,10,3022.3743839263343
1337179,fso107,EQ,Earthquake in Papua New Guinea,Earthquake in Papua New Guinea,Red M 7.6 Earthquake in Papua New Guinea at: 10 Sep 2022 23:46:55.,RED,Papua New Guinea,2022-09-10 23:46:55+00:00,2022,2022-09-10 23:46:55+00:00,"Magnitude 7.6M, Depth:90.013km",-6.2557,146.4692,1694317950004,port624,1,0.0,c8de7f4575724cc3a7afccf0faf762a0,31972252448.100582,633942.8061322744,0.0,7.6,Malaysia - Offshore Oil Terminal 10,Malaysia,MYS,Asia & Pacific,3.538,112.81500000000004,7,0,0,0,0,7,0.0,0.16,0,2,0,0,1,0,0,2.0794415416798357,0.0,2.0794415416798357,0.0,0.08,0.0,2022,9,3883.74480647718
10000002,port969,OT,COLLAPSE FRANCIS SCOTT KEY BRIDGE,Baltimore: Collapse of Francis Scott Key Bridge,Collapse of the Francis Scott Key Bridge halted vessel traffic at the port of Baltimore,RED,United States,2024-03-26 00:00:00+00:00,2024,2024-06-12 04:00:00+00:00,,39.21934,-76.52521,1711737778359,port103,1,0.0,ce951f9474d843f48c48b47b21b7bab0,95440715.42578124,38765.194399173095,0.0,0.0,Skikda (Port Methanier),Algeria,DZA,Africa,36.87271664,6.950761304,596,115,64,114,13,290,6.51,18.34,0,2,0,0,0,0,1,6.391917113392602,4.7535901911063645,5.673323267171493,4.174387269895637,12.425,78.16666666666667,2024,3,7416.967913770545
1458084,port2365,EQ,Earthquake in Vanuatu,Earthquake in Vanuatu,Red M 7.3 Earthquake in Vanuatu at: 17 Dec 2024 01:47:25.,RED,Vanuatu,2024-12-17 01:47:25+00:00,2024,2024-12-17 01:47:25+00:00,"Magnitude 7.3M, Depth:57.094km",-17.6859,168.0338,1743233631549,port980,1,0.0,d9f1cd11bcad466f9ce50f174bc4a4d9,34805342363.78125,661419.83052175,0.0,7.3,Osorio,Brazil,BRA,South America,-30.00903759917348,-50.10588536536458,163,0,6,0,0,157,3.01,0.0,0,2,0,0,1,0,0,5.099866427824199,0.0,5.062595033026967,1.9459101490553132,1.505,0.0,2024,12,21012.171180150224
1474479,fso61,EQ,Earthquake in Myanmar,Earthquake in Myanmar,Red M 6.7 Earthquake in Myanmar at: 28 Mar 2025 06:32:04.,RED,Myanmar,2025-03-28 06:32:04+00:00,2025,2025-03-28 06:32:04+00:00,"Magnitude 6.7M, Depth:10km",21.7073,95.9692,1743233631549,,0,0.0,,36599965958.65625,678268.1460967383,0.0,6.7,Australia - Offshore Oil Terminal 3,Australia,AUS,Asia & Pacific,-19.58799999999999,116.44699999999996,6,0,0,0,0,6,0.0,0.03,0,2,0,0,1,0,0,1.9459101490553132,0.0,1.9459101490553132,0.0,0.015,0.0,2025,3,5059.348058227299
1000747,port2467,TC,NIVAR-20,Tropical Cyclone NIVAR-20,Red Tropical Cyclone NIVAR-20 in India from: 23 Nov 2020  to: 26 Nov 2020 .,RED,India,2020-11-23 12:00:00+00:00,2020,2020-11-26 00:00:00+00:00,Tropical Storm (maximum wind speed of 130 km/h),12.3,79.4,1694315050062,,0,0.0,,79756408901.51855,1566642.152423985,130.0,0.0,Sochi,Russian Federation,RUS,Europe,43.5785614747432,39.71576069406015,1,0,0,0,0,1,0.0,0.0,0,2,1,0,0,0,0,0.6931471805599453,0.0,0.6931471805599453,0.0,0.0,2.5,2020,11,4715.634358133561
1000818,port2280,TC,IDA-21,Tropical Cyclone IDA-21,"Red Tropical Cyclone IDA-21 in United States, Cuba from: 26 Aug 2021  to: 30 Aug 2021 .",RED,United States,2021-08-26 15:00:00+00:00,2021,2021-08-30 21:00:00+00:00,Tropical Depression (maximum wind speed of 241 km/h),32.6,-90.3,1694316376901,port126; port352; port812; port1214,4,0.0,7d9d04c6c5ac4e3bbdf68a78a0966767,394139707419.0078,3782111.256095524,241.0,0.0,Guaranao,Venezuela,VEN,South America,11.692208860561776,-70.21283757222142,49,15,5,23,6,0,1.0,0.31,0,2,1,0,0,0,0,3.912023005428146,2.772588722239781,0.0,1.791759469228055,0.655,4.25,2021,8,3186.4131957212394
1001019,port2179,TC,LIDIA-23,Tropical Cyclone LIDIA-23,Red Tropical Cyclone LIDIA-23 in Mexico from: 03 Oct 2023  to: 11 Oct 2023 .,RED,Mexico,2023-10-03 09:00:00+00:00,2023,2023-10-11 09:00:00+00:00,Tropical Depression (maximum wind speed of 204 km/h),22.5,-102.5,1698455547761,,0,0.0,,304475858795.72656,4028901.5706235417,204.0,0.0,Chofu,Japan,JPN,Asia & Pacific,34.0095394269591,131.006350386306,262,9,42,167,0,44,0.02,0.04,0,2,1,0,0,0,0,5.572154032177765,2.302585092994046,3.8066624897703196,3.7612001156935624,0.03,8.0,2023,10,21523.530357374326
1001027,port851,TC,LOLA-23,Tropical Cyclone LOLA-23,"Red Tropical Cyclone LOLA-23 in Vanuatu, Solomon Islands from: 21 Oct 2023  to: 26 Oct 2023 .",RED,Vanuatu,2023-10-21 18:00:00+00:00,2023,2023-10-26 00:00:00+00:00,Tropical Depression (maximum wind speed of 222 km/h),-17.5,165.6,1698455547761,port669,1,0.0,cbc6d099a6e94f3e81a235627b040e2c,210094812873.85745,2572664.852082143,222.0,0.0,Onne,Nigeria,NGA,Africa,4.688025553,7.158459417,335,189,61,53,6,26,7.01,5.72,0,2,1,0,0,0,0,5.817111159963204,5.247024072160486,3.295836866004329,4.127134385045092,6.365,4.25,2023,10,17700.35587839661
1102204,port2178,FL,Flood in Libya,Flood in Libya,Red Flood in Libya from: 08 Sep 2023 01 to: 14 Sep 2023 00.,RED,Libya,2023-09-08 01:00:00+00:00,2023,2023-09-14 00:00:00+00:00,,32.75938,22.63832,1698455547761,,0,0.0,,23588735.73925781,38187.708694884015,0.0,0.0,Mutsure,Japan,JPN,Asia & Pacific,33.9744124326445,130.866156798389,219,1,0,0,0,218,0.05,0.05,0,2,0,1,0,0,0,5.393627546352362,0.6931471805599453,5.389071729816501,0.0,0.05,5.958333333333333,2023,9,9963.380612795223
10000003,port419,OT,US PORTS STRIKE,US Ports Strike,"Labor strike affecting many ports across the US East and Gulf Coasts, as well as the Port of Montreal in Canada",RED,,2024-10-01 00:00:00+00:00,2024,2024-10-02 22:00:00+00:00,,29.77081,-95.35517,1727962353164,port812; port815; port826; port103; port901; port159; port513; port736; port754; port1170; port1259; port1398; port231; port481; port766; port2066; port951,17,0.0,9e9f1ca4abad4948af5caed716c137f3,2173469.48828125,6906.2243711354695,0.0,0.0,Grenaa,Denmark,DNK,Europe,56.41625529,10.92704029,244,20,15,155,0,54,1.63,2.24,0,2,0,0,0,0,1,5.501258210544727,3.044522437723423,4.007333185232471,2.772588722239781,1.935,1.9166666666666667,2024,10,7164.712206857176
1001151,port688,TC,GARANCE-25,Tropical Cyclone GARANCE-25,Red Tropical Cyclone GARANCE-25 in La Reunion from: 25 Feb 2025  to: 02 Mar 2025 .,RED,Réunion,2025-02-25 00:00:00+00:00,2025,2025-03-02 00:00:00+00:00,Hurricane (maximum wind speed of 201 km/h),-32.41,56.82,1743233631549,port950,1,0.0,bc0945c0bec84ace9d88e4b1d78d3382,567161975542.9766,7632557.145636045,201.0,0.0,Malakal,Palau,PLW,Asia & Pacific,7.332261621,134.4564328,57,35,0,13,0,9,100.0,100.0,0,2,1,0,0,0,0,4.060443010546419,3.58351893845611,2.302585092994046,0.0,100.0,5.0,2025,2,9618.449811614842
1000818,port598,TC,IDA-21,Tropical Cyclone IDA-21,"Red Tropical Cyclone IDA-21 in United States, Cuba from: 26 Aug 2021  to: 30 Aug 2021 .",RED,United States,2021-08-26 15:00:00+00:00,2021,2021-08-30 21:00:00+00:00,Tropical Depression (maximum wind speed of 241 km/h),32.6,-90.3,1694316376901,port126; port352; port812; port1214,4,0.0,7d9d04c6c5ac4e3bbdf68a78a0966767,394139707419.0078,3782111.256095524,241.0,0.0,Kralendijk,"Bonaire,  Saint Eustatius and Saba",BES,North America,12.14853793,-68.27703344,125,32,9,74,5,5,2.7,14.21,0,2,1,0,0,0,0,4.836281906951478,3.4965075614664802,1.791759469228055,2.302585092994046,8.455,4.25,2021,8,3296.145428995798
1548377,port2395,EQ,Earthquake in Venezuela,Earthquake in Venezuela,Red M 7.5 Earthquake in Venezuela at: 24 Jun 2026 22:05:12.,RED,Venezuela,2026-06-24 22:05:12+00:00,2026,2026-06-24 22:05:12+00:00,"Magnitude 7.5M, Depth:10km",10.453,-68.5139,1784045057281,port1029; port320; port2260; port618,4,0.0,076f32f7c4174f1da910d78fedce6623,32663314903.23291,640747.6201487333,0.0,7.5,Bacolod,Philippines,PHL,Asia & Pacific,10.698979639568163,122.94462224143132,410,66,35,196,14,99,0.74,0.72,0,2,0,0,1,0,0,6.018593214496234,4.204692619390966,4.605170185988092,3.58351893845611,0.73,0.0,2026,6,20882.473045001054
1458084,port726,EQ,Earthquake in Vanuatu,Earthquake in Vanuatu,Red M 7.3 Earthquake in Vanuatu at: 17 Dec 2024 01:47:25.,RED,Vanuatu,2024-12-17 01:47:25+00:00,2024,2024-12-17 01:47:25+00:00,"Magnitude 7.3M, Depth:57.094km",-17.6859,168.0338,1743233631549,port980,1,0.0,d9f1cd11bcad466f9ce50f174bc4a4d9,34805342363.78125,661419.83052175,0.0,7.3,Medway,United Kingdom,GBR,Europe,51.42671953,0.746922127,658,89,56,172,336,5,0.69,0.17,0,2,0,0,1,0,0,6.490723534502507,4.499809670330265,1.791759469228055,4.04305126783455,0.43,0.0,2024,12,13888.878179626337
1102974,port886,FL,Flood in India,Flood in India,Red Flood in India from: 20 Oct 2024 01 to: 26 Oct 2024 01.,RED,India,2024-10-20 01:00:00+00:00,2024,2024-10-26 01:00:00+00:00,,20.54312,84.68974,1743233631549,port883; port442; port207; port290,4,0.0,acd01d6724e54fd38f51a282856cdea7,280781350489.4551,11023326.748080814,0.0,0.0,Parepare,Indonesia,IDN,Asia & Pacific,-4.002997065,119.6260057,103,2,0,23,0,78,0.09,0.0,0,2,0,1,0,0,0,4.6443908991413725,1.0986122886681098,4.3694478524670215,0.0,0.045,6.0,2024,10,4731.65609389149
10000002,port587,OT,COLLAPSE FRANCIS SCOTT KEY BRIDGE,Baltimore: Collapse of Francis Scott Key Bridge,Collapse of the Francis Scott Key Bridge halted vessel traffic at the port of Baltimore,RED,United States,2024-03-26 00:00:00+00:00,2024,2024-06-12 04:00:00+00:00,,39.21934,-76.52521,1711737778359,port103,1,0.0,ce951f9474d843f48c48b47b21b7bab0,95440715.42578124,38765.194399173095,0.0,0.0,Koko,Nigeria,NGA,Africa,5.999492393,5.460395648,141,0,6,28,0,107,0.59,0.1,0,2,0,0,0,0,1,4.955827057601261,0.0,4.68213122712422,1.9459101490553132,0.345,78.16666666666667,2024,3,9772.898043094476
1000752,port993,TC,YASA-20,Tropical Cyclone YASA-20,"Red Tropical Cyclone YASA-20 in Fiji, from: 12 Dec 2020  to: 20 Dec 2020 .",RED,Fiji,2020-12-12 12:00:00+00:00,2020,2020-12-20 00:00:00+00:00,Tropical Storm (maximum wind speed of 259 km/h),-23.3,-178.1,1694315138928,port636; port643; port687; port1240,4,0.0,b1fdccb4c2e54ca0b570e64a6114dbdd,690398598422.3789,5640670.516540977,259.0,0.0,"Portland, OR",United States,USA,North America,45.59523874,-122.7355059,544,59,249,29,124,83,0.15,1.23,0,2,1,0,0,0,0,6.300785794663244,4.0943445622221,4.430816798843313,5.521460917862246,0.69,7.5,2020,12,8773.442774185523
1013327,port351,DR,Zimbabwe-2019,"Drought in Botswana, Mozambique, South Africa, Zimbabwe","Red Drought in Botswana, Mozambique, South Africa, Zimbabwe from: 21 Mar 2019  to: 01 Aug 2019 .",RED,"Botswana, Mozambique, South Africa, Zimbabwe",2019-03-21 00:00:00+00:00,2019,2019-08-01 10:47:00+00:00,Severe impact for agricultural drought in 102368 km2,-22.721,31.814,1694311593392,,0,0.0,,120939607601.3496,2559609.37090292,0.0,0.0,Fos,France,FRA,Europe,43.4375649,4.887000029,1281,37,119,329,1,795,21.9,5.38,0,2,0,0,0,1,0,7.156176637480615,3.6375861597263857,6.679599185844383,4.787491742782046,13.639999999999999,133.44930555555555,2019,3,7657.592089971572
1000923,port1014,TC,IAN-22,Tropical Cyclone IAN-22,"Red Tropical Cyclone IAN-22 in United States, Cuba from: 23 Sep 2022  to: 02 Oct 2022 .",RED,United States; Cuba,2022-09-23 09:00:00+00:00,2022,2022-10-02 03:00:00+00:00,Tropical Depression (maximum wind speed of 250 km/h),37.3,-78.2,1694318157503,port212; port231; port513; port967; port1259; port1399; port86; port704,8,0.0,a9afc86a1a4548849cb5860689dbbad7,795550443716.9697,5660938.880496826,250.0,0.0,Portsmouth Harbour,United Kingdom,GBR,Europe,50.80555434,-1.107423076,397,87,2,81,58,169,0.13,0.11,0,2,1,0,0,0,0,5.986452005284438,4.477336814478207,5.135798437050262,1.0986122886681098,0.12,8.75,2022,9,5611.748354882112
1000673,port79,TC,NISARGA-20,Tropical Cyclone NISARGA-20,Red Tropical Cyclone NISARGA-20 in India from: 02 Jun 2020  to: 03 Jun 2020 .,RED,India,2020-06-02 18:00:00+00:00,2020,2020-06-03 12:00:00+00:00,Hurricane/Typhoon > 74 mph (maximum wind speed of 139 km/h),19.1,73.7,1694314372002,port511; port776,2,0.0,91c5a35ee6804b94a39c91c93021bfe1,116925429196.29688,1668600.0514449673,139.0,0.0,Auckland,New Zealand,NZL,Asia & Pacific,-36.84280038,174.773952,914,533,122,70,166,23,20.65,2.94,0,2,1,0,0,0,0,6.818924065275521,6.280395838960195,3.1780538303479458,4.812184355372417,11.795,0.75,2020,6,10916.689746638851
1394958,port472,EQ,Earthquake in Afghanistan,Earthquake in Afghanistan,Red M 6.3 Earthquake in Afghanistan at: 07 Oct 2023 07:12:50.,RED,Afghanistan,2023-10-07 07:12:50+00:00,2023,2023-10-07 07:12:50+00:00,"Magnitude 6.3M, Depth:10km",34.5743,61.9037,1698455547761,,0,0.0,,46599035821.04883,765320.5976814575,0.0,6.3,Himekawa,Japan,JPN,Asia & Pacific,37.03543689,137.8443843,561,0,285,245,0,31,0.08,0.3,0,2,0,0,1,0,0,6.331501849893691,0.0,3.4657359027997265,5.655991810819852,0.19,0.0,2023,10,6734.435312656474
1100977,port1044,FL,Flood in India,Flood in India,Red Flood in India from: 24 Jul 2021 01 to: 01 Oct 2021 01.,RED,India,2021-07-24 01:00:00+00:00,2021,2021-10-01 01:00:00+00:00,,31.23957,77.7198,1694316685662,,0,0.0,,7009983312.982422,636443.8624266385,0.0,0.0,Pasajes,Spain,ESP,Europe,43.31889411,-1.908167738,860,58,15,596,188,3,0.41,0.34,0,2,0,1,0,0,0,6.7580945044277305,4.07753744390572,1.3862943611198906,2.772588722239781,0.375,69.0,2021,7,6568.8640978025505
1000961,port180,TC,FREDDY-23,Tropical Cyclone FREDDY-23,"Red Tropical Cyclone FREDDY-23 in Mozambique, Madagascar from: 06 Feb 2023  to: 12 Mar 2023 .",RED,"Mozambique, Madagascar",2023-02-06 06:00:00+00:00,2023,2023-03-12 00:00:00+00:00,Hurricane/Typhoon > 74 mph (maximum wind speed of 250 km/h),-17.5,36.9,1694318856223,,0,0.0,,2022693609096.5583,21856185.735939536,250.0,0.0,Brunswick,United States,USA,North America,31.13185217,-81.51967886,515,9,37,33,435,1,0.13,0.1,0,2,1,0,0,0,0,6.246106765481563,2.302585092994046,0.6931471805599453,3.6375861597263857,0.115,33.75,2023,2,12479.426671910238
10000003,port1082,OT,US PORTS STRIKE,US Ports Strike,"Labor strike affecting many ports across the US East and Gulf Coasts, as well as the Port of Montreal in Canada",RED,,2024-10-01 00:00:00+00:00,2024,2024-10-02 22:00:00+00:00,,29.77081,-95.35517,1727962353164,port812; port815; port826; port103; port901; port159; port513; port736; port754; port1170; port1259; port1398; port231; port481; port766; port2066; port951,17,0.0,9e9f1ca4abad4948af5caed716c137f3,2173469.48828125,6906.2243711354695,0.0,0.0,Rada De Arica,Chile,CHL,South America,-18.47334815,-70.32285519,295,176,52,35,10,22,1.37,1.94,0,2,0,0,0,0,1,5.69035945432406,5.176149732573829,3.1354942159291497,3.970291913552122,1.655,1.9166666666666667,2024,10,5968.4584434006
1000923,port595,TC,IAN-22,Tropical Cyclone IAN-22,"Red Tropical Cyclone IAN-22 in United States, Cuba from: 23 Sep 2022  to: 02 Oct 2022 .",RED,United States; Cuba,2022-09-23 09:00:00+00:00,2022,2022-10-02 03:00:00+00:00,Tropical Depression (maximum wind speed of 250 km/h),37.3,-78.2,1694318157503,port212; port231; port513; port967; port1259; port1399; port86; port704,8,0.0,a9afc86a1a4548849cb5860689dbbad7,795550443716.9697,5660938.880496826,250.0,0.0,Kota Baru,Indonesia,IDN,Asia & Pacific,-3.245141628,116.2294128,457,6,81,17,0,353,0.78,0.81,0,2,1,0,0,0,0,6.126869184114185,1.9459101490553132,5.869296913133774,4.406719247264253,0.795,8.75,2022,9,22012.049154702756
1000706,port2040,TC,HAISHEN-20,Tropical Cyclone HAISHEN-20,"Red Tropical Cyclone HAISHEN-20 in Democratic Republic of Korea, Republic of Korea, Japan, China, from: 31 Aug 2020  to: 07 Sep 2020 .",RED,Japan; Korea,2020-08-31 12:00:00+00:00,2020,2020-09-07 12:00:00+00:00,Tropical Storm (maximum wind speed of 250 km/h),40.7,128.9,1694314690167,port439; port445; port471; port480; port528; port538; port545; port566; port605; port785; port846; port852; port1119; port1190; port1304; port1324; port1335; port1378; port1411; port270; port432; port494; port608; port715; port915; port1065; port1067; port1309; port1338,29,0.0,0ef4c5564b2a41169f223c0b1d019825,2187718787554.5327,8378337.002268916,250.0,0.0,Naha,Japan,JPN,Asia & Pacific,26.2326412690527,127.66954585426,1727,383,64,592,600,88,0.17,0.11,0,2,1,0,0,0,0,7.454719949364001,5.950642552587727,4.48863636973214,4.174387269895637,0.14,7.0,2020,8,1610.5433637233398
1000747,port1112,TC,NIVAR-20,Tropical Cyclone NIVAR-20,Red Tropical Cyclone NIVAR-20 in India from: 23 Nov 2020  to: 26 Nov 2020 .,RED,India,2020-11-23 12:00:00+00:00,2020,2020-11-26 00:00:00+00:00,Tropical Storm (maximum wind speed of 130 km/h),12.3,79.4,1694315050062,,0,0.0,,79756408901.51855,1566642.152423985,130.0,0.0,Rostov-Na-Donu,Russian Federation,RUS,Europe,47.19478382,39.67937527,3153,3,52,2378,3,717,0.28,0.8,0,2,1,0,0,0,0,8.056426767522984,1.3862943611198906,6.576469569048224,3.970291913552122,0.54,2.5,2020,11,4896.763817495396
1001117,fso157,TC,DANA-24,Tropical Cyclone DANA-24,Red Tropical Cyclone DANA-24 in India from: 23 Oct 2024  to: 25 Oct 2024 .,RED,India,2024-10-23 06:00:00+00:00,2024,2024-10-25 00:00:00+00:00,Hurricane (maximum wind speed of 120 km/h),20.8,86.9,1743233631549,port883; port290,2,0.0,61640e351cc846aea17d94a763b36ba5,141183293249.01953,1513492.9164785235,120.0,0.0,Russian Federation - Offshore Oil Terminal 2,Russian Federation,RUS,Europe,53.262000000000015,159.80200000000002,5,0,0,0,0,5,0.0,0.02,0,2,1,0,0,0,0,1.791759469228055,0.0,1.791759469228055,0.0,0.01,1.75,2024,10,6034.293886987496
1000000,fso90,OT,RED SEA TENSIONS,Trade Disruptions in the Red Sea,Trade disruptions in the Red Sea (near Bab el-Mandeb Strait) due to attacks on commercial ships,RED,,2023-12-16 00:00:00+00:00,2023,2023-12-16 00:00:00+00:00,,20.31573,38.73504,1708595379825,chokepoint4; chokepoint1; chokepoint7,3,0.0,573013af3b6545deaeb50ed1cbaf9444,508756310979.897,4678015.079434657,0.0,0.0,Indonesia - Offshore Oil Terminal 13,Indonesia,IDN,Asia & Pacific,-0.917,104.06800000000004,14,0,0,0,0,14,0.02,0.01,0,2,0,0,0,0,1,2.70805020110221,0.0,2.70805020110221,0.0,0.015,0.0,2023,12,7624.440629135645
1496100,port464,EQ,Earthquake in Indonesia,Earthquake in Indonesia,Red M 5.8 Earthquake in Indonesia at: 16 Aug 2025 22:38:52.,RED,Indonesia,2025-08-16 22:38:52+00:00,2025,2025-08-16 22:38:52+00:00,"Magnitude 5.8M, Depth:10km",-1.2569,120.7409,1759773822647,,0,0.0,,31604247090.93567,630279.7898142078,0.0,5.8,Hilo,United States,USA,North America,19.72773724,-155.0556259,44,0,0,0,24,20,0.01,0.0,0,2,0,0,1,0,0,3.8066624897703196,0.0,3.044522437723423,0.0,0.005,0.0,2025,8,28910.615792524084
1001121,port1432,TC,YINXING-24,Tropical Cyclone YINXING-24,"Red Tropical Cyclone YINXING-24 in Philippines, Viet Nam from: 03 Nov 2024  to: 12 Nov 2024 .",RED,"Philippines, Viet Nam",2024-11-03 06:00:00+00:00,2024,2024-11-12 12:00:00+00:00,Hurricane (maximum wind speed of 231 km/h),14.0,108.6,1743233631549,,0,0.0,,627567140020.3848,5914403.2540477095,231.0,0.0,Punta Arenas,Chile,CHL,South America,-53.13033106,-70.86785154,270,39,25,69,35,102,0.8,2.83,0,2,1,0,0,0,0,5.602118820879701,3.6888794541139363,4.634728988229636,3.258096538021482,1.815,9.25,2024,11,14084.974282758103
1347183,port755,EQ,Earthquake in Indonesia,Earthquake in Indonesia,Red M 5.6 Earthquake in Indonesia at: 21 Nov 2022 06:21:10.,RED,Indonesia,2022-11-21 06:21:10+00:00,2022,2022-11-21 06:21:10+00:00,"Magnitude 5.6M, Depth:10km",-6.8531,107.0946,1694318361325,port514; port894,2,0.0,87c03fd3cd7e4fbeb866673caea8815a,32048571438.088867,634691.4947898124,0.0,5.6,Chuuk,Micronesia,FSM,Asia & Pacific,7.445425405,151.8403104,39,18,0,12,0,9,25.31,6.28,0,2,0,0,1,0,0,3.6888794541139363,2.9444389791664403,2.302585092994046,0.0,15.795,0.0,2022,11,5174.3230392443475
10000004,port2377,OT,HORMUZ-26,Trade Disruptions in the Strait of Hormuz,Trade Disruptions in the Strait of Hormuz from: 01 Mar 2026  to: - .,RED,,2026-03-01 00:00:00+00:00,2019,2026-03-01 00:00:00+00:00,,26.29685,56.85985,1772323200000,chokepoint6,1,0.0,cc317ba850e34c4dadbead6f7b336fb1,17207899494.691406,591676.7546214922,0.0,0.0,Costa Azul LNG Terminal,Mexico,MEX,North America,31.987308320514245,-116.85190775818606,4,0,0,0,0,4,0.0,0.0,0,2,0,0,0,0,1,1.6094379124341003,0.0,1.6094379124341003,0.0,0.0,0.0,2026,3,16366.523855152322
1000965,port745,TC,JUDY-23,Tropical Cyclone JUDY-23,Red Tropical Cyclone JUDY-23 in Vanuatu from: 27 Feb 2023  to: 03 Mar 2023 .,RED,Vanuatu,2023-02-27 00:00:00+00:00,2023,2023-03-03 06:00:00+00:00,Tropical Storm (maximum wind speed of 204 km/h),-26.1,179.8,1694318783857,port980,1,0.0,9ae35fc3f5a348728400cdc46c18c6b1,899703064607.4922,7567782.065470555,204.0,0.0,Port Sultan Qaboos,Oman,OMN,Asia & Pacific,23.62884171,58.56595296,94,1,30,9,0,54,1.45,0.11,0,2,1,0,0,0,0,4.553876891600541,0.6931471805599453,4.007333185232471,3.4339872044851463,0.78,4.25,2023,2,13508.05876842507
1000734,port2285,TC,MOLAVE-20,Tropical Cyclone MOLAVE-20,"Red Tropical Cyclone MOLAVE-20 in Viet Nam, Laos, Philippines, Cambodia, Thailand from: 24 Oct 2020  to: 28 Oct 2020 .",RED,Philippines; Vietnam,2020-10-24 00:00:00+00:00,2020,2020-10-28 06:00:00+00:00,Hurricane/Typhoon > 74 mph (maximum wind speed of 204 km/h),15.4,108.5,1694314857510,port125; port694; port213; port269; port1078,5,0.0,e84323b3f8cc45bfabbdfe65aca72289,660479170186.7969,5156424.339896273,204.0,0.0,Seogwipo,Korea,KOR,Asia & Pacific,33.23884278231272,126.56558045670108,11,0,0,10,1,0,0.0,0.0,0,2,1,0,0,0,0,2.4849066497880004,0.0,0.0,0.0,0.0,4.25,2020,10,2594.9656273087517
1001002,port1276,TC,HAIKUI-23,Tropical Cyclone HAIKUI-23,Red Tropical Cyclone HAIKUI-23 in China from: 28 Aug 2023  to: 04 Sep 2023 .,RED,China; Taiwan Province of China,2023-08-28 12:00:00+00:00,2023,2023-09-04 18:00:00+00:00,Tropical Depression (maximum wind speed of 194 km/h),23.7,117.3,1698455547761,port1192; port1404; port541; port681,4,0.0,83cbe0ec2d85422ab03cbb25f151b70d,485380883238.77344,5280102.282037299,194.0,0.0,Betio (Tarawa),Kiribati,KIR,Asia & Pacific,1.363509834,172.9338362,49,24,0,14,0,11,64.29,88.63,0,2,1,0,0,0,0,3.912023005428146,3.2188758248682006,2.4849066497880004,0.0,76.46000000000001,7.25,2023,8,6652.864414291143
1001121,port691,TC,YINXING-24,Tropical Cyclone YINXING-24,"Red Tropical Cyclone YINXING-24 in Philippines, Viet Nam from: 03 Nov 2024  to: 12 Nov 2024 .",RED,"Philippines, Viet Nam",2024-11-03 06:00:00+00:00,2024,2024-11-12 12:00:00+00:00,Hurricane (maximum wind speed of 231 km/h),14.0,108.6,1743233631549,,0,0.0,,627567140020.3848,5914403.2540477095,231.0,0.0,Malongo,Angola,AGO,Africa,-5.39313631,12.20437817,17,1,0,15,0,1,0.08,0.0,0,2,1,0,0,0,0,2.8903717578961645,0.6931471805599453,0.6931471805599453,0.0,0.04,9.25,2024,11,10867.871424766547
1000582,port104,TC,LEKIMA-19,Tropical Cyclone LEKIMA-19,"Red Tropical Cyclone LEKIMA-19 in , China, Japan from: 04 Aug 2019  to: 11 Aug 2019 .",RED,China; Taiwan Province of China,2019-08-04 00:00:00+00:00,2019,2019-08-11 12:00:00+00:00,Tropical Depression (maximum wind speed of 241 km/h),36.0,119.5,1694311686493,port227; port228; port370; port375; port438; port517; port792; port824; port1073; port1188; port1253; port1390; port1403; port1425; port1427; port1429; port238; port1261,18,0.0,a8c66fa7bd0c4373a1abfd43fdc50a94,964019445621.8224,5154645.7219629465,241.0,0.0,Baltiysk,Russian Federation,RUS,Europe,54.63771376,19.92401592,198,78,0,65,33,22,0.5,0.04,0,2,1,0,0,0,0,5.293304824724492,4.3694478524670215,3.1354942159291497,0.0,0.27,7.5,2019,8,6723.038453052613
1000705,port2124,TC,MAYSAK-20,Tropical Cyclone MAYSAK-20,"Red Tropical Cyclone MAYSAK-20 in Republic of Korea, Japan, Democratic Republic of Korea, China from: 28 Aug 2020  to: 02 Sep 2020 .",RED,Japan; Korea,2020-08-28 00:00:00+00:00,2020,2020-09-02 18:00:00+00:00,Hurricane/Typhoon > 74 mph (maximum wind speed of 231 km/h),35.5,129.0,1694314659620,port545; port785; port432; port715; port915; port1065; port1309; port1338,8,0.0,2e49fb9e14e147c7914103806eaa8c51,1738832135933.7012,9098031.240905829,231.0,0.0,Dhekelia,Cyprus,CYP,Europe,34.9781071046976,33.7426797885656,11,0,0,0,0,11,3.08,0.0,0,2,1,0,0,0,0,2.4849066497880004,0.0,2.4849066497880004,0.0,1.54,5.75,2020,8,8663.865773203443
1178759,port134,EQ,"Earthquake in Eastern New Guinea Reg., P.N.G.","Earthquake in Eastern New Guinea Reg., P.N.G.","Red M 7.2 Earthquake in Eastern New Guinea Reg., P.N.G. at: 06 May 2019 21:19:35.",RED,Papua New Guinea,2019-05-06 21:19:35+00:00,2019,2019-05-06 21:19:35+00:00,"Magnitude 7.2M, Depth:126.92km",-6.9767,146.44,1694310914933,port624,1,0.0,98299d6738574f2ea18e46e19f71327e,32064448784.467773,634862.1513849135,0.0,7.2,Beaumont,United States,USA,North America,30.02582322,-94.03028275,1204,8,53,47,23,1073,0.12,4.19,0,2,0,0,1,0,0,7.094234845924755,2.1972245773362196,6.97914527506881,3.9889840465642745,2.1550000000000002,0.0,2019,5,23472.25590446569
1394961,port2058,EQ,Earthquake in Afghanistan,Earthquake in Afghanistan,Red M 5.9 Earthquake in Afghanistan at: 07 Oct 2023 07:40:29.,RED,Afghanistan,2023-10-07 07:40:29+00:00,2023,2023-10-07 07:40:29+00:00,"Magnitude 5.9M, Depth:7.726km",34.6391,62.0327,1698455547761,,0,0.0,,46672663443.21484,765923.6129193567,0.0,5.9,Launceston,Australia,AUS,Asia & Pacific,-41.4313788427337,147.125886413452,4,0,0,4,0,0,0.0,0.0,0,2,0,0,1,0,0,1.6094379124341003,0.0,0.0,0.0,0.0,0.0,2023,10,11020.331322541446
1000961,port2402,TC,FREDDY-23,Tropical Cyclone FREDDY-23,"Red Tropical Cyclone FREDDY-23 in Mozambique, Madagascar from: 06 Feb 2023  to: 12 Mar 2023 .",RED,"Mozambique, Madagascar",2023-02-06 06:00:00+00:00,2023,2023-03-12 00:00:00+00:00,Hurricane/Typhoon > 74 mph (maximum wind speed of 250 km/h),-17.5,36.9,1694318856223,,0,0.0,,2022693609096.5583,21856185.735939536,250.0,0.0,Kodiak,United States,USA,North America,57.78198222487451,-152.42352962997015,83,82,0,0,0,1,0.02,0.01,0,2,1,0,0,0,0,4.430816798843313,4.418840607796598,0.6931471805599453,0.0,0.015,33.75,2023,2,13976.981443077631
1001230,port1321,TC,MELISSA-25,Tropical Cyclone MELISSA-25,"Red Tropical Cyclone MELISSA-25 in Jamaica, Cuba, Bahamas, Bermuda, Haiti, Canada from: 21 Oct 2025  to: 31 Oct 2025 .",RED,Jamaica; Cuba; The Bahamas; Canada,2025-10-21 15:00:00+00:00,2025,2025-10-31 15:00:00+00:00,Hurricane (maximum wind speed of 296 km/h),39.0,-60.5,1762326758953,port1220; port256; port1102; port835; port2172; port336; port388; port2332; port66; port949; port2330; port1156; port840; port223; port763; port2105; port572,17,0.0,e34846541688462e8808638878306dba,4640098699038.423,18023634.967691384,296.0,0.0,Tromsø,Norway,NOR,Europe,69.67410683,18.99273463,631,44,14,395,31,147,0.63,0.17,0,2,1,0,0,0,0,6.448889394146858,3.8066624897703196,4.997212273764115,2.70805020110221,0.4,10.0,2025,10,4581.159705206374
1001256,port596,TC,GEZANI-26,Tropical Cyclone GEZANI-26,"Red Tropical Cyclone GEZANI-26 in Madagascar, Mozambique from: 06 Feb 2026  to: 18 Feb 2026 .",RED,"Madagascar, Mozambique",2026-02-06 00:00:00+00:00,2026,2026-02-18 12:00:00+00:00,Hurricane (maximum wind speed of 211 km/h),-35.63,41.6,1771623360667,,0,0.0,,115660665179.69922,1467389.249750107,211.0,0.0,Kota Kinabalu,Malaysia,MYS,Asia & Pacific,5.994756636,116.081712,163,2,39,91,30,1,0.17,0.03,0,2,1,0,0,0,0,5.099866427824199,1.0986122886681098,0.6931471805599453,3.6888794541139363,0.1,12.5,2026,2,9431.498229667537
1001028,port224,TC,OTIS-23,Tropical Cyclone OTIS-23,Red Tropical Cyclone OTIS-23 in Mexico from: 22 Oct 2023  to: 25 Oct 2023 .,RED,Mexico,2023-10-22 15:00:00+00:00,2023,2023-10-25 21:00:00+00:00,Tropical Depression (maximum wind speed of 259 km/h),19.1,-100.8,1698455547761,port7,1,0.0,b2af87430d8340f29465e5075633c14a,83209950822.40918,1505916.18134488,259.0,0.0,Cebu,Philippines,PHL,Asia & Pacific,10.31413032,123.9369534,2061,635,74,870,160,322,3.9,1.6,0,2,1,0,0,0,0,7.631431664576906,6.455198563340122,5.777652323222656,4.31748811353631,2.75,3.25,2023,10,24562.068726159796
1001027,port2099,TC,LOLA-23,Tropical Cyclone LOLA-23,"Red Tropical Cyclone LOLA-23 in Vanuatu, Solomon Islands from: 21 Oct 2023  to: 26 Oct 2023 .",RED,Vanuatu,2023-10-21 18:00:00+00:00,2023,2023-10-26 00:00:00+00:00,Tropical Depression (maximum wind speed of 222 km/h),-17.5,165.6,1698455547761,port669,1,0.0,cbc6d099a6e94f3e81a235627b040e2c,210094812873.85745,2572664.852082143,222.0,0.0,Itacoatiara,Brazil,BRA,South America,-3.1499933769484,-58.4416954597526,213,6,70,4,0,133,0.79,0.38,0,2,1,0,0,0,0,5.365976015021851,1.9459101490553132,4.897839799950911,4.2626798770413155,0.585,4.25,2023,10,24882.09054989862
1001019,port1428,TC,LIDIA-23,Tropical Cyclone LIDIA-23,Red Tropical Cyclone LIDIA-23 in Mexico from: 03 Oct 2023  to: 11 Oct 2023 .,RED,Mexico,2023-10-03 09:00:00+00:00,2023,2023-10-11 09:00:00+00:00,Tropical Depression (maximum wind speed of 204 km/h),22.5,-102.5,1698455547761,,0,0.0,,304475858795.72656,4028901.5706235417,204.0,0.0,Zhouliwang,China,CHN,Asia & Pacific,37.70154909,121.0829932,1930,2,850,41,0,1037,1.23,0.63,0,2,1,0,0,0,0,7.565793282428515,1.0986122886681098,6.945051063725834,6.7464121285733745,0.9299999999999999,8.0,2023,10,19708.31457328365
1102000,fso130,FL,"Flood in Bangladesh, India, Myanmar","Flood in Bangladesh, India, Myanmar","Red Flood in Bangladesh, India, Myanmar from: 13 May 2023 01 to: 15 May 2023 01.",RED,"Bangladesh, India, Myanmar",2023-05-13 01:00:00+00:00,2023,2023-05-15 01:00:00+00:00,,20.15,92.9,1694319048832,,0,0.0,,15587277903.34961,1939484.122259192,0.0,0.0,Nigeria - Offshore Oil Terminal 11,Nigeria,NGA,Africa,4.033999999999999,7.525,11,0,0,0,0,11,0.0,5.88,0,2,0,1,0,0,0,2.4849066497880004,0.0,2.4849066497880004,0.0,2.94,2.0,2023,5,9620.917607917008
1001101,port310,TC,HELENE-24,Tropical Cyclone HELENE-24,"Red Tropical Cyclone HELENE-24 in United States, Mexico, Belize from: 23 Sep 2024  to: 27 Sep 2024 .",RED,Mexico; United States,2024-09-23 15:00:00+00:00,2024,2024-09-27 21:00:00+00:00,Hurricane (maximum wind speed of 222 km/h),37.5,-85.5,1728469086877,port879; port1144,2,0.0,42ada76f830c4cb58821d311383c4da0,692109064449.9551,4910254.54021647,222.0,0.0,Dunkirk,France,FRA,Europe,51.020683,2.266776649,2127,536,351,566,23,651,14.16,7.57,0,2,1,0,0,0,0,7.662937850461535,6.285998094508865,6.480044561926653,5.863631175598097,10.865,4.25,2024,9,6309.273676067296
10000004,fso178,OT,HORMUZ-26,Trade Disruptions in the Strait of Hormuz,Trade Disruptions in the Strait of Hormuz from: 01 Mar 2026  to: - .,RED,,2026-03-01 00:00:00+00:00,2019,2026-03-01 00:00:00+00:00,,26.29685,56.85985,1772323200000,chokepoint6,1,0.0,cc317ba850e34c4dadbead6f7b336fb1,17207899494.691406,591676.7546214922,0.0,0.0,Vietnam - Offshore Oil Terminal 2,Vietnam,VNM,Asia & Pacific,8.477000000000006,108.692,2,0,0,0,0,2,0.03,0.03,0,2,0,0,0,0,1,1.0986122886681098,0.0,1.0986122886681098,0.0,0.03,0.0,2026,3,6024.487057284784
1000702,port2277,TC,BAVI-20,Tropical Cyclone BAVI-20,"Red Tropical Cyclone BAVI-20 in China, Democratic Republic of Korea, Republic of Korea from: 21 Aug 2020  to: 27 Aug 2020 .",RED,China,2020-08-21 12:00:00+00:00,2020,2020-08-27 06:00:00+00:00,Tropical Storm (maximum wind speed of 185 km/h),41.6,125.8,1694314620195,port277; port662,2,0.0,99eadeb4109b4f45891f4d352d984b9c,722913654780.2266,5491058.810650765,185.0,0.0,Chacabuco,Chile,CHL,South America,-45.46313257402253,-72.8226627271358,169,27,2,14,96,30,0.05,0.08,0,2,1,0,0,0,0,5.135798437050262,3.332204510175204,3.4339872044851463,1.0986122886681098,0.065,5.75,2020,8,18234.632718484296
1337179,port698,EQ,Earthquake in Papua New Guinea,Earthquake in Papua New Guinea,Red M 7.6 Earthquake in Papua New Guinea at: 10 Sep 2022 23:46:55.,RED,Papua New Guinea,2022-09-10 23:46:55+00:00,2022,2022-09-10 23:46:55+00:00,"Magnitude 7.6M, Depth:90.013km",-6.2557,146.4692,1694317950004,port624,1,0.0,c8de7f4575724cc3a7afccf0faf762a0,31972252448.100582,633942.8061322744,0.0,7.6,Mäntyluoto,Finland,FIN,Europe,61.61259472,21.4540934,455,59,40,217,1,138,5.37,4.64,0,2,0,0,1,0,0,6.1224928095143865,4.0943445622221,4.9344739331306915,3.713572066704308,5.005,0.0,2022,9,10013.86599826003
1000940,port2156,TC,ROSLYN-22,Tropical Cyclone ROSLYN-22,Red Tropical Cyclone ROSLYN-22 in Mexico from: 20 Oct 2022  to: 24 Oct 2022 .,RED,Mexico,2022-10-20 03:00:00+00:00,2022,2022-10-24 03:00:00+00:00,Tropical Depression (maximum wind speed of 213 km/h),26.0,-101.0,1694318280734,,0,0.0,,172355881838.91406,2914267.116267182,213.0,0.0,Padang,Indonesia,IDN,Asia & Pacific,-8.51191030976715,115.513227073498,301,0,0,0,0,301,0.52,0.11,0,2,1,0,0,0,0,5.71042701737487,0.0,5.71042701737487,0.0,0.315,4.0,2022,10,24074.98294051659
1558059,port2265,EQ,Earthquake in Indonesia,Earthquake in Indonesia,Red M 7.7 Earthquake in Indonesia at: 14 Aug 2026 21:58:21.,RED,Indonesia,2026-08-14 21:58:21+00:00,2026,2026-08-14 21:58:21+00:00,"Magnitude 7.7M, Depth:10km",-8.3101,121.3517,1786788245013,port325,1,0.0,8412a4ae40104c35a27a1a8eded3a165,32266019709.819336,636841.1357321779,0.0,7.7,Conneaut,United States,USA,North America,41.96601332354232,-80.54767839331956,71,0,71,0,0,0,0.09,0.02,0,2,0,0,1,0,0,4.276666119016055,0.0,0.0,4.276666119016055,0.055,0.0,2026,8,17573.048960620414
1508467,fso151,EQ,Earthquake in Afghanistan,Earthquake in Afghanistan,Red M 6.3 Earthquake in Afghanistan at: 02 Nov 2025 20:29:02.,RED,Afghanistan,2025-11-02 20:29:02+00:00,2025,2025-11-02 20:29:02+00:00,"Magnitude 6.3M, Depth:28km",36.5894,67.4843,1762862933372,,0,0.0,,49004820736.21094,784841.2897547166,0.0,6.3,Oman - Offshore Oil Terminal 1,Oman,OMN,Asia & Pacific,19.918000000000013,58.080000000000005,16,0,0,0,0,16,0.0,0.54,0,2,0,0,1,0,0,2.833213344056216,0.0,2.833213344056216,0.0,0.27,0.0,2025,11,2094.673357913224
1012873,port862,DR,India and Sri Lanka-2019,"Drought in India, Sri Lanka","Red Drought in India, Sri Lanka from: 21 Dec 2018  to: 26 Aug 2019 .",RED,India; Sri Lanka,2018-12-21 00:00:00+00:00,2018,2019-08-26 13:37:00+00:00,Severe impact for agricultural drought in 85408 km2,8.828,79.198,1694311782990,port1331; port1319,2,0.0,,88052703825.3999,2608863.2322916104,0.0,0.0,Osaka,Japan,JPN,Asia & Pacific,34.6449306,135.4300262,9214,3349,822,3580,323,1140,2.81,4.31,0,2,0,0,0,1,0,9.128587870103924,8.116715624819111,7.039660349862076,6.71295620067707,3.5599999999999996,248.5673611111111,2018,12,5880.535414813779
1001101,port1086,TC,HELENE-24,Tropical Cyclone HELENE-24,"Red Tropical Cyclone HELENE-24 in United States, Mexico, Belize from: 23 Sep 2024  to: 27 Sep 2024 .",RED,Mexico; United States,2024-09-23 15:00:00+00:00,2024,2024-09-27 21:00:00+00:00,Hurricane (maximum wind speed of 222 km/h),37.5,-85.5,1728469086877,port879; port1144,2,0.0,42ada76f830c4cb58821d311383c4da0,692109064449.9551,4910254.54021647,222.0,0.0,Yangon,Myanmar,MMR,Asia & Pacific,16.71604961,96.21277607,1498,533,214,249,10,492,81.22,100.0,0,2,1,0,0,0,0,7.312553498102598,6.280395838960195,6.20050917404269,5.3706380281276624,90.61,4.25,2024,9,19455.03830136489
1182839,port224,EQ,Earthquake in China,Earthquake in China,Red M 5.8 Earthquake in China at: 17 Jun 2019 14:55:45.,RED,China,2019-06-17 14:55:45+00:00,2019,2019-06-17 14:55:45+00:00,"Magnitude 5.8M, Depth:10km",28.4088,104.9654,1694311265094,,0,0.0,,40835216658.06641,716423.2715291845,0.0,5.8,Cebu,Philippines,PHL,Asia & Pacific,10.31413032,123.9369534,2061,635,74,870,160,322,3.9,1.6,0,2,0,0,1,0,0,7.631431664576906,6.455198563340122,5.777652323222656,4.31748811353631,2.75,0.0,2019,6,2885.570776370308
1000970,port636,TC,MOCHA-23,Tropical Cyclone MOCHA-23,Red Tropical Cyclone MOCHA-23 in Myanmar from: 11 May 2023  to: 14 May 2023 .,RED,Myanmar,2023-05-11 00:00:00+00:00,2023,2023-05-14 12:00:00+00:00,Hurricane/Typhoon > 74 mph (maximum wind speed of 259 km/h),20.8,93.1,1694319041758,port961,1,0.0,14fa1161bedc426888263e54f9c2e255,477790409195.9639,4284932.731565202,259.0,0.0,Lautoka,Fiji,FJI,Asia & Pacific,-17.60674719,177.4412092,356,158,14,50,0,134,47.13,61.55,0,2,1,0,0,0,0,5.877735781779639,5.0689042022202315,4.90527477843843,2.70805020110221,54.34,3.5,2023,5,9889.39018046922
1000702,port1373,TC,BAVI-20,Tropical Cyclone BAVI-20,"Red Tropical Cyclone BAVI-20 in China, Democratic Republic of Korea, Republic of Korea from: 21 Aug 2020  to: 27 Aug 2020 .",RED,China,2020-08-21 12:00:00+00:00,2020,2020-08-27 06:00:00+00:00,Tropical Storm (maximum wind speed of 185 km/h),41.6,125.8,1694314620195,port277; port662,2,0.0,99eadeb4109b4f45891f4d352d984b9c,722913654780.2266,5491058.810650765,185.0,0.0,Volos,Greece,GRC,Europe,39.35448209,22.95374679,505,27,158,303,1,16,0.43,1.28,0,2,1,0,0,0,0,6.226536669287466,3.332204510175204,2.833213344056216,5.0689042022202315,0.855,5.75,2020,8,8830.74764099707
1012728,port751,DR,Zambezi Basin-2018,"Drought in Angola, Botswana, Mozambique, Namibia, Zambia, Zimbabwe","Red Drought in Angola, Botswana, Mozambique, Namibia, Zambia, Zimbabwe from: 21 Oct 2018  to: 24 Mar 2020 .",RED,"Angola, Botswana, Mozambique, Namibia, Zambia, Zimbabwe",2018-10-21 00:00:00+00:00,2018,2020-03-24 16:37:00+00:00,Severe impact for agricultural drought in 150282 km2,-19.807,26.836,1694312724559,,0,0.0,,170694014586.54883,4273813.772842953,0.0,0.0,Massawa,Eritrea,ERI,Africa,15.59947972,39.46163976,96,25,17,40,1,13,100.0,100.0,0,2,0,0,0,1,0,4.574710978503383,3.258096538021482,2.6390573296152584,2.8903717578961645,100.0,520.6923611111112,2018,10,4155.461646831718
1000227,port847,FL,Flood in Mozambique,Flood in Mozambique,Red Flood in Mozambique from: 09 Mar 2019 00 to: 29 Mar 2019 00.,RED,Mozambique,2019-03-09 00:00:00+00:00,2019,2019-03-29 00:00:00+00:00,,-15.178,36.432,1694310567224,port137; port784; port896,3,0.0,c2ad419a75d24ec28ae55a0728a0eb79,642589988843.8467,5359810.993936229,0.0,0.0,Okaram,Turkmenistan,TKM,Asia & Pacific,38.04736897,53.83628132,55,0,0,0,0,55,0.6,13.98,0,2,0,1,0,0,0,4.02535169073515,0.0,4.02535169073515,0.0,7.29,20.0,2019,3,6100.751790407849
1357372,port282,EQ,Earthquake in Türkiye,Earthquake in Türkiye,Red M 7.8 Earthquake in Türkiye at: 06 Feb 2023 01:17:35.,RED,Türkiye,2023-02-06 01:17:35+00:00,2023,2023-02-06 01:17:35+00:00,"Magnitude 7.8M, Depth:17.925km",37.1736,37.032,1694318563269,port286; port503; port1313; port1406,4,0.0,aa65d7e49ec94b9da3fad7da752a4e1a,49758852592.89258,790857.7798878492,0.0,7.8,Davisville Depot,United States,USA,North America,41.60836202,-71.41914669,196,7,0,1,188,0,0.03,0.0,0,2,0,0,1,0,0,5.2832037287379885,2.0794415416798357,0.0,0.0,0.015,0.0,2023,2,9014.335427196209
1000001,port775,OT,RESTRICTIONS PANAMA CANAL,Shipping restrictions to Panama Canal,Drought restrictions imposed amid insufficient rainfall at the Gatún Lake,RED,,2023-11-03 00:00:00+00:00,2023,2024-08-05 04:00:00+00:00,,9.120512,-79.76723,1708810459951,chokepoint2,1,0.0,76f7d4b0062e46c5bbc862d4c3ce1d4b,30909854.189941406,168533.80110847912,0.0,0.0,Muhammad Bin Qasim,Pakistan,PAK,Asia & Pacific,24.80838458,67.32181857,990,393,317,30,0,250,53.57,28.14,0,2,0,0,0,0,1,6.898714534329988,5.976350909297934,5.5254529391317835,5.762051382780177,40.855000000000004,276.1666666666667,2023,11,14922.128479186025
1001090,port2232,TC,YAGI-24,Tropical Cyclone YAGI-24,"Red Tropical Cyclone YAGI-24 in China, Viet Nam, Philippines from: 01 Sep 2024  to: 07 Sep 2024 .",RED,Vietnam; China,2024-09-01 12:00:00+00:00,2024,2024-09-07 06:00:00+00:00,Hurricane (maximum wind speed of 241 km/h),21.0,106.9,1728469086877,port123; port136; port242; port339; port424; port437; port1071; port1196; port1409; port1426; port434; port473,12,0.0,0387d1f7d4ae4eb2a872db5de07e9c78,638269632730.5098,4139701.742897033,241.0,0.0,Mtwara,Tanzania,TZA,Africa,-10.2608605099218,40.2042547130292,76,16,18,28,0,14,0.42,61.91,0,2,1,0,0,0,0,4.343805421853684,2.833213344056216,2.70805020110221,2.9444389791664403,31.165,5.75,2024,9,8069.033620120329
1001230,port2274,TC,MELISSA-25,Tropical Cyclone MELISSA-25,"Red Tropical Cyclone MELISSA-25 in Jamaica, Cuba, Bahamas, Bermuda, Haiti, Canada from: 21 Oct 2025  to: 31 Oct 2025 .",RED,Jamaica; Cuba; The Bahamas; Canada,2025-10-21 15:00:00+00:00,2025,2025-10-31 15:00:00+00:00,Hurricane (maximum wind speed of 296 km/h),39.0,-60.5,1762326758953,port1220; port256; port1102; port835; port2172; port336; port388; port2332; port66; port949; port2330; port1156; port840; port223; port763; port2105; port572,17,0.0,e34846541688462e8808638878306dba,4640098699038.423,18023634.967691384,296.0,0.0,Madero,Mexico,MEX,North America,14.700005809133987,-92.40776173180058,41,29,10,1,0,1,0.09,0.16,0,2,1,0,0,0,0,3.7376696182833684,3.4011973816621555,0.6931471805599453,2.3978952727983707,0.125,10.0,2025,10,4360.246126167716
1000970,port315,TC,MOCHA-23,Tropical Cyclone MOCHA-23,Red Tropical Cyclone MOCHA-23 in Myanmar from: 11 May 2023  to: 14 May 2023 .,RED,Myanmar,2023-05-11 00:00:00+00:00,2023,2023-05-14 12:00:00+00:00,Hurricane/Typhoon > 74 mph (maximum wind speed of 259 km/h),20.8,93.1,1694319041758,port961,1,0.0,14fa1161bedc426888263e54f9c2e255,477790409195.9639,4284932.731565202,259.0,0.0,East London,South Africa,ZAF,Africa,-33.02810636,27.90088104,239,39,8,15,81,96,1.96,0.18,0,2,1,0,0,0,0,5.480638923341991,3.6888794541139363,4.574710978503383,2.1972245773362196,1.07,3.5,2023,5,8515.60695869318
1000747,port1110,TC,NIVAR-20,Tropical Cyclone NIVAR-20,Red Tropical Cyclone NIVAR-20 in India from: 23 Nov 2020  to: 26 Nov 2020 .,RED,India,2020-11-23 12:00:00+00:00,2020,2020-11-26 00:00:00+00:00,Tropical Storm (maximum wind speed of 130 km/h),12.3,79.4,1694315050062,,0,0.0,,79756408901.51855,1566642.152423985,130.0,0.0,Roseau,Dominica,DMA,North America,15.3119678,-61.38909145,249,62,34,64,10,79,100.0,100.0,0,2,1,0,0,0,0,5.521460917862246,4.143134726391533,4.382026634673881,3.5553480614894135,100.0,2.5,2020,11,15076.552758528505
1000663,fso121,TC,HAROLD-20,Tropical Cyclone HAROLD-20,"Red Tropical Cyclone HAROLD-20 in , Tonga, Fiji, Vanuatu from: 02 Apr 2020  to: 09 Apr 2020 .",RED,Fiji; Vanuatu; Tonga,2020-04-02 18:00:00+00:00,2020,2020-04-09 06:00:00+00:00,Hurricane/Typhoon > 74 mph (maximum wind speed of 269 km/h),-24.6,-170.7,1694314190344,port636; port643; port1240; port669; port836,5,0.0,56210f6c71f84299baa2ea0b705762f0,1886520768475.2756,11970100.92647234,269.0,0.0,Malaysia - Offshore Oil Terminal 7,Malaysia,MYS,Asia & Pacific,1.272000000000001,103.4455,145,6,2,0,0,137,0.75,1.13,0,2,1,0,0,0,0,4.983606621708336,1.9459101490553132,4.927253685157205,1.0986122886681098,0.94,6.5,2020,4,30557.8947675995
1001131,port359,TC,CHIDO-25,Tropical Cyclone CHIDO-25,"Red Tropical Cyclone CHIDO-25 in Mozambique, Miscellaneous (French) Indian Ocean Islands, Madagascar, Comoros, Mayotte from: 09 Dec 2024  to: 16 Dec 2024 .",RED,Mozambique; Mayotte,2024-12-09 18:00:00+00:00,2024,2024-12-16 12:00:00+00:00,Hurricane (maximum wind speed of 243 km/h),-16.55,33.77,1743233631549,port982; port896,2,0.0,0461e32d3a3a496db34c0fcb4f802442,340251863450.24414,5630351.734478647,243.0,0.0,Frederiksvaerk,Denmark,DNK,Europe,55.96279548,12.01281698,412,25,0,385,0,2,1.26,1.4,0,2,1,0,0,0,0,6.023447592961033,3.258096538021482,1.0986122886681098,0.0,1.33,6.75,2024,12,8161.643177750269
1102974,port429,FL,Flood in India,Flood in India,Red Flood in India from: 20 Oct 2024 01 to: 26 Oct 2024 01.,RED,India,2024-10-20 01:00:00+00:00,2024,2024-10-26 01:00:00+00:00,,20.54312,84.68974,1743233631549,port883; port442; port207; port290,4,0.0,acd01d6724e54fd38f51a282856cdea7,280781350489.4551,11023326.748080814,0.0,0.0,Güllük,Türkiye,TUR,Europe,37.25373921,27.60607436,192,4,74,114,0,0,0.02,1.44,0,2,0,1,0,0,0,5.262690188904886,1.6094379124341003,0.0,4.31748811353631,0.73,6.0,2024,10,5373.725908220034
1001101,port1332,TC,HELENE-24,Tropical Cyclone HELENE-24,"Red Tropical Cyclone HELENE-24 in United States, Mexico, Belize from: 23 Sep 2024  to: 27 Sep 2024 .",RED,Mexico; United States,2024-09-23 15:00:00+00:00,2024,2024-09-27 21:00:00+00:00,Hurricane (maximum wind speed of 222 km/h),37.5,-85.5,1728469086877,port879; port1144,2,0.0,42ada76f830c4cb58821d311383c4da0,692109064449.9551,4910254.54021647,222.0,0.0,Tuxpan,Mexico,MEX,North America,20.95612428,-97.33341544,403,64,56,18,22,243,4.6,0.22,0,2,1,0,0,0,0,6.0014148779611505,4.174387269895637,5.497168225293202,4.04305126783455,2.4099999999999997,4.25,2024,9,2208.3632200589554
1000965,port485,TC,JUDY-23,Tropical Cyclone JUDY-23,Red Tropical Cyclone JUDY-23 in Vanuatu from: 27 Feb 2023  to: 03 Mar 2023 .,RED,Vanuatu,2023-02-27 00:00:00+00:00,2023,2023-03-03 06:00:00+00:00,Tropical Storm (maximum wind speed of 204 km/h),-26.1,179.8,1694318783857,port980,1,0.0,9ae35fc3f5a348728400cdc46c18c6b1,899703064607.4922,7567782.065470555,204.0,0.0,Husum,Germany,DEU,Europe,54.47157026,9.036434712,138,3,0,133,0,2,0.04,0.01,0,2,1,0,0,0,0,4.9344739331306915,1.3862943611198906,1.0986122886681098,0.0,0.025,4.25,2023,2,14188.363359633371
1001090,port754,TC,YAGI-24,Tropical Cyclone YAGI-24,"Red Tropical Cyclone YAGI-24 in China, Viet Nam, Philippines from: 01 Sep 2024  to: 07 Sep 2024 .",RED,Vietnam; China,2024-09-01 12:00:00+00:00,2024,2024-09-07 06:00:00+00:00,Hurricane (maximum wind speed of 241 km/h),21.0,106.9,1728469086877,port123; port136; port242; port339; port424; port437; port1071; port1196; port1409; port1426; port434; port473,12,0.0,0387d1f7d4ae4eb2a872db5de07e9c78,638269632730.5098,4139701.742897033,241.0,0.0,Mobile,United States,USA,North America,30.66503638,-88.06673452,1155,294,392,223,70,176,1.97,1.52,0,2,1,0,0,0,0,7.052721049232323,5.68697535633982,5.176149732573829,5.973809611869261,1.745,5.75,2024,9,18645.954896275358
1001230,port2142,TC,MELISSA-25,Tropical Cyclone MELISSA-25,"Red Tropical Cyclone MELISSA-25 in Jamaica, Cuba, Bahamas, Bermuda, Haiti, Canada from: 21 Oct 2025  to: 31 Oct 2025 .",RED,Jamaica; Cuba; The Bahamas; Canada,2025-10-21 15:00:00+00:00,2025,2025-10-31 15:00:00+00:00,Hurricane (maximum wind speed of 296 km/h),39.0,-60.5,1762326758953,port1220; port256; port1102; port835; port2172; port336; port388; port2332; port66; port949; port2330; port1156; port840; port223; port763; port2105; port572,17,0.0,e34846541688462e8808638878306dba,4640098699038.423,18023634.967691384,296.0,0.0,Lavrion,Greece,GRC,Europe,37.7047701201238,24.061820872762,139,4,0,52,70,13,0.06,0.02,0,2,1,0,0,0,0,4.941642422609304,1.6094379124341003,2.6390573296152584,0.0,0.04,10.0,2025,10,7427.624244384461
1000736,port2010,TC,GONI-20,Tropical Cyclone GONI-20,Red Tropical Cyclone GONI-20 in Philippines from: 28 Oct 2020  to: 06 Nov 2020 .,RED,Philippines,2020-10-28 00:00:00+00:00,2020,2020-11-06 00:00:00+00:00,Tropical Depression (maximum wind speed of 315 km/h),13.9,109.2,1694314929059,port125; port694; port1232,3,0.0,01e6d560b4a74356a99aabb80ae23ac9,463013131529.6758,4774366.591185288,315.0,0.0,Azov,Russian Federation,RUS,Europe,47.1194455879615,39.3816632115377,1555,13,5,1419,1,117,0.32,0.38,0,2,1,0,0,0,0,7.349873704738337,2.6390573296152584,4.770684624465665,1.791759469228055,0.35,9.0,2020,10,6434.820666395141
1001090,port1424,TC,YAGI-24,Tropical Cyclone YAGI-24,"Red Tropical Cyclone YAGI-24 in China, Viet Nam, Philippines from: 01 Sep 2024  to: 07 Sep 2024 .",RED,Vietnam; China,2024-09-01 12:00:00+00:00,2024,2024-09-07 06:00:00+00:00,Hurricane (maximum wind speed of 241 km/h),21.0,106.9,1728469086877,port123; port136; port242; port339; port424; port437; port1071; port1196; port1409; port1426; port434; port473,12,0.0,0387d1f7d4ae4eb2a872db5de07e9c78,638269632730.5098,4139701.742897033,241.0,0.0,Zeebrugge,Belgium,BEL,Europe,51.32626774,3.212225359,4809,634,29,295,3183,668,3.52,4.56,0,2,1,0,0,0,0,8.478452363099807,6.453624998892692,6.505784060128229,3.4011973816621555,4.04,5.75,2024,9,7940.810133669887
10000003,fso53,OT,US PORTS STRIKE,US Ports Strike,"Labor strike affecting many ports across the US East and Gulf Coasts, as well as the Port of Montreal in Canada",RED,,2024-10-01 00:00:00+00:00,2024,2024-10-02 22:00:00+00:00,,29.77081,-95.35517,1727962353164,port812; port815; port826; port103; port901; port159; port513; port736; port754; port1170; port1259; port1398; port231; port481; port766; port2066; port951,17,0.0,9e9f1ca4abad4948af5caed716c137f3,2173469.48828125,6906.2243711354695,0.0,0.0,Angola - Offshore Oil Terminal 2,Angola,AGO,Africa,-7.235000000000002,11.285000000000002,19,0,0,0,0,19,0.0,18.29,0,2,0,0,0,0,1,2.995732273553991,0.0,2.995732273553991,0.0,9.145,1.9166666666666667,2024,10,12440.513357256648
1461014,port2228,EQ,Earthquake in China,Earthquake in China,Red M 7.1 Earthquake in China at: 07 Jan 2025 01:05:16.,RED,China,2025-01-07 01:05:16+00:00,2025,2025-01-07 01:05:16+00:00,"Magnitude 7.1M, Depth:10km",28.639,87.3608,1743233631549,,0,0.0,,41013872349.53711,717991.4094176202,0.0,7.1,Baniyas,Syria,SYR,Asia & Pacific,35.1858646499974,35.9421606838848,3,0,0,3,0,0,0.0,0.0,0,2,0,0,1,0,0,1.3862943611198906,0.0,0.0,0.0,0.0,0.0,2025,1,4720.907573749047
1001028,port93,TC,OTIS-23,Tropical Cyclone OTIS-23,Red Tropical Cyclone OTIS-23 in Mexico from: 22 Oct 2023  to: 25 Oct 2023 .,RED,Mexico,2023-10-22 15:00:00+00:00,2023,2023-10-25 21:00:00+00:00,Tropical Depression (maximum wind speed of 259 km/h),19.1,-100.8,1698455547761,port7,1,0.0,b2af87430d8340f29465e5075633c14a,83209950822.40918,1505916.18134488,259.0,0.0,Baie Comeau,Canada,CAN,North America,49.24803552,-68.14136189,181,3,112,61,4,1,1.26,0.98,0,2,1,0,0,0,0,5.204006687076795,1.3862943611198906,0.6931471805599453,4.727387818712341,1.12,3.25,2023,10,4098.603061547341
1001117,port1041,TC,DANA-24,Tropical Cyclone DANA-24,Red Tropical Cyclone DANA-24 in India from: 23 Oct 2024  to: 25 Oct 2024 .,RED,India,2024-10-23 06:00:00+00:00,2024,2024-10-25 00:00:00+00:00,Hurricane (maximum wind speed of 120 km/h),20.8,86.9,1743233631549,port883; port290,2,0.0,61640e351cc846aea17d94a763b36ba5,141183293249.01953,1513492.9164785235,120.0,0.0,Garrucha,Spain,ESP,Europe,37.18231033,-1.817859986,274,20,155,99,0,0,0.0,3.73,0,2,1,0,0,0,0,5.616771097666572,3.044522437723423,0.0,5.049856007249537,1.865,1.75,2024,10,8053.786067782332
1000972,port367,TC,MAWAR-23,Tropical Cyclone MAWAR-23,Red Tropical Cyclone MAWAR-23 in Guam from: 20 May 2023  to: 03 Jun 2023 .,RED,Guam; Northern Mariana Islands,2023-05-20 00:00:00+00:00,2023,2023-06-03 00:00:00+00:00,Tropical Storm (maximum wind speed of 296 km/h),30.7,138.1,1694319152977,port61; port1113,2,0.0,fe349de1f71843cca826c88a9a5396c0,1696969700479.611,9505783.434634589,296.0,0.0,"Funchal, Madeira",Portugal,PRT,Europe,32.74157142,-16.73220974,255,113,15,90,0,37,1.68,0.02,0,2,1,0,0,0,0,5.545177444479562,4.736198448394496,3.6375861597263857,2.772588722239781,0.85,14.0,2023,5,14457.55579163263
1000814,port1430,TC,GRACE-21,Tropical Cyclone GRACE-21,Red Tropical Cyclone GRACE-21 in Mexico from: 13 Aug 2021  to: 21 Aug 2021 .,RED,Mexico; Cayman Islands,2021-08-13 15:00:00+00:00,2021,2021-08-21 21:00:00+00:00,Tropical Depression (maximum wind speed of 194 km/h),19.6,-100.1,1694316291193,port1144; port1332; port389,3,0.0,121eef70bd7e4584a988fa9198fa31db,480482637423.72754,5295598.848609343,194.0,0.0,Zonguldak,Türkiye,TUR,Europe,41.50089364,31.87063822,521,7,165,328,18,3,3.7,0.1,0,2,1,0,0,0,0,6.257667587882639,2.0794415416798357,1.3862943611198906,5.111987788356544,1.9000000000000001,8.25,2021,8,11237.212415235634
10000004,port1227,OT,HORMUZ-26,Trade Disruptions in the Strait of Hormuz,Trade Disruptions in the Strait of Hormuz from: 01 Mar 2026  to: - .,RED,,2026-03-01 00:00:00+00:00,2019,2026-03-01 00:00:00+00:00,,26.29685,56.85985,1772323200000,chokepoint6,1,0.0,cc317ba850e34c4dadbead6f7b336fb1,17207899494.691406,591676.7546214922,0.0,0.0,Stenungsund,Sweden,SWE,Europe,58.08521924,11.82042199,361,0,0,0,0,361,4.71,1.73,0,2,0,0,0,0,1,5.8916442118257715,0.0,5.8916442118257715,0.0,3.2199999999999998,0.0,2026,3,4408.582258569758
1012873,fso131,DR,India and Sri Lanka-2019,"Drought in India, Sri Lanka","Red Drought in India, Sri Lanka from: 21 Dec 2018  to: 26 Aug 2019 .",RED,India; Sri Lanka,2018-12-21 00:00:00+00:00,2018,2019-08-26 13:37:00+00:00,Severe impact for agricultural drought in 85408 km2,8.828,79.198,1694311782990,port1331; port1319,2,0.0,,88052703825.3999,2608863.2322916104,0.0,0.0,Nigeria - Offshore Oil Terminal 12,Nigeria,NGA,Africa,3.049999999999999,6.697,1,0,0,0,0,1,0.01,0.03,0,2,0,0,0,1,0,0.6931471805599453,0.0,0.6931471805599453,0.0,0.02,248.5673611111111,2018,12,8061.763707602556
1001002,port1148,TC,HAIKUI-23,Tropical Cyclone HAIKUI-23,Red Tropical Cyclone HAIKUI-23 in China from: 28 Aug 2023  to: 04 Sep 2023 .,RED,China; Taiwan Province of China,2023-08-28 12:00:00+00:00,2023,2023-09-04 18:00:00+00:00,Tropical Depression (maximum wind speed of 194 km/h),23.7,117.3,1698455547761,port1192; port1404; port541; port681,4,0.0,83cbe0ec2d85422ab03cbb25f151b70d,485380883238.77344,5280102.282037299,194.0,0.0,Sandnessjøen,Norway,NOR,Europe,66.02360624,12.65364034,200,8,12,120,5,55,0.76,0.05,0,2,1,0,0,0,0,5.303304908059076,2.1972245773362196,4.02535169073515,2.5649493574615367,0.405,7.25,2023,8,6659.619120512399
10000003,port732,OT,US PORTS STRIKE,US Ports Strike,"Labor strike affecting many ports across the US East and Gulf Coasts, as well as the Port of Montreal in Canada",RED,,2024-10-01 00:00:00+00:00,2024,2024-10-02 22:00:00+00:00,,29.77081,-95.35517,1727962353164,port812; port815; port826; port103; port901; port159; port513; port736; port754; port1170; port1259; port1398; port231; port481; port766; port2066; port951,17,0.0,9e9f1ca4abad4948af5caed716c137f3,2173469.48828125,6906.2243711354695,0.0,0.0,Merauke,Indonesia,IDN,Asia & Pacific,-8.476708723,140.3924246,172,73,0,9,0,90,0.07,0.01,0,2,0,0,0,0,1,5.153291594497779,4.30406509320417,4.51085950651685,0.0,0.04,1.9166666666666667,2024,10,26228.004411182195
1000636,port2111,TC,KAMMURI-19,Tropical Cyclone KAMMURI-19,"Red Tropical Cyclone KAMMURI-19 in Philippines, Guam, Northern Mariana Islands from: 25 Nov 2019  to: 05 Dec 2019 .",RED,Philippines,2019-11-25 18:00:00+00:00,2019,2019-12-05 18:00:00+00:00,Tropical Depression (maximum wind speed of 213 km/h),12.2,113.5,1694312298029,port125; port694; port858; port1232,4,0.0,f189276a7e174aa88ce4270ecf7ee158,1310887873701.8965,7478805.052493515,213.0,0.0,Qushan Island,China,CHN,Asia & Pacific,30.4565874342441,122.28231082736,273,60,114,28,4,67,0.02,0.14,0,2,1,0,0,0,0,5.6131281063880705,4.110873864173311,4.219507705176107,4.74493212836325,0.08,10.0,2019,11,2193.80205785332
1000705,port235,TC,MAYSAK-20,Tropical Cyclone MAYSAK-20,"Red Tropical Cyclone MAYSAK-20 in Republic of Korea, Japan, Democratic Republic of Korea, China from: 28 Aug 2020  to: 02 Sep 2020 .",RED,Japan; Korea,2020-08-28 00:00:00+00:00,2020,2020-09-02 18:00:00+00:00,Hurricane/Typhoon > 74 mph (maximum wind speed of 231 km/h),35.5,129.0,1694314659620,port545; port785; port432; port715; port915; port1065; port1309; port1338,8,0.0,2e49fb9e14e147c7914103806eaa8c51,1738832135933.7012,9098031.240905829,231.0,0.0,Chennai (Madras),India,IND,Asia & Pacific,13.10046724,80.29425074,1511,565,163,277,52,454,3.76,2.22,0,2,1,0,0,0,0,7.321188556739478,6.338594078203183,6.12029741895095,5.099866427824199,2.99,5.75,2020,8,5823.128259266764
1001256,fso131,TC,GEZANI-26,Tropical Cyclone GEZANI-26,"Red Tropical Cyclone GEZANI-26 in Madagascar, Mozambique from: 06 Feb 2026  to: 18 Feb 2026 .",RED,"Madagascar, Mozambique",2026-02-06 00:00:00+00:00,2026,2026-02-18 12:00:00+00:00,Hurricane (maximum wind speed of 211 km/h),-35.63,41.6,1771623360667,,0,0.0,,115660665179.69922,1467389.249750107,211.0,0.0,Nigeria - Offshore Oil Terminal 12,Nigeria,NGA,Africa,3.049999999999999,6.697,1,0,0,0,0,1,0.01,0.03,0,2,1,0,0,0,0,0.6931471805599453,0.0,0.6931471805599453,0.0,0.02,12.5,2026,2,5779.373583836651
1000036,port2181,VO,Eruption  Hunga Tonga-Hunga Ha apai,Eruption  Hunga Tonga-Hunga Ha apai,Red Eruption Hunga Tonga-Hunga Ha apai in Tonga at: 18 Jan 2022 00:00.,RED,Tonga,2021-12-20 00:00:00+00:00,2021,2022-01-18 00:00:00+00:00,,-20.536,-175.382,1694317035039,port836,1,0.0,296a0ab5d56846fa807cf63b19868c85,36021562384.32031,672876.2515519108,0.0,0.0,Saiki,Japan,JPN,Asia & Pacific,32.9813660016647,131.905714426269,512,0,177,244,2,89,0.13,0.07,0,2,0,0,0,0,0,6.240275845170769,0.0,4.499809670330265,5.181783550292085,0.1,29.0,2021,12,29222.367066245395
1394952,port1216,EQ,Earthquake in Afghanistan,Earthquake in Afghanistan,Red M 6.3 Earthquake in Afghanistan at: 07 Oct 2023 06:41:02.,RED,Afghanistan,2023-10-07 06:41:02+00:00,2023,2023-10-07 06:41:02+00:00,"Magnitude 6.3M, Depth:14km",34.6102,61.9242,1698455547761,,0,0.0,,46640460082.48633,765656.977635154,0.0,6.3,Southampton,United Kingdom,GBR,Europe,50.90206161,-1.429531609,2026,827,24,196,780,199,5.97,14.63,0,2,0,0,1,0,0,7.614312146452,6.71901315438526,5.298317366548036,3.2188758248682006,10.3,0.0,2023,10,4789.413485533448
1000663,port209,TC,HAROLD-20,Tropical Cyclone HAROLD-20,"Red Tropical Cyclone HAROLD-20 in , Tonga, Fiji, Vanuatu from: 02 Apr 2020  to: 09 Apr 2020 .",RED,Fiji; Vanuatu; Tonga,2020-04-02 18:00:00+00:00,2020,2020-04-09 06:00:00+00:00,Hurricane/Typhoon > 74 mph (maximum wind speed of 269 km/h),-24.6,-170.7,1694314190344,port636; port643; port1240; port669; port836,5,0.0,56210f6c71f84299baa2ea0b705762f0,1886520768475.2756,11970100.92647234,269.0,0.0,Calumet Harbor,United States,USA,North America,41.68270148,-87.55852758,97,17,73,7,0,0,0.09,0.0,0,2,1,0,0,0,0,4.584967478670572,2.8903717578961645,0.0,4.30406509320417,0.045,6.5,2020,4,10081.44849826779
1001018,port2481,TC,KOINU-23,Tropical Cyclone KOINU-23,"Red Tropical Cyclone KOINU-23 in China, Japan, Philippines from: 29 Sep 2023  to: 10 Oct 2023 .",RED,Hong Kong Special Administrative Region; Taiwan Province of China; Macao Special Administrative Region,2023-09-29 12:00:00+00:00,2023,2023-10-10 00:00:00+00:00,Tropical Depression (maximum wind speed of 213 km/h),20.8,110.3,1698455547761,port482; port541; port681; port474; port674,5,0.0,06ae052bc2cc4c478d215983fb8fc680,759972452688.5215,4831098.315807256,213.0,0.0,Chhara LNG Terminal,India,IND,Asia & Pacific,20.71995184474917,70.7436301260347,0,0,0,0,0,0,0.0,0.0,0,2,1,0,0,0,0,0.0,0.0,0.0,0.0,0.0,10.5,2023,9,4106.776388434931
1000552,port2096,TC,IDAI-19,Tropical Cyclone IDAI-19,"Red Tropical Cyclone IDAI-19 in Mozambique, Zimbabwe, Miscellaneous (French) Indian Ocean Islands from: 09 Mar 2019  to: 15 Mar 2019 .",RED,Mozambique,2019-03-09 06:00:00+00:00,2019,2019-03-15 00:00:00+00:00,Hurricane/Typhoon > 74 mph (maximum wind speed of 194 km/h),-19.6,34.8,1694310439405,port137,1,0.0,3aa1164d42fb42e99f8ed581b6ecd4d1,350000681982.3291,3223229.700239708,194.0,0.0,Wyndham,Australia,AUS,Asia & Pacific,-15.4511143497895,128.102970768958,34,0,11,12,0,11,0.01,0.04,0,2,1,0,0,0,0,3.5553480614894135,0.0,2.4849066497880004,2.4849066497880004,0.025,5.75,2019,3,9992.938984545603
1001131,fso162,TC,CHIDO-25,Tropical Cyclone CHIDO-25,"Red Tropical Cyclone CHIDO-25 in Mozambique, Miscellaneous (French) Indian Ocean Islands, Madagascar, Comoros, Mayotte from: 09 Dec 2024  to: 16 Dec 2024 .",RED,Mozambique; Mayotte,2024-12-09 18:00:00+00:00,2024,2024-12-16 12:00:00+00:00,Hurricane (maximum wind speed of 243 km/h),-16.55,33.77,1743233631549,port982; port896,2,0.0,0461e32d3a3a496db34c0fcb4f802442,340251863450.24414,5630351.734478647,243.0,0.0,Thailand - Offshore Oil Terminal 1,Thailand,THA,Asia & Pacific,8.256999999999996,101.79199999999996,6,0,0,0,0,6,0.0,0.28,0,2,1,0,0,0,0,1.9459101490553132,0.0,1.9459101490553132,0.0,0.14,6.75,2024,12,7963.388427902502
1000916,port457,TC,FIONA-22,Tropical Cyclone FIONA-22,"Red Tropical Cyclone FIONA-22 in Canada, Turks and Caicos Islands, Dominican Republic, Puerto Rico from: 14 Sep 2022  to: 24 Sep 2022 .",RED,Montserrat; Canada; Antigua and Barbuda; Guadeloupe; St. Kitts and Nevis; United States; Dominican Republic; Turks and Caicos Islands; Puerto Rico,2022-09-14 15:00:00+00:00,2022,2022-09-24 21:00:00+00:00,Tropical Storm (maximum wind speed of 213 km/h),48.4,-60.5,1694318078129,port1245; port211; port443; port935; port1219; port51; port1055; port1147; port122; port232; port164; port913; port414; port1025; port910; port922; port1221,17,0.0,9ccdff1760bb46af903ec5b39378a058,3331680947058.3047,13796058.932976147,213.0,0.0,Haydarpasa,Türkiye,TUR,Europe,41.00022011,29.01540042,382,80,6,132,54,110,0.09,0.07,0,2,1,0,0,0,0,5.948034989180646,4.394449154672439,4.709530201312334,1.9459101490553132,0.08,10.25,2022,9,7543.7769213924985
1269679,port2381,EQ,Earthquake in China,Earthquake in China,Red M 6.1 Earthquake in China at: 21 May 2021 13:48:37.,RED,China,2021-05-21 13:48:37+00:00,2021,2021-05-21 13:48:37+00:00,"Magnitude 6.1M, Depth:10km",25.7614,100.0076,1694315573198,,0,0.0,,38950852849.05469,699708.9407092759,0.0,6.1,Dongguan LNG Terminal,China,CHN,Asia & Pacific,22.950090353838224,113.55846369487617,1922,1,13,13,0,1895,0.28,0.0,0,2,0,0,1,0,0,7.56164174558878,0.6931471805599453,7.547501682814967,2.6390573296152584,0.14,0.0,2021,5,1419.802456188678
1498907,port657,EQ,Earthquake in Afghanistan,Earthquake in Afghanistan,Red M 5.6 Earthquake in Afghanistan at: 04 Sep 2025 16:56:24.,RED,Afghanistan,2025-09-04 16:56:24+00:00,2025,2025-09-04 16:56:24+00:00,"Magnitude 5.6M, Depth:10km",34.719,70.7909,1759774040248,,0,0.0,,46755681362.38086,766604.8070657091,0.0,5.6,Lome,Togo,TGO,Africa,6.144824676,1.282708954,1409,929,131,110,68,171,100.0,100.0,0,2,0,0,1,0,0,7.251344983372214,6.835184586147301,5.147494476813453,4.882801922586371,100.0,0.0,2025,9,8300.925677412526
1000636,port690,TC,KAMMURI-19,Tropical Cyclone KAMMURI-19,"Red Tropical Cyclone KAMMURI-19 in Philippines, Guam, Northern Mariana Islands from: 25 Nov 2019  to: 05 Dec 2019 .",RED,Philippines,2019-11-25 18:00:00+00:00,2019,2019-12-05 18:00:00+00:00,Tropical Depression (maximum wind speed of 213 km/h),12.2,113.5,1694312298029,port125; port694; port858; port1232,4,0.0,f189276a7e174aa88ce4270ecf7ee158,1310887873701.8965,7478805.052493515,213.0,0.0,Malmö,Sweden,SWE,Europe,55.62686072,13.02682828,786,16,70,109,230,361,3.81,2.33,0,2,1,0,0,0,0,6.668228248417403,2.833213344056216,5.8916442118257715,4.2626798770413155,3.0700000000000003,10.0,2019,11,7929.810399940174
1012119,port950,WF,Forest fires in Chile,Forest fires in Chile,Red Forest fires in Chile from: 02 Feb 2023 to: 15 Feb 2023.,RED,Chile,2023-02-02 00:00:00+00:00,2023,2023-02-15 00:00:00+00:00,Red impact for forestfire in 40563 ha,-36.64925,-72.85635,1694318652805,,0,0.0,,631325497.7460938,239787.16918134663,0.0,0.0,Port Est,Réunion,REU,Africa,-20.93088407,55.30742425,474,275,45,58,44,52,100.0,100.0,0,2,0,0,0,0,0,6.163314804034641,5.62040086571715,3.970291913552122,3.828641396489095,100.0,13.0,2023,2,13401.481625790506
1178759,port2040,EQ,"Earthquake in Eastern New Guinea Reg., P.N.G.","Earthquake in Eastern New Guinea Reg., P.N.G.","Red M 7.2 Earthquake in Eastern New Guinea Reg., P.N.G. at: 06 May 2019 21:19:35.",RED,Papua New Guinea,2019-05-06 21:19:35+00:00,2019,2019-05-06 21:19:35+00:00,"Magnitude 7.2M, Depth:126.92km",-6.9767,146.44,1694310914933,port624,1,0.0,98299d6738574f2ea18e46e19f71327e,32064448784.467773,634862.1513849135,0.0,7.2,Naha,Japan,JPN,Asia & Pacific,26.2326412690527,127.66954585426,1727,383,64,592,600,88,0.17,0.11,0,2,0,0,1,0,0,7.454719949364001,5.950642552587727,4.48863636973214,4.174387269895637,0.14,0.0,2019,5,4132.946683377595
1000985,port1071,TC,DOKSURI-23,Tropical Cyclone DOKSURI-23,"Red Tropical Cyclone DOKSURI-23 in China, Philippines from: 21 Jul 2023  to: 28 Jul 2023 .",RED,China; Taiwan Province of China,2023-07-21 12:00:00+00:00,2023,2023-07-28 06:00:00+00:00,Hurricane/Typhoon > 74 mph (maximum wind speed of 241 km/h),25.7,118.4,1694319313120,port370; port1074; port1192; port1404; port1405; port541,6,0.0,b540df4fc6a5421bb2da4ed0f0a690c4,928424469375.0684,5417913.710063252,241.0,0.0,Qinzhou,China,CHN,Asia & Pacific,21.67876784,108.6383226,3588,1184,924,495,4,981,1.03,0.56,0,2,1,0,0,0,0,8.185628891147607,7.077498053569231,6.889591308354466,6.829793737512425,0.795,6.75,2023,7,1101.4059082157646
1100185,port654,FL,"Flood in British Virgin Islands, The Bahamas","Flood in British Virgin Islands, The Bahamas","Red Flood in British Virgin Islands, The Bahamas from: 28 Aug 2019 00 to: 28 Aug 2019 00.",RED,The Bahamas,2019-08-28 00:00:00+00:00,2019,2019-08-28 00:00:00+00:00,,26.70673,-78.87209,1694311792460,port251; port357; port388; port721; port798; port821,6,0.0,5b46b63747f248a6847ddcf455d8e50f,362766691516.7617,2700767.8928220104,0.0,0.0,Liverpool,United Kingdom,GBR,Europe,53.42928626,-3.009155853,2257,726,210,424,238,659,10.19,2.99,0,2,0,1,0,0,0,7.722234744709607,6.588926477533519,6.492239835020471,5.351858133476067,6.59,0.0,2019,8,5828.457668446834
1001101,port2328,TC,HELENE-24,Tropical Cyclone HELENE-24,"Red Tropical Cyclone HELENE-24 in United States, Mexico, Belize from: 23 Sep 2024  to: 27 Sep 2024 .",RED,Mexico; United States,2024-09-23 15:00:00+00:00,2024,2024-09-27 21:00:00+00:00,Hurricane (maximum wind speed of 222 km/h),37.5,-85.5,1728469086877,port879; port1144,2,0.0,42ada76f830c4cb58821d311383c4da0,692109064449.9551,4910254.54021647,222.0,0.0,Tuzla (Pendik),Türkiye,TUR,Europe,40.859215326162925,29.264536890231355,800,50,13,255,334,148,0.24,0.35,0,2,1,0,0,0,0,6.68586094706836,3.9318256327243257,5.003946305945459,2.6390573296152584,0.295,4.25,2024,9,9641.861525709914
1000922,port833,TC,NORU-22,Tropical Cyclone NORU-22,"Red Tropical Cyclone NORU-22 in Viet Nam, Laos, Philippines from: 22 Sep 2022  to: 28 Sep 2022 .",RED,Philippines; Vietnam,2022-09-22 00:00:00+00:00,2022,2022-09-28 00:00:00+00:00,Hurricane/Typhoon > 74 mph (maximum wind speed of 259 km/h),16.0,107.8,1694318122116,port694; port1232; port213; port269,4,0.0,fcb67d56baae4103ade370dd3995d8c8,543451018476.1074,5830422.225303048,259.0,0.0,Novorossiysk,Russian Federation,RUS,Europe,44.72345598,37.8087215,4438,712,774,1195,179,1578,6.25,17.19,0,2,1,0,0,0,0,8.398184404834035,6.569481420414296,7.364547014255642,6.652863029353347,11.72,6.0,2022,9,6374.600167816608
1548377,port659,EQ,Earthquake in Venezuela,Earthquake in Venezuela,Red M 7.5 Earthquake in Venezuela at: 24 Jun 2026 22:05:12.,RED,Venezuela,2026-06-24 22:05:12+00:00,2026,2026-06-24 22:05:12+00:00,"Magnitude 7.5M, Depth:10km",10.453,-68.5139,1784045057281,port1029; port320; port2260; port618,4,0.0,076f32f7c4174f1da910d78fedce6623,32663314903.23291,640747.6201487333,0.0,7.5,London Gateway,United Kingdom,GBR,Europe,51.51025908,0.516336392,1931,1274,20,65,466,106,4.94,3.26,0,2,0,0,1,0,0,7.566311014772463,7.150701457592526,4.672828834461906,3.044522437723423,4.1,0.0,2026,6,6596.322503168189
1000814,port29,TC,GRACE-21,Tropical Cyclone GRACE-21,Red Tropical Cyclone GRACE-21 in Mexico from: 13 Aug 2021  to: 21 Aug 2021 .,RED,Mexico; Cayman Islands,2021-08-13 15:00:00+00:00,2021,2021-08-21 21:00:00+00:00,Tropical Depression (maximum wind speed of 194 km/h),19.6,-100.1,1694316291193,port1144; port1332; port389,3,0.0,121eef70bd7e4584a988fa9198fa31db,480482637423.72754,5295598.848609343,194.0,0.0,Aalborg,Denmark,DNK,Europe,57.05441309,9.991278757,733,78,311,226,2,116,4.51,5.43,0,2,1,0,0,0,0,6.598509028614515,4.3694478524670215,4.762173934797756,5.7430031878094825,4.97,8.25,2021,8,7839.087569436017
1000227,port1388,FL,Flood in Mozambique,Flood in Mozambique,Red Flood in Mozambique from: 09 Mar 2019 00 to: 29 Mar 2019 00.,RED,Mozambique,2019-03-09 00:00:00+00:00,2019,2019-03-29 00:00:00+00:00,,-15.178,36.432,1694310567224,port137; port784; port896,3,0.0,c2ad419a75d24ec28ae55a0728a0eb79,642589988843.8467,5359810.993936229,0.0,0.0,Wellington,New Zealand,NZL,Asia & Pacific,-41.25688929,174.8304738,411,147,132,10,57,65,4.39,6.41,0,2,0,1,0,0,0,6.021023349349527,4.997212273764115,4.189654742026425,4.890349128221754,5.4,20.0,2019,3,11905.986522415773
1000970,fso94,TC,MOCHA-23,Tropical Cyclone MOCHA-23,Red Tropical Cyclone MOCHA-23 in Myanmar from: 11 May 2023  to: 14 May 2023 .,RED,Myanmar,2023-05-11 00:00:00+00:00,2023,2023-05-14 12:00:00+00:00,Hurricane/Typhoon > 74 mph (maximum wind speed of 259 km/h),20.8,93.1,1694319041758,port961,1,0.0,14fa1161bedc426888263e54f9c2e255,477790409195.9639,4284932.731565202,259.0,0.0,Indonesia - Offshore Oil Terminal 3,Indonesia,IDN,Asia & Pacific,5.022999999999999,105.95199999999998,1,0,0,0,0,1,0.0,0.01,0,2,1,0,0,0,0,0.6931471805599453,0.0,0.6931471805599453,0.0,0.005,3.5,2023,5,2255.298785774711
10000003,port2153,OT,US PORTS STRIKE,US Ports Strike,"Labor strike affecting many ports across the US East and Gulf Coasts, as well as the Port of Montreal in Canada",RED,,2024-10-01 00:00:00+00:00,2024,2024-10-02 22:00:00+00:00,,29.77081,-95.35517,1727962353164,port812; port815; port826; port103; port901; port159; port513; port736; port754; port1170; port1259; port1398; port231; port481; port766; port2066; port951,17,0.0,9e9f1ca4abad4948af5caed716c137f3,2173469.48828125,6906.2243711354695,0.0,0.0,Karimun,Indonesia,IDN,Asia & Pacific,1.06318536647826,103.317664793112,151,0,0,14,0,137,0.58,0.32,0,2,0,0,0,0,1,5.0238805208462765,0.0,4.927253685157205,0.0,0.44999999999999996,1.9166666666666667,2024,10,22277.960937093918
1000985,port1232,TC,DOKSURI-23,Tropical Cyclone DOKSURI-23,"Red Tropical Cyclone DOKSURI-23 in China, Philippines from: 21 Jul 2023  to: 28 Jul 2023 .",RED,China; Taiwan Province of China,2023-07-21 12:00:00+00:00,2023,2023-07-28 06:00:00+00:00,Hurricane/Typhoon > 74 mph (maximum wind speed of 241 km/h),25.7,118.4,1694319313120,port370; port1074; port1192; port1404; port1405; port541,6,0.0,b540df4fc6a5421bb2da4ed0f0a690c4,928424469375.0684,5417913.710063252,241.0,0.0,Subic Bay,Philippines,PHL,Asia & Pacific,14.80314981,120.2913574,868,316,77,177,30,268,6.43,1.1,0,2,1,0,0,0,0,6.767343125265392,5.75890177387728,5.594711379601839,4.356708826689592,3.7649999999999997,6.75,2023,7,1226.4623833204914
1327560,port2502,EQ,Earthquake in Afghanistan,Earthquake in Afghanistan,Red M 5.9 Earthquake in Afghanistan at: 21 Jun 2022 20:54:36.,RED,Afghanistan,2022-06-21 20:54:36+00:00,2022,2022-06-21 20:54:36+00:00,"Magnitude 5.9M, Depth:10km",33.0924,69.5135,1694317525815,,0,0.0,,45009193544.7793,752151.8557061444,0.0,5.9,Taoyuan LNG Terminal,Taiwan Province of China,TWN,Asia & Pacific,25.03719831760541,121.05341775399802,0,0,0,0,0,0,0.0,0.0,0,2,0,0,1,0,0,0.0,0.0,0.0,0.0,0.0,0.0,2022,6,5259.906495297698
1180592,fso13,EQ,Earthquake in Peru,Earthquake in Peru,Red M 8 Earthquake in Peru at: 26 May 2019 07:41:14.,RED,Peru,2019-05-26 07:41:14+00:00,2019,2019-05-26 07:41:14+00:00,"Magnitude 8M, Depth:109.88km",-5.796,-75.2975,1694311079892,,0,0.0,,31912063391.56494,633332.3292619635,0.0,8.0,Brazil - Offshore Oil Terminal 21,Brazil,BRA,South America,-24.787,-42.508,66,0,0,0,0,66,0.0,0.74,0,2,0,0,1,0,0,4.204692619390966,0.0,4.204692619390966,0.0,0.37,0.0,2019,5,3919.4679255269475
10000002,port1161,OT,COLLAPSE FRANCIS SCOTT KEY BRIDGE,Baltimore: Collapse of Francis Scott Key Bridge,Collapse of the Francis Scott Key Bridge halted vessel traffic at the port of Baltimore,RED,United States,2024-03-26 00:00:00+00:00,2024,2024-06-12 04:00:00+00:00,,39.21934,-76.52521,1711737778359,port103,1,0.0,ce951f9474d843f48c48b47b21b7bab0,95440715.42578124,38765.194399173095,0.0,0.0,Sao Francisco,Brazil,BRA,South America,-26.210395,-48.62047395,404,4,331,63,0,6,1.94,0.82,0,2,0,0,0,0,1,6.003887067106539,1.6094379124341003,1.9459101490553132,5.805134968916488,1.38,78.16666666666667,2024,3,7776.203693721971
1001118,port2352,TC,KONG-REY-24,Tropical Cyclone KONG-REY-24,"Red Tropical Cyclone KONG-REY-24 in Philippines, Taiwan, China, Japan from: 25 Oct 2024  to: 01 Nov 2024 .",RED,Taiwan Province of China; China,2024-10-25 00:00:00+00:00,2024,2024-11-01 18:00:00+00:00,Hurricane (maximum wind speed of 241 km/h),32.2,126.1,1743233631549,port238; port824; port681; port2230; port1390; port2229; port541; port1074; port438; port482; port1405; port1261; port1192; port370; port1252; port1404; port1403,17,0.0,8a0fa020db1c41418971e9ad621376c5,1161912189137.1094,5519864.053116027,241.0,0.0,Zhenjiang New Area,China,CHN,Asia & Pacific,32.20101824006198,119.63932374760748,2623,296,1266,263,1,797,1.02,0.2,0,2,1,0,0,0,0,7.8724551500639794,5.6937321388027,6.682108597449809,7.144407180321139,0.61,7.75,2024,10,606.828009459401
1180592,port1265,EQ,Earthquake in Peru,Earthquake in Peru,Red M 8 Earthquake in Peru at: 26 May 2019 07:41:14.,RED,Peru,2019-05-26 07:41:14+00:00,2019,2019-05-26 07:41:14+00:00,"Magnitude 8M, Depth:109.88km",-5.796,-75.2975,1694311079892,,0,0.0,,31912063391.56494,633332.3292619635,0.0,8.0,Tangier-Mediterranean,Morocco,MAR,Africa,35.87985242,-5.511023901,4177,3015,24,104,362,672,54.33,71.06,0,2,0,0,1,0,0,8.33758794211651,8.011686729127847,6.511745329644728,3.2188758248682006,62.695,0.0,2019,5,7797.020198330416
1406601,port2507,EQ,Earthquake in China,Earthquake in China,Red M 6 Earthquake in China at: 18 Dec 2023 15:59:30.,RED,China,2023-12-18 15:59:30+00:00,2023,2023-12-18 15:59:30+00:00,"Magnitude 6M, Depth:10km",35.7339,102.8364,1702917683204,,0,0.0,,47945694506.078125,776304.0424805713,0.0,6.0,Yancheng,China,CHN,Asia & Pacific,34.29697046466422,120.27855945133764,0,0,0,0,0,0,0.0,0.0,0,2,0,0,1,0,0,0.0,0.0,0.0,0.0,0.0,0.0,2023,12,1607.3828812778431
1000561,port184,TC,FANI-19,Tropical Cyclone FANI-19,"Red Tropical Cyclone FANI-19 in , India, Bangladesh, Bhutan from: 27 Apr 2019  to: 03 May 2019 .",RED,India,2019-04-27 00:00:00+00:00,2019,2019-05-03 12:00:00+00:00,Hurricane/Typhoon > 74 mph (maximum wind speed of 250 km/h),21.3,86.2,1694310887323,port290; port883,2,0.0,7a4e3ee5892f497a996870d3e0e6f414,560020159936.9023,4851355.971460343,250.0,0.0,Buenos Aires,Argentina,ARG,South America,-34.61975015,-58.35237171,1376,521,52,119,25,659,33.08,6.62,0,2,1,0,0,0,0,7.227662498728654,6.257667587882639,6.492239835020471,3.970291913552122,19.849999999999998,6.5,2019,4,14590.496010012936
1000663,port165,TC,HAROLD-20,Tropical Cyclone HAROLD-20,"Red Tropical Cyclone HAROLD-20 in , Tonga, Fiji, Vanuatu from: 02 Apr 2020  to: 09 Apr 2020 .",RED,Fiji; Vanuatu; Tonga,2020-04-02 18:00:00+00:00,2020,2020-04-09 06:00:00+00:00,Hurricane/Typhoon > 74 mph (maximum wind speed of 269 km/h),-24.6,-170.7,1694314190344,port636; port643; port1240; port669; port836,5,0.0,56210f6c71f84299baa2ea0b705762f0,1886520768475.2756,11970100.92647234,269.0,0.0,Brake,Germany,DEU,Europe,53.34359213,8.489910106,954,83,119,632,3,117,1.86,1.12,0,2,1,0,0,0,0,6.86171134048073,4.430816798843313,4.770684624465665,4.787491742782046,1.4900000000000002,6.5,2020,4,14692.191741395447
1001027,port18,TC,LOLA-23,Tropical Cyclone LOLA-23,"Red Tropical Cyclone LOLA-23 in Vanuatu, Solomon Islands from: 21 Oct 2023  to: 26 Oct 2023 .",RED,Vanuatu,2023-10-21 18:00:00+00:00,2023,2023-10-26 00:00:00+00:00,Tropical Depression (maximum wind speed of 222 km/h),-17.5,165.6,1698455547761,port669,1,0.0,cbc6d099a6e94f3e81a235627b040e2c,210094812873.85745,2572664.852082143,222.0,0.0,Hudaydah (Hodeidah),Yemen,YEM,Asia & Pacific,14.8331155,42.94343741,283,47,103,70,2,61,28.43,9.48,0,2,1,0,0,0,0,5.648974238161206,3.871201010907891,4.127134385045092,4.6443908991413725,18.955,4.25,2023,10,13641.743255160256
1000001,fso50,OT,RESTRICTIONS PANAMA CANAL,Shipping restrictions to Panama Canal,Drought restrictions imposed amid insufficient rainfall at the Gatún Lake,RED,,2023-11-03 00:00:00+00:00,2023,2024-08-05 04:00:00+00:00,,9.120512,-79.76723,1708810459951,chokepoint2,1,0.0,76f7d4b0062e46c5bbc862d4c3ce1d4b,30909854.189941406,168533.80110847912,0.0,0.0,Guyana - Offshore Oil Terminal 3,Guyana,GUY,South America,8.01,-56.992,39,0,0,0,0,39,0.0,32.07,0,2,0,0,0,0,1,3.6888794541139363,0.0,3.6888794541139363,0.0,16.035,276.1666666666667,2023,11,2506.419265165534
1001199,port1098,TC,KAJIKI-25,Tropical Cyclone KAJIKI-25,"Red Tropical Cyclone KAJIKI-25 in China, Viet Nam, Laos from: 22 Aug 2025  to: 25 Aug 2025 .",RED,China; Vietnam,2025-08-22 12:00:00+00:00,2025,2025-08-25 12:00:00+00:00,Hurricane (maximum wind speed of 176 km/h),18.6,105.7,1759773926919,port819; port123; port2405,3,0.0,ac2ab6950be24be78651406ff4a48fd3,315832502165.2754,3249273.252154244,176.0,0.0,Reykjavík,Iceland,ISL,Europe,64.16372639,-21.84320935,568,377,1,93,0,97,50.34,62.44,0,2,1,0,0,0,0,6.343880434126331,5.934894195619588,4.584967478670572,0.6931471805599453,56.39,3.0,2025,8,7977.783953374088
1000752,port581,TC,YASA-20,Tropical Cyclone YASA-20,"Red Tropical Cyclone YASA-20 in Fiji, from: 12 Dec 2020  to: 20 Dec 2020 .",RED,Fiji,2020-12-12 12:00:00+00:00,2020,2020-12-20 00:00:00+00:00,Tropical Storm (maximum wind speed of 259 km/h),-23.3,-178.1,1694315138928,port636; port643; port687; port1240,4,0.0,b1fdccb4c2e54ca0b570e64a6114dbdd,690398598422.3789,5640670.516540977,259.0,0.0,Kobe,Japan,JPN,Asia & Pacific,34.67293989,135.2293271,10594,4121,789,2636,558,2490,3.49,5.63,0,2,1,0,0,0,0,9.2681374707024,8.324093761450404,7.820439515262181,6.672032945461067,4.5600000000000005,7.5,2020,12,29318.0742496175
1101659,port638,FL,Flood in Nigeria,Flood in Nigeria,Red Flood in Nigeria from: 10 Sep 2022 01 to: 26 Oct 2022 01.,RED,Nigeria,2022-09-10 01:00:00+00:00,2022,2022-10-26 01:00:00+00:00,,4.762979,6.028898,1694318293002,port205; port587; port1165; port1383,4,0.0,9a4da61ebdd844f7a73d21254b8224ff,48581411140.71811,1903249.6982656445,0.0,0.0,Saint-Brieuc,France,FRA,Europe,48.52821971,-2.725249362,109,6,0,103,0,0,0.06,0.04,0,2,0,1,0,0,0,4.700480365792417,1.9459101490553132,0.0,0.0,0.05,46.0,2022,9,4900.378648119499
1496100,port2173,EQ,Earthquake in Indonesia,Earthquake in Indonesia,Red M 5.8 Earthquake in Indonesia at: 16 Aug 2025 22:38:52.,RED,Indonesia,2025-08-16 22:38:52+00:00,2025,2025-08-16 22:38:52+00:00,"Magnitude 5.8M, Depth:10km",-1.2569,120.7409,1759773822647,,0,0.0,,31604247090.93567,630279.7898142078,0.0,5.8,Henza Island,Japan,JPN,Asia & Pacific,26.3607518705613,127.966400053085,299,0,0,6,0,293,0.16,0.22,0,2,0,0,1,0,0,5.703782474656201,0.0,5.683579767338681,0.0,0.19,0.0,2025,8,3148.6642427825773
1474477,port100,EQ,Earthquake in Myanmar,Earthquake in Myanmar,Red M 7.7 Earthquake in Myanmar at: 28 Mar 2025 06:20:54.,RED,Myanmar,2025-03-28 06:20:54+00:00,2025,2025-03-28 06:20:54+00:00,"Magnitude 7.7M, Depth:10km",22.0128,95.9216,1743233631549,,0,0.0,,36759664931.29297,679747.7557870499,0.0,7.7,Baku Port,Azerbaijan,AZE,Europe,40.28461052,49.73252397,1455,2,16,384,325,728,100.0,100.0,0,2,0,0,1,0,0,7.283448228756631,1.0986122886681098,6.591673732008658,2.833213344056216,100.0,0.0,2025,3,4405.682233463976
1000227,fso78,FL,Flood in Mozambique,Flood in Mozambique,Red Flood in Mozambique from: 09 Mar 2019 00 to: 29 Mar 2019 00.,RED,Mozambique,2019-03-09 00:00:00+00:00,2019,2019-03-29 00:00:00+00:00,,-15.178,36.432,1694310567224,port137; port784; port896,3,0.0,c2ad419a75d24ec28ae55a0728a0eb79,642589988843.8467,5359810.993936229,0.0,0.0,Gabon - Offshore Oil Terminal 3,Gabon,GAB,Africa,-0.6320000000000006,8.71700000000001,49,0,0,0,0,49,0.0,43.05,0,2,0,1,0,0,0,3.912023005428146,0.0,3.912023005428146,0.0,21.525,20.0,2019,3,3474.1650354261824
1000023,port268,VO,Eruption  Nyiragongo,Eruption  Nyiragongo,Red Eruption Nyiragongo in Democratic Republic of Congo at: 04 Jun 2021 00:00.,RED,Democratic Republic of Congo,2021-05-23 00:00:00+00:00,2021,2021-06-04 00:00:00+00:00,,-1.52,29.25,1694315728789,,0,0.0,,31610039747.029297,630337.8738847916,0.0,0.0,Cuxhaven,Germany,DEU,Europe,53.85279364,8.721034288,998,63,11,138,478,308,0.26,0.49,0,2,0,0,0,0,0,6.906754778648554,4.1588830833596715,5.733341276897746,2.4849066497880004,0.375,12.0,2021,5,6291.634618807724
1502713,port1340,EQ,Earthquake in Philippines,Earthquake in Philippines,Orange M 6.9 Earthquake in Philippines at: 30 Sep 2025 13:59:43.,ORANGE,Philippines,2025-09-30 13:59:43+00:00,2025,2025-09-30 13:59:43+00:00,"Magnitude 6.9M, Depth:10km",11.1514,124.1376,1759774595295,port2207; port224; port858,3,0.0,9626abce4e994e70ba102a35f9ffb1ce,32821300798.333984,642310.2440621144,0.0,6.9,Umm al Qaiwain,United Arab Emirates,ARE,Asia & Pacific,25.58810902,55.58024004,127,44,1,72,10,0,0.07,0.01,0,1,0,0,1,0,0,4.852030263919617,3.8066624897703196,0.0,0.6931471805599453,0.04,0.0,2025,9,7048.096514364796
1000552,port834,TC,IDAI-19,Tropical Cyclone IDAI-19,"Red Tropical Cyclone IDAI-19 in Mozambique, Zimbabwe, Miscellaneous (French) Indian Ocean Islands from: 09 Mar 2019  to: 15 Mar 2019 .",RED,Mozambique,2019-03-09 06:00:00+00:00,2019,2019-03-15 00:00:00+00:00,Hurricane/Typhoon > 74 mph (maximum wind speed of 194 km/h),-19.6,34.8,1694310439405,port137,1,0.0,3aa1164d42fb42e99f8ed581b6ecd4d1,350000681982.3291,3223229.700239708,194.0,0.0,Nowshahr Port,Iran,IRN,Asia & Pacific,36.65505162,51.50857211,174,1,0,163,0,10,0.47,0.06,0,2,1,0,0,0,0,5.1647859739235145,0.6931471805599453,2.3978952727983707,0.0,0.265,5.75,2019,3,6419.128735255192
1000667,port39,TC,AMPHAN-20,Tropical Cyclone AMPHAN-20,"Red Tropical Cyclone AMPHAN-20 in India, Bangladesh, Bhutan from: 16 May 2020  to: 20 May 2020 .",RED,India,2020-05-16 06:00:00+00:00,2020,2020-05-20 12:00:00+00:00,Hurricane/Typhoon > 74 mph (maximum wind speed of 269 km/h),22.2,88.3,1694314330037,port207; port290; port442; port883,4,0.0,4aa2d000ec6344bd8e3ff519e352cddc,486303246583.71,3835378.588229685,269.0,0.0,Alvika,Norway,NOR,Europe,62.47917202,6.371692045,302,21,42,200,27,12,0.35,0.06,0,2,1,0,0,0,0,5.713732805509369,3.091042453358316,2.5649493574615367,3.7612001156935624,0.205,4.25,2020,5,6135.741479564883
1001154,port157,TC,JUDE-25,Tropical Cyclone JUDE-25,"Red Tropical Cyclone JUDE-25 in Mozambique, Madagascar from: 08 Mar 2025  to: 16 Mar 2025 .",RED,Madagascar; Mozambique,2025-03-08 18:00:00+00:00,2025,2025-03-16 00:00:00+00:00,Hurricane (maximum wind speed of 148 km/h),-26.04,51.93,1743233631549,port1307; port784; port340,3,0.0,741cbca36fb74752a8b9624f447fe27b,892986210001.831,7536661.496264165,148.0,0.0,Bossaso,Somalia,SOM,Africa,11.2906123,49.18112783,81,1,6,61,0,13,6.74,13.23,0,2,1,0,0,0,0,4.406719247264253,0.6931471805599453,2.6390573296152584,1.9459101490553132,9.985,7.25,2025,3,4154.487360568557
1557236,port2279,EQ,Earthquake in Colombia,Earthquake in Colombia,Red M 7.4 Earthquake in Colombia at: 10 Aug 2026 12:34:28.,RED,Colombia,2026-08-10 12:34:28+00:00,2026,2026-08-10 12:34:28+00:00,"Magnitude 7.4M, Depth:110.285km",4.8436,-76.2422,1786788245013,,0,0.0,,31818321053.560303,632417.6853181977,0.0,7.4,Cumarebo,Venezuela,VEN,South America,11.508558603353563,-69.32839630505957,0,0,0,0,0,0,0.0,0.0,0,2,0,0,1,0,0,0.0,0.0,0.0,0.0,0.0,0.0,2026,8,1054.9065480422591
1548377,port555,EQ,Earthquake in Venezuela,Earthquake in Venezuela,Red M 7.5 Earthquake in Venezuela at: 24 Jun 2026 22:05:12.,RED,Venezuela,2026-06-24 22:05:12+00:00,2026,2026-06-24 22:05:12+00:00,"Magnitude 7.5M, Depth:10km",10.453,-68.5139,1784045057281,port1029; port320; port2260; port618,4,0.0,076f32f7c4174f1da910d78fedce6623,32663314903.23291,640747.6201487333,0.0,7.5,Kawasaki,Japan,JPN,Asia & Pacific,35.50702517,139.7484705,7836,391,721,1910,374,4440,2.13,2.34,0,2,0,0,1,0,0,8.966611387052865,5.971261839790462,8.398634855292102,6.582025138892826,2.235,0.0,2026,6,19022.741988739086
1100902,port2379,FL,"Flood in Bangladesh, India","Flood in Bangladesh, India","Red Flood in Bangladesh, India from: 24 May 2021 01 to: 31 May 2021 01.",RED,India,2021-05-24 01:00:00+00:00,2021,2021-05-31 01:00:00+00:00,,23.45598,85.25573,1694315699826,port207; port235; port290; port442; port534; port544; port883; port1331,8,0.0,0444d1d2ece246b8bf863f26ef9e0444,516672397465.7856,15044471.16740546,0.0,0.0,Dominion Cove Point,United States,USA,North America,38.39271789820683,-76.38902776776149,65,0,0,0,0,65,0.0,0.34,0,2,0,1,0,0,0,4.189654742026425,0.0,4.189654742026425,0.0,0.17,7.0,2021,5,14160.2879573918
1000752,port298,TC,YASA-20,Tropical Cyclone YASA-20,"Red Tropical Cyclone YASA-20 in Fiji, from: 12 Dec 2020  to: 20 Dec 2020 .",RED,Fiji,2020-12-12 12:00:00+00:00,2020,2020-12-20 00:00:00+00:00,Tropical Storm (maximum wind speed of 259 km/h),-23.3,-178.1,1694315138928,port636; port643; port687; port1240,4,0.0,b1fdccb4c2e54ca0b570e64a6114dbdd,690398598422.3789,5640670.516540977,259.0,0.0,Dos Bocas Terminal,Mexico,MEX,North America,18.4321946,-93.18303296,108,0,13,21,0,74,0.09,0.35,0,2,1,0,0,0,0,4.6913478822291435,0.0,4.31748811353631,2.6390573296152584,0.21999999999999997,7.5,2020,12,10070.817915091018
1000000,port2277,OT,RED SEA TENSIONS,Trade Disruptions in the Red Sea,Trade disruptions in the Red Sea (near Bab el-Mandeb Strait) due to attacks on commercial ships,RED,,2023-12-16 00:00:00+00:00,2023,2023-12-16 00:00:00+00:00,,20.31573,38.73504,1708595379825,chokepoint4; chokepoint1; chokepoint7,3,0.0,573013af3b6545deaeb50ed1cbaf9444,508756310979.897,4678015.079434657,0.0,0.0,Chacabuco,Chile,CHL,South America,-45.46313257402253,-72.8226627271358,169,27,2,14,96,30,0.05,0.08,0,2,0,0,0,0,1,5.135798437050262,3.332204510175204,3.4339872044851463,1.0986122886681098,0.065,0.0,2023,12,11346.365165274628
1548377,fso113,EQ,Earthquake in Venezuela,Earthquake in Venezuela,Red M 7.5 Earthquake in Venezuela at: 24 Jun 2026 22:05:12.,RED,Venezuela,2026-06-24 22:05:12+00:00,2026,2026-06-24 22:05:12+00:00,"Magnitude 7.5M, Depth:10km",10.453,-68.5139,1784045057281,port1029; port320; port2260; port618,4,0.0,076f32f7c4174f1da910d78fedce6623,32663314903.23291,640747.6201487333,0.0,7.5,Malaysia - Offshore Oil Terminal 16,Malaysia,MYS,Asia & Pacific,1.2900000000000007,103.40100000000008,315,2,6,1,0,306,1.56,1.95,0,2,0,0,1,0,0,5.755742213586912,1.0986122886681098,5.726847747587197,1.9459101490553132,1.755,0.0,2026,6,19104.810471140267
1100273,port2208,FL,Flood in Bangladesh,"Flood in Bangladesh, India","Red Flood in Bangladesh, India from: 09 Nov 2019 00 to: 12 Nov 2019 00.",RED,Bangladesh; India,2019-11-09 00:00:00+00:00,2019,2019-11-12 00:00:00+00:00,,22.70099,90.35384,1694312166030,port207; port290; port442; port883; port241; port289; port759; port890,8,0.0,a57b043b47634cbd91006db4600147e7,463957499990.5293,12534138.639033608,0.0,0.0,Amlan,Philippines,PHL,Asia & Pacific,9.43641763273019,123.239191695115,79,0,0,2,0,77,0.34,0.0,0,2,0,1,0,0,0,4.382026634673881,0.0,4.356708826689592,0.0,0.17,3.0,2019,11,3890.2694393536926
1001131,port2065,TC,CHIDO-25,Tropical Cyclone CHIDO-25,"Red Tropical Cyclone CHIDO-25 in Mozambique, Miscellaneous (French) Indian Ocean Islands, Madagascar, Comoros, Mayotte from: 09 Dec 2024  to: 16 Dec 2024 .",RED,Mozambique; Mayotte,2024-12-09 18:00:00+00:00,2024,2024-12-16 12:00:00+00:00,Hurricane (maximum wind speed of 243 km/h),-16.55,33.77,1743233631549,port982; port896,2,0.0,0461e32d3a3a496db34c0fcb4f802442,340251863450.24414,5630351.734478647,243.0,0.0,Okrika,Nigeria,NGA,Africa,4.72272091472972,7.08654006264632,17,0,0,0,0,17,0.19,0.37,0,2,1,0,0,0,0,2.8903717578961645,0.0,2.8903717578961645,0.0,0.28,6.75,2024,12,3780.0497214650727
1001154,port2354,TC,JUDE-25,Tropical Cyclone JUDE-25,"Red Tropical Cyclone JUDE-25 in Mozambique, Madagascar from: 08 Mar 2025  to: 16 Mar 2025 .",RED,Madagascar; Mozambique,2025-03-08 18:00:00+00:00,2025,2025-03-16 00:00:00+00:00,Hurricane (maximum wind speed of 148 km/h),-26.04,51.93,1743233631549,port1307; port784; port340,3,0.0,741cbca36fb74752a8b9624f447fe27b,892986210001.831,7536661.496264165,148.0,0.0,Carinhoso,Brazil,BRA,South America,-3.080007796843925,-59.85620705101419,0,0,0,0,0,0,0.0,0.0,0,2,1,0,0,0,0,0.0,0.0,0.0,0.0,0.0,7.25,2025,3,12649.735269984452
1000940,port85,TC,ROSLYN-22,Tropical Cyclone ROSLYN-22,Red Tropical Cyclone ROSLYN-22 in Mexico from: 20 Oct 2022  to: 24 Oct 2022 .,RED,Mexico,2022-10-20 03:00:00+00:00,2022,2022-10-24 03:00:00+00:00,Tropical Depression (maximum wind speed of 213 km/h),26.0,-101.0,1694318280734,,0,0.0,,172355881838.91406,2914267.116267182,213.0,0.0,Az Zawiyah,Libya,LBY,Africa,32.78550356,12.70000845,182,0,0,0,0,182,0.0,46.62,0,2,1,0,0,0,0,5.209486152841421,0.0,5.209486152841421,0.0,23.31,4.0,2022,10,10636.968925930569
1347183,port416,EQ,Earthquake in Indonesia,Earthquake in Indonesia,Red M 5.6 Earthquake in Indonesia at: 21 Nov 2022 06:21:10.,RED,Indonesia,2022-11-21 06:21:10+00:00,2022,2022-11-21 06:21:10+00:00,"Magnitude 5.6M, Depth:10km",-6.8531,107.0946,1694318361325,port514; port894,2,0.0,87c03fd3cd7e4fbeb866673caea8815a,32048571438.088867,634691.4947898124,0.0,5.6,Gravesend,United Kingdom,GBR,Europe,51.4505275,0.348941363,1189,159,59,200,560,211,1.9,0.27,0,2,0,0,1,0,0,7.081708586105575,5.075173815233827,5.356586274672012,4.0943445622221,1.085,0.0,2022,11,9818.702422214137
1100273,port770,FL,Flood in Bangladesh,"Flood in Bangladesh, India","Red Flood in Bangladesh, India from: 09 Nov 2019 00 to: 12 Nov 2019 00.",RED,Bangladesh; India,2019-11-09 00:00:00+00:00,2019,2019-11-12 00:00:00+00:00,,22.70099,90.35384,1694312166030,port207; port290; port442; port883; port241; port289; port759; port890,8,0.0,a57b043b47634cbd91006db4600147e7,463957499990.5293,12534138.639033608,0.0,0.0,Moss,Sweden,SWE,Europe,59.44422932,10.66562711,397,192,0,176,17,12,0.8,0.45,0,2,0,1,0,0,0,5.986452005284438,5.262690188904886,2.5649493574615367,0.0,0.625,3.0,2019,11,6070.856393140861
1001072,port958,TC,GAEMI-24,Tropical Cyclone GAEMI-24,"Red Tropical Cyclone GAEMI-24 in Japan, Taiwan, China, Philippines from: 19 Jul 2024  to: 25 Jul 2024 .",RED,China; Taiwan Province of China,2024-07-19 18:00:00+00:00,2024,2024-07-25 12:00:00+00:00,Hurricane (maximum wind speed of 231 km/h),25.6,119.4,1727766190151,port370; port1074; port1192; port1403; port1405; port238; port482; port541; port681; port1252; port1261,11,0.0,3093e1e250d5474291d7b7ef8a88fd0a,742777302162.9844,3740151.920270975,231.0,0.0,Port Jerome,France,FRA,Europe,49.48181288,0.532279573,1287,27,22,305,2,931,1.78,6.66,0,2,1,0,0,0,0,7.160845906664299,3.332204510175204,6.837332814685591,3.1354942159291497,4.22,5.75,2024,7,8972.731820110468
1000985,port2166,TC,DOKSURI-23,Tropical Cyclone DOKSURI-23,"Red Tropical Cyclone DOKSURI-23 in China, Philippines from: 21 Jul 2023  to: 28 Jul 2023 .",RED,China; Taiwan Province of China,2023-07-21 12:00:00+00:00,2023,2023-07-28 06:00:00+00:00,Hurricane/Typhoon > 74 mph (maximum wind speed of 241 km/h),25.7,118.4,1694319313120,port370; port1074; port1192; port1404; port1405; port541,6,0.0,b540df4fc6a5421bb2da4ed0f0a690c4,928424469375.0684,5417913.710063252,241.0,0.0,Tarbert,Ireland,IRL,Europe,52.5877265070623,-9.3686722868087,28,4,1,14,0,9,0.62,1.59,0,2,1,0,0,0,0,3.367295829986474,1.6094379124341003,2.302585092994046,0.6931471805599453,1.105,6.75,2023,7,9118.66461679919
1000999,port656,TC,SAOLA-23,Tropical Cyclone SAOLA-23,"Red Tropical Cyclone SAOLA-23 in China, Philippines from: 23 Aug 2023  to: 03 Sep 2023 .",RED,Hong Kong Special Administrative Region; China; Macao Special Administrative Region,2023-08-23 18:00:00+00:00,2023,2023-09-03 12:00:00+00:00,Tropical Depression (maximum wind speed of 250 km/h),20.7,109.0,1698455547761,port423; port425; port436; port484; port1189; port1196; port1414; port474; port674,9,0.0,1da448d78c3c4c11bc85b5c96692e090,453017205092.41016,4360517.904701316,250.0,0.0,Lobito,Angola,AGO,Africa,-12.34349429,13.56555783,215,41,23,29,0,122,9.13,0.7,0,2,1,0,0,0,0,5.375278407684165,3.7376696182833684,4.812184355372417,3.1780538303479458,4.915,10.75,2023,8,10979.126522170485
1012873,port2382,DR,India and Sri Lanka-2019,"Drought in India, Sri Lanka","Red Drought in India, Sri Lanka from: 21 Dec 2018  to: 26 Aug 2019 .",RED,India; Sri Lanka,2018-12-21 00:00:00+00:00,2018,2019-08-26 13:37:00+00:00,Severe impact for agricultural drought in 85408 km2,8.828,79.198,1694311782990,port1331; port1319,2,0.0,,88052703825.3999,2608863.2322916104,0.0,0.0,Escobar LNG Terminal,Argentina,ARG,South America,-34.24209991937602,-58.76005938687225,122,1,16,17,13,75,0.3,0.13,0,2,0,0,0,1,0,4.812184355372417,0.6931471805599453,4.330733340286331,2.833213344056216,0.215,248.5673611111111,2018,12,13531.711236886036
1101659,port1317,FL,Flood in Nigeria,Flood in Nigeria,Red Flood in Nigeria from: 10 Sep 2022 01 to: 26 Oct 2022 01.,RED,Nigeria,2022-09-10 01:00:00+00:00,2022,2022-10-26 01:00:00+00:00,,4.762979,6.028898,1694318293002,port205; port587; port1165; port1383,4,0.0,9a4da61ebdd844f7a73d21254b8224ff,48581411140.71811,1903249.6982656445,0.0,0.0,Trelleborg,Sweden,SWE,Europe,55.37010002,13.15260406,108,2,0,19,14,73,0.24,0.13,0,2,0,1,0,0,0,4.6913478822291435,1.0986122886681098,4.30406509320417,0.0,0.185,46.0,2022,9,5635.334242050249
1461014,port2121,EQ,Earthquake in China,Earthquake in China,Red M 7.1 Earthquake in China at: 07 Jan 2025 01:05:16.,RED,China,2025-01-07 01:05:16+00:00,2025,2025-01-07 01:05:16+00:00,"Magnitude 7.1M, Depth:10km",28.639,87.3608,1743233631549,,0,0.0,,41013872349.53711,717991.4094176202,0.0,7.1,Punta Morales,Costa Rica,CRI,North America,10.0635741973388,-84.9658228624696,10,0,5,0,2,3,0.07,3.91,0,2,0,0,1,0,0,2.3978952727983707,0.0,1.3862943611198906,1.791759469228055,1.99,0.0,2025,1,18946.483739348027
1182839,port1101,EQ,Earthquake in China,Earthquake in China,Red M 5.8 Earthquake in China at: 17 Jun 2019 14:55:45.,RED,China,2019-06-17 14:55:45+00:00,2019,2019-06-17 14:55:45+00:00,"Magnitude 5.8M, Depth:10km",28.4088,104.9654,1694311265094,,0,0.0,,40835216658.06641,716423.2715291845,0.0,5.8,Rijeka,Croatia,HRV,Europe,45.32801535,14.4314315,441,273,13,152,2,1,8.0,34.27,0,2,0,0,1,0,0,6.091309882077698,5.6131281063880705,0.6931471805599453,2.6390573296152584,21.135,0.0,2019,6,7310.4575056695985
1000559,port505,TC,KENNETH-19,Tropical Cyclone KENNETH-19,"Red Tropical Cyclone KENNETH-19 in , Mozambique, Comoros from: 23 Apr 2019  to: 25 Apr 2019 .",RED,Mozambique; Comoros,2019-04-23 00:00:00+00:00,2019,2019-04-25 18:00:00+00:00,Hurricane/Typhoon > 74 mph (maximum wind speed of 231 km/h),-12.3,40.1,1694310802591,port896; port769,2,0.0,74c5908f37dd496caedc335fc2bcf6e1,226352974513.5713,2574508.3200122174,231.0,0.0,Itajaí,Brazil,BRA,South America,-26.89391722,-48.66739363,849,777,18,38,10,6,2.97,1.1,0,2,1,0,0,0,0,6.745236349484363,6.656726524178391,1.9459101490553132,2.9444389791664403,2.035,2.75,2019,4,8935.57965255341
1000593,port2089,TC,LINGLING-19,Tropical Cyclone LINGLING-19,"Red Tropical Cyclone LINGLING-19 in Korea, Democratic People's Republic of, Republic of, China, Japan, Russian Federation from: 02 Sep 2019  to: 07 Sep 2019 .",RED,China; Korea,2019-09-02 00:00:00+00:00,2019,2019-09-07 06:00:00+00:00,Hurricane/Typhoon > 74 mph (maximum wind speed of 222 km/h),37.9,125.3,1694311847680,port277; port662; port270; port494; port608; port1067,6,0.0,6cf378ff79cf42cfa137c3d13bd2fe0a,1451761258421.6328,7352002.309485452,222.0,0.0,Kirkcaldy,United Kingdom,GBR,Europe,56.1147755265155,-3.14971603713671,33,0,0,33,0,0,0.02,0.0,0,2,1,0,0,0,0,3.5263605246161616,0.0,0.0,0.0,0.01,5.25,2019,9,8202.324661614206
1000970,port2469,TC,MOCHA-23,Tropical Cyclone MOCHA-23,Red Tropical Cyclone MOCHA-23 in Myanmar from: 11 May 2023  to: 14 May 2023 .,RED,Myanmar,2023-05-11 00:00:00+00:00,2023,2023-05-14 12:00:00+00:00,Hurricane/Typhoon > 74 mph (maximum wind speed of 259 km/h),20.8,93.1,1694319041758,port961,1,0.0,14fa1161bedc426888263e54f9c2e255,477790409195.9639,4284932.731565202,259.0,0.0,Squamish,Canada,CAN,North America,49.68639518084204,-123.16419889639523,46,6,20,20,0,0,0.29,0.14,0,2,1,0,0,0,0,3.8501476017100584,1.9459101490553132,0.0,3.044522437723423,0.215,3.5,2023,5,15858.279178733248
1001111,port1033,TC,MILTON-24,Tropical Cyclone MILTON-24,"Red Tropical Cyclone MILTON-24 in Mexico, United States from: 05 Oct 2024  to: 09 Oct 2024 .",RED,Mexico; United States,2024-10-05 15:00:00+00:00,2024,2024-10-09 09:00:00+00:00,Hurricane (maximum wind speed of 287 km/h),24.5,-85.4,1728469086877,port212; port876; port967; port1259; port1023,5,0.0,6c5f734acb3a49209d1efa314fad3b08,821112466236.6816,6859035.563660279,287.0,0.0,Puerto Castilla,Honduras,HND,North America,16.00713483,-85.96831037,101,68,2,2,0,29,0.69,14.82,0,2,1,0,0,0,0,4.624972813284271,4.23410650459726,3.4011973816621555,1.0986122886681098,7.755,3.75,2024,10,944.656144709064
1365556,port38,EQ,Earthquake in Ecuador,Earthquake in Ecuador,Red M 6.8 Earthquake in Ecuador at: 18 Mar 2023 17:12:53.,RED,Ecuador,2023-03-18 17:12:53+00:00,2023,2023-03-18 17:12:53+00:00,"Magnitude 6.8M, Depth:66.421km",-2.8273,-79.8628,1694318875928,port426; port1028,2,0.0,ef13e43c3ddc4b3498c190570259f5b7,31671258732.4856,630947.1176096611,0.0,6.8,Altamira,Mexico,MEX,North America,22.48409602,-97.88500212,1692,600,307,177,188,420,9.17,2.87,0,2,0,0,1,0,0,7.4342573821331355,6.398594934535208,6.042632833682381,5.730099782973574,6.02,0.0,2023,3,3363.07001632564
1000582,port636,TC,LEKIMA-19,Tropical Cyclone LEKIMA-19,"Red Tropical Cyclone LEKIMA-19 in , China, Japan from: 04 Aug 2019  to: 11 Aug 2019 .",RED,China; Taiwan Province of China,2019-08-04 00:00:00+00:00,2019,2019-08-11 12:00:00+00:00,Tropical Depression (maximum wind speed of 241 km/h),36.0,119.5,1694311686493,port227; port228; port370; port375; port438; port517; port792; port824; port1073; port1188; port1253; port1390; port1403; port1425; port1427; port1429; port238; port1261,18,0.0,a8c66fa7bd0c4373a1abfd43fdc50a94,964019445621.8224,5154645.7219629465,241.0,0.0,Lautoka,Fiji,FJI,Asia & Pacific,-17.60674719,177.4412092,356,158,14,50,0,134,47.13,61.55,0,2,1,0,0,0,0,5.877735781779639,5.0689042022202315,4.90527477843843,2.70805020110221,54.34,7.5,2019,8,8543.179055747763
1000552,port562,TC,IDAI-19,Tropical Cyclone IDAI-19,"Red Tropical Cyclone IDAI-19 in Mozambique, Zimbabwe, Miscellaneous (French) Indian Ocean Islands from: 09 Mar 2019  to: 15 Mar 2019 .",RED,Mozambique,2019-03-09 06:00:00+00:00,2019,2019-03-15 00:00:00+00:00,Hurricane/Typhoon > 74 mph (maximum wind speed of 194 km/h),-19.6,34.8,1694310439405,port137,1,0.0,3aa1164d42fb42e99f8ed581b6ecd4d1,350000681982.3291,3223229.700239708,194.0,0.0,Khoms,Libya,LBY,Africa,32.67784227,14.24506823,249,120,49,52,25,3,10.73,0.51,0,2,1,0,0,0,0,5.521460917862246,4.795790545596741,1.3862943611198906,3.912023005428146,5.62,5.75,2019,3,6112.376381008059
1000738,fso23,TC,ETA-20,Tropical Cyclone ETA-20,"Red Tropical Cyclone ETA-20 in Nicaragua, United States, Honduras from: 31 Oct 2020  to: 13 Nov 2020 .",RED,Nicaragua,2020-10-31 21:00:00+00:00,2020,2020-11-13 09:00:00+00:00,Tropical Storm (maximum wind speed of 241 km/h),33.3,-76.8,1694314982932,port1030,1,0.0,fd3925b9021c4a94b60b64845b220025,465290969820.4326,6020829.873127501,241.0,0.0,Brazil - Offshore Oil Terminal 30,Brazil,BRA,South America,-21.214,-39.997,43,0,0,0,0,43,0.0,0.37,0,2,1,0,0,0,0,3.784189633918261,0.0,3.784189633918261,0.0,0.185,12.5,2020,10,7149.716525426447
1347183,port2089,EQ,Earthquake in Indonesia,Earthquake in Indonesia,Red M 5.6 Earthquake in Indonesia at: 21 Nov 2022 06:21:10.,RED,Indonesia,2022-11-21 06:21:10+00:00,2022,2022-11-21 06:21:10+00:00,"Magnitude 5.6M, Depth:10km",-6.8531,107.0946,1694318361325,port514; port894,2,0.0,87c03fd3cd7e4fbeb866673caea8815a,32048571438.088867,634691.4947898124,0.0,5.6,Kirkcaldy,United Kingdom,GBR,Europe,56.1147755265155,-3.14971603713671,33,0,0,33,0,0,0.02,0.0,0,2,0,0,1,0,0,3.5263605246161616,0.0,0.0,0.0,0.01,0.0,2022,11,9767.277174151075
1101664,port384,FL,"Flood in China, Taiwan","Flood in China, Taiwan","Red Flood in China, Taiwan from: 14 Sep 2022 01 to: 16 Sep 2022 01.",RED,China,2022-09-14 01:00:00+00:00,2022,2022-09-16 01:00:00+00:00,,31.23228,121.4692,1694317999111,port438; port824; port1188; port1390; port1427; port1429,6,0.0,e8ad23d722674521baae5de97cc97f61,217355300848.26956,3579326.493505684,0.0,0.0,Gela,Italy,ITA,Europe,37.05185811,14.28098405,116,0,0,0,0,116,0.18,0.23,0,2,0,1,0,0,0,4.762173934797756,0.0,4.762173934797756,0.0,0.20500000000000002,2.0,2022,9,9517.541356334323
1307299,port125,EQ,Earthquake in Haiti,Earthquake in Haiti,Red M 5.3 Earthquake in Haiti at: 24 Jan 2022 13:16:23.,RED,Haiti,2022-01-24 13:16:23+00:00,2022,2022-01-24 13:16:23+00:00,"Magnitude 5.3M, Depth:10km",18.4723,-73.3346,1694317051845,port934; port1125,2,0.0,a14375d323fe40bcb9e296ba576f56ed,35116991308.7832,664375.8934030486,0.0,5.3,Batangas City,Philippines,PHL,Asia & Pacific,13.74477092,121.0239173,2021,355,112,241,311,1002,9.53,5.22,0,2,0,0,1,0,0,7.611842399580417,5.87493073085203,6.910750787961936,4.727387818712341,7.375,0.0,2022,1,20962.5721258531
1001121,port655,TC,YINXING-24,Tropical Cyclone YINXING-24,"Red Tropical Cyclone YINXING-24 in Philippines, Viet Nam from: 03 Nov 2024  to: 12 Nov 2024 .",RED,"Philippines, Viet Nam",2024-11-03 06:00:00+00:00,2024,2024-11-12 12:00:00+00:00,Hurricane (maximum wind speed of 231 km/h),14.0,108.6,1743233631549,,0,0.0,,627567140020.3848,5914403.2540477095,231.0,0.0,Livorno,Italy,ITA,Europe,43.57138602,10.31567022,2828,791,46,299,1175,517,3.63,3.68,0,2,1,0,0,0,0,7.947678571301568,6.674561391814426,6.249975242259483,3.8501476017100584,3.6550000000000002,9.25,2024,11,8558.618024479061
1000859,port2468,TC,BATSIRAI-22,Tropical Cyclone BATSIRAI-22,Red Tropical Cyclone BATSIRAI-22 in Madagascar from: 27 Jan 2022  to: 08 Feb 2022 .,RED,Madagascar; Mauritius,2022-01-27 00:00:00+00:00,2022,2022-02-08 12:00:00+00:00,Tropical Storm (maximum wind speed of 231 km/h),-28.3,41.8,1694317131752,port1307; port965,2,0.0,1bc9b902d2a444d79c808ce9db848e82,1190876567564.8682,9370132.00224266,231.0,0.0,Sorel,Canada,CAN,North America,46.04704873273016,-73.11910276371337,123,0,106,17,0,0,0.89,0.77,0,2,1,0,0,0,0,4.820281565605037,0.0,0.0,4.672828834461906,0.8300000000000001,12.5,2022,1,12103.275189685859
1394961,port659,EQ,Earthquake in Afghanistan,Earthquake in Afghanistan,Red M 5.9 Earthquake in Afghanistan at: 07 Oct 2023 07:40:29.,RED,Afghanistan,2023-10-07 07:40:29+00:00,2023,2023-10-07 07:40:29+00:00,"Magnitude 5.9M, Depth:7.726km",34.6391,62.0327,1698455547761,,0,0.0,,46672663443.21484,765923.6129193567,0.0,5.9,London Gateway,United Kingdom,GBR,Europe,51.51025908,0.516336392,1931,1274,20,65,466,106,4.94,3.26,0,2,0,0,1,0,0,7.566311014772463,7.150701457592526,4.672828834461906,3.044522437723423,4.1,0.0,2023,10,4644.087098270927
1000985,port2159,TC,DOKSURI-23,Tropical Cyclone DOKSURI-23,"Red Tropical Cyclone DOKSURI-23 in China, Philippines from: 21 Jul 2023  to: 28 Jul 2023 .",RED,China; Taiwan Province of China,2023-07-21 12:00:00+00:00,2023,2023-07-28 06:00:00+00:00,Hurricane/Typhoon > 74 mph (maximum wind speed of 241 km/h),25.7,118.4,1694319313120,port370; port1074; port1192; port1404; port1405; port541,6,0.0,b540df4fc6a5421bb2da4ed0f0a690c4,928424469375.0684,5417913.710063252,241.0,0.0,Kuala Tanjung,Indonesia,IDN,Asia & Pacific,3.37206298625255,99.4558614311782,150,44,32,21,0,53,0.41,0.16,0,2,1,0,0,0,0,5.017279836814924,3.8066624897703196,3.9889840465642745,3.4965075614664802,0.285,6.75,2023,7,3247.9129603617025
1000772,port155,TC,NIRAN-21,Tropical Cyclone NIRAN-21,"Red Tropical Cyclone NIRAN-21 in New Caledonia, Australia, Norfolk Island, Vanuatu from: 01 Mar 2021  to: 07 Mar 2021 .",RED,New Caledonia,2021-03-01 00:00:00+00:00,2021,2021-03-07 00:00:00+00:00,Tropical Storm (maximum wind speed of 259 km/h),-27.3,175.7,1694315362678,port94; port97; port403; port806; port832; port870; port1372,7,0.0,916961bee1694b1cb56ee0bb197b6070,1589004873948.5508,7945752.333322555,259.0,0.0,Bonny,Nigeria,NGA,Africa,4.420690388,7.157020932,333,0,0,4,0,329,0.01,42.77,0,2,1,0,0,0,0,5.811140992976701,0.0,5.799092654460526,0.0,21.39,6.0,2021,3,18982.02829843098
1498907,port847,EQ,Earthquake in Afghanistan,Earthquake in Afghanistan,Red M 5.6 Earthquake in Afghanistan at: 04 Sep 2025 16:56:24.,RED,Afghanistan,2025-09-04 16:56:24+00:00,2025,2025-09-04 16:56:24+00:00,"Magnitude 5.6M, Depth:10km",34.719,70.7909,1759774040248,,0,0.0,,46755681362.38086,766604.8070657091,0.0,5.6,Okaram,Turkmenistan,TKM,Asia & Pacific,38.04736897,53.83628132,55,0,0,0,0,55,0.6,13.98,0,2,0,0,1,0,0,4.02535169073515,0.0,4.02535169073515,0.0,7.29,0.0,2025,9,1527.4030302567824
1000940,port642,TC,ROSLYN-22,Tropical Cyclone ROSLYN-22,Red Tropical Cyclone ROSLYN-22 in Mexico from: 20 Oct 2022  to: 24 Oct 2022 .,RED,Mexico,2022-10-20 03:00:00+00:00,2022,2022-10-24 03:00:00+00:00,Tropical Depression (maximum wind speed of 213 km/h),26.0,-101.0,1694318280734,,0,0.0,,172355881838.91406,2914267.116267182,213.0,0.0,Les Sables D' Olonne,France,FRA,Europe,46.49899037,-1.791610533,172,11,0,161,0,0,0.06,0.18,0,2,1,0,0,0,0,5.153291594497779,2.4849066497880004,0.0,0.0,0.12,4.0,2022,10,7914.5264055976395
1000752,fso151,TC,YASA-20,Tropical Cyclone YASA-20,"Red Tropical Cyclone YASA-20 in Fiji, from: 12 Dec 2020  to: 20 Dec 2020 .",RED,Fiji,2020-12-12 12:00:00+00:00,2020,2020-12-20 00:00:00+00:00,Tropical Storm (maximum wind speed of 259 km/h),-23.3,-178.1,1694315138928,port636; port643; port687; port1240,4,0.0,b1fdccb4c2e54ca0b570e64a6114dbdd,690398598422.3789,5640670.516540977,259.0,0.0,Oman - Offshore Oil Terminal 1,Oman,OMN,Asia & Pacific,19.918000000000013,58.080000000000005,16,0,0,0,0,16,0.0,0.54,0,2,1,0,0,0,0,2.833213344056216,0.0,2.833213344056216,0.0,0.27,7.5,2020,12,25110.27045082773
1000985,port320,TC,DOKSURI-23,Tropical Cyclone DOKSURI-23,"Red Tropical Cyclone DOKSURI-23 in China, Philippines from: 21 Jul 2023  to: 28 Jul 2023 .",RED,China; Taiwan Province of China,2023-07-21 12:00:00+00:00,2023,2023-07-28 06:00:00+00:00,Hurricane/Typhoon > 74 mph (maximum wind speed of 241 km/h),25.7,118.4,1694319313120,port370; port1074; port1192; port1404; port1405; port541,6,0.0,b540df4fc6a5421bb2da4ed0f0a690c4,928424469375.0684,5417913.710063252,241.0,0.0,El Palito,Venezuela,VEN,South America,10.48339577,-68.13572968,122,2,4,0,0,116,11.02,4.67,0,2,1,0,0,0,0,4.812184355372417,1.0986122886681098,4.762173934797756,1.6094379124341003,7.845,6.75,2023,7,20429.784663706774
1000916,port360,TC,FIONA-22,Tropical Cyclone FIONA-22,"Red Tropical Cyclone FIONA-22 in Canada, Turks and Caicos Islands, Dominican Republic, Puerto Rico from: 14 Sep 2022  to: 24 Sep 2022 .",RED,Montserrat; Canada; Antigua and Barbuda; Guadeloupe; St. Kitts and Nevis; United States; Dominican Republic; Turks and Caicos Islands; Puerto Rico,2022-09-14 15:00:00+00:00,2022,2022-09-24 21:00:00+00:00,Tropical Storm (maximum wind speed of 213 km/h),48.4,-60.5,1694318078129,port1245; port211; port443; port935; port1219; port51; port1055; port1147; port122; port232; port164; port913; port414; port1025; port910; port922; port1221,17,0.0,9ccdff1760bb46af903ec5b39378a058,3331680947058.3047,13796058.932976147,213.0,0.0,Freetown,Sierra Leone,SLE,Africa,8.486640908,-13.20186719,611,172,127,224,4,84,100.0,100.0,0,2,1,0,0,0,0,6.416732282512326,5.153291594497779,4.442651256490317,4.852030263919617,100.0,10.25,2022,9,6825.792794538795
1000972,port2069,TC,MAWAR-23,Tropical Cyclone MAWAR-23,Red Tropical Cyclone MAWAR-23 in Guam from: 20 May 2023  to: 03 Jun 2023 .,RED,Guam; Northern Mariana Islands,2023-05-20 00:00:00+00:00,2023,2023-06-03 00:00:00+00:00,Tropical Storm (maximum wind speed of 296 km/h),30.7,138.1,1694319152977,port61; port1113,2,0.0,fe349de1f71843cca826c88a9a5396c0,1696969700479.611,9505783.434634589,296.0,0.0,Sullom Voe,United Kingdom,GBR,Europe,60.4544256661783,-1.28282481532811,35,0,0,1,0,34,0.0,2.78,0,2,1,0,0,0,0,3.58351893845611,0.0,3.5553480614894135,0.0,1.39,14.0,2023,5,8313.443839203403
1000772,port1349,TC,NIRAN-21,Tropical Cyclone NIRAN-21,"Red Tropical Cyclone NIRAN-21 in New Caledonia, Australia, Norfolk Island, Vanuatu from: 01 Mar 2021  to: 07 Mar 2021 .",RED,New Caledonia,2021-03-01 00:00:00+00:00,2021,2021-03-07 00:00:00+00:00,Tropical Storm (maximum wind speed of 259 km/h),-27.3,175.7,1694315362678,port94; port97; port403; port806; port832; port870; port1372,7,0.0,916961bee1694b1cb56ee0bb197b6070,1589004873948.5508,7945752.333322555,259.0,0.0,Valletta,Malta,MLT,Europe,35.87751281,14.49900138,1278,124,56,315,245,538,8.69,6.27,0,2,1,0,0,0,0,7.153833801578843,4.8283137373023015,6.289715570908998,4.04305126783455,7.4799999999999995,6.0,2021,3,16105.368203624288
1000940,fso140,TC,ROSLYN-22,Tropical Cyclone ROSLYN-22,Red Tropical Cyclone ROSLYN-22 in Mexico from: 20 Oct 2022  to: 24 Oct 2022 .,RED,Mexico,2022-10-20 03:00:00+00:00,2022,2022-10-24 03:00:00+00:00,Tropical Depression (maximum wind speed of 213 km/h),26.0,-101.0,1694318280734,,0,0.0,,172355881838.91406,2914267.116267182,213.0,0.0,Nigeria - Offshore Oil Terminal 4,Nigeria,NGA,Africa,5.0980000000000025,5.209,84,0,0,0,0,84,0.0,11.83,0,2,1,0,0,0,0,4.442651256490317,0.0,4.442651256490317,0.0,5.915,4.0,2022,10,11969.576004162733
1000667,port1147,TC,AMPHAN-20,Tropical Cyclone AMPHAN-20,"Red Tropical Cyclone AMPHAN-20 in India, Bangladesh, Bhutan from: 16 May 2020  to: 20 May 2020 .",RED,India,2020-05-16 06:00:00+00:00,2020,2020-05-20 12:00:00+00:00,Hurricane/Typhoon > 74 mph (maximum wind speed of 269 km/h),22.2,88.3,1694314330037,port207; port290; port442; port883,4,0.0,4aa2d000ec6344bd8e3ff519e352cddc,486303246583.71,3835378.588229685,269.0,0.0,San Pedro De Macoris,Dominican Republic,DOM,North America,18.44604634,-69.31037894,273,1,13,39,0,220,14.77,22.02,0,2,1,0,0,0,0,5.6131281063880705,0.6931471805599453,5.3981627015177525,2.6390573296152584,18.395,4.25,2020,5,16601.137500250363
1347183,port972,EQ,Earthquake in Indonesia,Earthquake in Indonesia,Red M 5.6 Earthquake in Indonesia at: 21 Nov 2022 06:21:10.,RED,Indonesia,2022-11-21 06:21:10+00:00,2022,2022-11-21 06:21:10+00:00,"Magnitude 5.6M, Depth:10km",-6.8531,107.0946,1694318361325,port514; port894,2,0.0,87c03fd3cd7e4fbeb866673caea8815a,32048571438.088867,634691.4947898124,0.0,5.6,Noro,Solomon Islands,SLB,Asia & Pacific,-8.228420496,157.1989919,155,17,104,24,0,10,8.85,56.76,0,2,0,0,1,0,0,5.049856007249537,2.8903717578961645,2.3978952727983707,4.653960350157523,32.805,0.0,2022,11,5506.449548324286
1001067,port1088,TC,BERYL-24,Tropical Cyclone BERYL-24,"Red Tropical Cyclone BERYL-24 in Haiti, Grenada, Jamaica, Trinidad and Tobago, Saint Vincent and the Grenadines, Mexico, Belize, United States from: 28 Jun 2024  to: 09 Jul 2024 .",RED,St. Vincent and the Grenadines; Grenada; Cayman Islands; Mexico; Jamaica; United States,2024-06-28 21:00:00+00:00,2024,2024-07-09 09:00:00+00:00,Hurricane (maximum wind speed of 269 km/h),33.9,-93.7,1727766190151,port358; port373; port481; port963; port1285; port1023; port1144; port574; port336; port572; port763; port840; port949; port1102; port389; port1223,16,0.0,f47027ca577c458bb00a14c389cd8ec4,1356999108092.17,13353157.560749091,269.0,0.0,Ras Al Mishab,Saudi Arabia,SAU,Asia & Pacific,27.88827937,48.81709477,17,0,0,1,0,16,0.02,0.0,0,2,1,0,0,0,0,2.8903717578961645,0.0,2.833213344056216,0.0,0.01,10.5,2024,6,13998.068256161374
1502713,port914,EQ,Earthquake in Philippines,Earthquake in Philippines,Orange M 6.9 Earthquake in Philippines at: 30 Sep 2025 13:59:43.,ORANGE,Philippines,2025-09-30 13:59:43+00:00,2025,2025-09-30 13:59:43+00:00,"Magnitude 6.9M, Depth:10km",11.1514,124.1376,1759774595295,port2207; port224; port858,3,0.0,9626abce4e994e70ba102a35f9ffb1ce,32821300798.333984,642310.2440621144,0.0,6.9,Plymouth,United Kingdom,GBR,Europe,50.37787084,-4.155978733,393,10,33,189,9,152,0.72,0.22,0,1,0,0,1,0,0,5.976350909297934,2.3978952727983707,5.030437921392435,3.5263605246161616,0.47,0.0,2025,9,10071.379834944706
1012728,port340,DR,Zambezi Basin-2018,"Drought in Angola, Botswana, Mozambique, Namibia, Zambia, Zimbabwe","Red Drought in Angola, Botswana, Mozambique, Namibia, Zambia, Zimbabwe from: 21 Oct 2018  to: 24 Mar 2020 .",RED,"Angola, Botswana, Mozambique, Namibia, Zambia, Zimbabwe",2018-10-21 00:00:00+00:00,2018,2020-03-24 16:37:00+00:00,Severe impact for agricultural drought in 150282 km2,-19.807,26.836,1694312724559,,0,0.0,,170694014586.54883,4273813.772842953,0.0,0.0,Ehoala,Madagascar,MDG,Africa,-25.06680991,46.96379773,74,1,21,34,0,18,2.04,68.43,0,2,0,0,0,1,0,4.31748811353631,0.6931471805599453,2.9444389791664403,3.091042453358316,35.23500000000001,520.6923611111112,2018,10,2106.291011387689
1001279,port868,TC,BAVI-26,Tropical Cyclone BAVI-26,"Red Tropical Cyclone BAVI-26 in Guam, Northern Mariana Islands, Japan, Taiwan, China from: 01 Jul 2026  to: 11 Jul 2026 .",RED,Guam; Taiwan Province of China; Northern Mariana Islands; Japan; China,2026-07-01 00:00:00+00:00,2026,2026-07-11 18:00:00+00:00,Hurricane (maximum wind speed of 287 km/h),28.7,120.4,1784137096489,port2180; port2173; port1427; port2421; port482; port2424; port2177; port2415; port1300; port61; port2040; port2504; port2422; port824; port2230; port2413; port2505; port2021; port238; port370; port2414; port1429; port2304; port1390; port1113; port2502; port2027; port2423; port2111; port2491; port2497; port1126; port2426; port1261; port438; port1403; port2302,37,0.0,e1706849ab254c9f92db48f4761a8924,3004119385032.9414,12128199.78940675,287.0,0.0,Oxelösund,Sweden,SWE,Europe,58.67437856,17.12574089,515,70,40,337,46,22,4.34,1.99,0,2,1,0,0,0,0,6.246106765481563,4.2626798770413155,3.1354942159291497,3.713572066704308,3.165,10.75,2026,7,6825.676837260994
1001256,port941,TC,GEZANI-26,Tropical Cyclone GEZANI-26,"Red Tropical Cyclone GEZANI-26 in Madagascar, Mozambique from: 06 Feb 2026  to: 18 Feb 2026 .",RED,"Madagascar, Mozambique",2026-02-06 00:00:00+00:00,2026,2026-02-18 12:00:00+00:00,Hurricane (maximum wind speed of 211 km/h),-35.63,41.6,1771623360667,,0,0.0,,115660665179.69922,1467389.249750107,211.0,0.0,Port De Aracaju,Brazil,BRA,South America,-10.82536946,-36.94053183,61,0,44,4,0,13,0.12,0.12,0,2,1,0,0,0,0,4.127134385045092,0.0,2.6390573296152584,3.8066624897703196,0.12,12.5,2026,2,8994.622064703293
1100185,port901,FL,"Flood in British Virgin Islands, The Bahamas","Flood in British Virgin Islands, The Bahamas","Red Flood in British Virgin Islands, The Bahamas from: 28 Aug 2019 00 to: 28 Aug 2019 00.",RED,The Bahamas,2019-08-28 00:00:00+00:00,2019,2019-08-28 00:00:00+00:00,,26.70673,-78.87209,1694311792460,port251; port357; port388; port721; port798; port821,6,0.0,5b46b63747f248a6847ddcf455d8e50f,362766691516.7617,2700767.8928220104,0.0,0.0,Philadelphia,United States,USA,North America,39.90437717,-75.1375391,1049,558,123,94,136,138,0.93,0.17,0,2,0,1,0,0,0,6.956545443151569,6.326149473155099,4.9344739331306915,4.820281565605037,0.55,0.0,2019,8,1499.0555808463214
1102204,port936,FL,Flood in Libya,Flood in Libya,Red Flood in Libya from: 08 Sep 2023 01 to: 14 Sep 2023 00.,RED,Libya,2023-09-08 01:00:00+00:00,2023,2023-09-14 00:00:00+00:00,,32.75938,22.63832,1698455547761,,0,0.0,,23588735.73925781,38187.708694884015,0.0,0.0,Bayside Charlotte,Canada,CAN,North America,45.16295904,-67.13762395,25,0,6,19,0,0,0.02,0.2,0,2,0,1,0,0,0,3.258096538021482,0.0,0.0,1.9459101490553132,0.11,5.958333333333333,2023,9,7159.960957035667
1102974,port307,FL,Flood in India,Flood in India,Red Flood in India from: 20 Oct 2024 01 to: 26 Oct 2024 01.,RED,India,2024-10-20 01:00:00+00:00,2024,2024-10-26 01:00:00+00:00,,20.54312,84.68974,1743233631549,port883; port442; port207; port290,4,0.0,acd01d6724e54fd38f51a282856cdea7,280781350489.4551,11023326.748080814,0.0,0.0,Dublin,Ireland,IRL,Europe,53.34632538,-6.204935593,2362,993,83,214,576,496,47.8,51.23,0,2,0,1,0,0,0,7.767687277186908,6.901737206656574,6.208590026096629,4.430816798843313,49.515,6.0,2024,10,7038.148617973346
1101522,port272,FL,Flood in Pakistan,Flood in Pakistan,Red Flood in Pakistan from: 14 Jun 2022 01 to: 31 Aug 2022 01.,RED,Pakistan,2022-06-14 01:00:00+00:00,2022,2022-08-31 01:00:00+00:00,,36.0,75.0,1694317920913,,0,0.0,,378995189190.31445,5478659.570439359,0.0,0.0,Dakar,Senegal,SEN,Africa,14.6834604,-17.42610193,1505,596,309,262,84,254,98.07,67.38,0,2,0,1,0,0,0,7.317212408359839,6.391917113392602,5.541263545158426,5.736572297479192,82.725,78.0,2022,6,10202.407075522597
1001279,port398,TC,BAVI-26,Tropical Cyclone BAVI-26,"Red Tropical Cyclone BAVI-26 in Guam, Northern Mariana Islands, Japan, Taiwan, China from: 01 Jul 2026  to: 11 Jul 2026 .",RED,Guam; Taiwan Province of China; Northern Mariana Islands; Japan; China,2026-07-01 00:00:00+00:00,2026,2026-07-11 18:00:00+00:00,Hurricane (maximum wind speed of 287 km/h),28.7,120.4,1784137096489,port2180; port2173; port1427; port2421; port482; port2424; port2177; port2415; port1300; port61; port2040; port2504; port2422; port824; port2230; port2413; port2505; port2021; port238; port370; port2414; port1429; port2304; port1390; port1113; port2502; port2027; port2423; port2111; port2491; port2497; port1126; port2426; port1261; port438; port1403; port2302,37,0.0,e1706849ab254c9f92db48f4761a8924,3004119385032.9414,12128199.78940675,287.0,0.0,Gladstone,Australia,AUS,Asia & Pacific,-23.81907969,151.2155277,1817,17,1217,52,8,523,14.81,5.86,0,2,1,0,0,0,0,7.505492274737424,2.8903717578961645,6.261491684321042,7.1049654482698426,10.335,10.75,2026,7,6616.360006171124
1000667,port1091,TC,AMPHAN-20,Tropical Cyclone AMPHAN-20,"Red Tropical Cyclone AMPHAN-20 in India, Bangladesh, Bhutan from: 16 May 2020  to: 20 May 2020 .",RED,India,2020-05-16 06:00:00+00:00,2020,2020-05-20 12:00:00+00:00,Hurricane/Typhoon > 74 mph (maximum wind speed of 269 km/h),22.2,88.3,1694314330037,port207; port290; port442; port883,4,0.0,4aa2d000ec6344bd8e3ff519e352cddc,486303246583.71,3835378.588229685,269.0,0.0,Ras Tanura,Saudi Arabia,SAU,Asia & Pacific,26.67168923,50.12291543,672,0,0,0,0,672,0.0,16.0,0,2,1,0,0,0,0,6.511745329644728,0.0,6.511745329644728,0.0,8.0,4.25,2020,5,3819.133501904499
1458084,port59,EQ,Earthquake in Vanuatu,Earthquake in Vanuatu,Red M 7.3 Earthquake in Vanuatu at: 17 Dec 2024 01:47:25.,RED,Vanuatu,2024-12-17 01:47:25+00:00,2024,2024-12-17 01:47:25+00:00,"Magnitude 7.3M, Depth:57.094km",-17.6859,168.0338,1743233631549,port980,1,0.0,d9f1cd11bcad466f9ce50f174bc4a4d9,34805342363.78125,661419.83052175,0.0,7.3,Aomori,Japan,JPN,Asia & Pacific,40.84225958,140.7603068,622,0,82,96,0,444,0.19,0.05,0,2,0,0,1,0,0,6.434546518787453,0.0,6.09807428216624,4.418840607796598,0.12,0.0,2024,12,6888.492068017617
1001256,port950,TC,GEZANI-26,Tropical Cyclone GEZANI-26,"Red Tropical Cyclone GEZANI-26 in Madagascar, Mozambique from: 06 Feb 2026  to: 18 Feb 2026 .",RED,"Madagascar, Mozambique",2026-02-06 00:00:00+00:00,2026,2026-02-18 12:00:00+00:00,Hurricane (maximum wind speed of 211 km/h),-35.63,41.6,1771623360667,,0,0.0,,115660665179.69922,1467389.249750107,211.0,0.0,Port Est,Réunion,REU,Africa,-20.93088407,55.30742425,474,275,45,58,44,52,100.0,100.0,0,2,1,0,0,0,0,6.163314804034641,5.62040086571715,3.970291913552122,3.828641396489095,100.0,12.5,2026,2,2163.7263955017766
1394958,port478,EQ,Earthquake in Afghanistan,Earthquake in Afghanistan,Red M 6.3 Earthquake in Afghanistan at: 07 Oct 2023 07:12:50.,RED,Afghanistan,2023-10-07 07:12:50+00:00,2023,2023-10-07 07:12:50+00:00,"Magnitude 6.3M, Depth:10km",34.5743,61.9037,1698455547761,,0,0.0,,46599035821.04883,765320.5976814575,0.0,6.3,Horta,Portugal,PRT,Europe,38.53302196,-28.6215437,132,36,0,50,0,46,0.11,0.03,0,2,0,0,1,0,0,4.890349128221754,3.6109179126442243,3.8501476017100584,0.0,0.07,0.0,2023,10,7872.549655684463
1001230,port1340,TC,MELISSA-25,Tropical Cyclone MELISSA-25,"Red Tropical Cyclone MELISSA-25 in Jamaica, Cuba, Bahamas, Bermuda, Haiti, Canada from: 21 Oct 2025  to: 31 Oct 2025 .",RED,Jamaica; Cuba; The Bahamas; Canada,2025-10-21 15:00:00+00:00,2025,2025-10-31 15:00:00+00:00,Hurricane (maximum wind speed of 296 km/h),39.0,-60.5,1762326758953,port1220; port256; port1102; port835; port2172; port336; port388; port2332; port66; port949; port2330; port1156; port840; port223; port763; port2105; port572,17,0.0,e34846541688462e8808638878306dba,4640098699038.423,18023634.967691384,296.0,0.0,Umm al Qaiwain,United Arab Emirates,ARE,Asia & Pacific,25.58810902,55.58024004,127,44,1,72,10,0,0.07,0.01,0,2,1,0,0,0,0,4.852030263919617,3.8066624897703196,0.0,0.6931471805599453,0.04,10.0,2025,10,11716.150542786845
1100932,port1135,FL,Flood in China,Flood in China,Red Flood in China from: 20 Jun 2021 01 to: 30 Jul 2021 01.,RED,China,2021-06-20 01:00:00+00:00,2021,2021-07-30 01:00:00+00:00,,37.87001,112.5453,1694316074584,,0,0.0,,11130690490.484377,762082.4459309455,0.0,0.0,Salerno,Italy,ITA,Europe,40.67414577,14.74602948,1176,562,33,133,358,90,0.52,0.89,0,2,0,1,0,0,0,7.0707241072602764,6.333279628139691,4.51085950651685,3.5263605246161616,0.7050000000000001,40.0,2021,6,8239.16830529788
1012119,port914,WF,Forest fires in Chile,Forest fires in Chile,Red Forest fires in Chile from: 02 Feb 2023 to: 15 Feb 2023.,RED,Chile,2023-02-02 00:00:00+00:00,2023,2023-02-15 00:00:00+00:00,Red impact for forestfire in 40563 ha,-36.64925,-72.85635,1694318652805,,0,0.0,,631325497.7460938,239787.16918134663,0.0,0.0,Plymouth,United Kingdom,GBR,Europe,50.37787084,-4.155978733,393,10,33,189,9,152,0.72,0.22,0,2,0,0,0,0,0,5.976350909297934,2.3978952727983707,5.030437921392435,3.5263605246161616,0.47,13.0,2023,2,10815.060650015981
1000666,port634,TC,VONGFONG-20,Tropical Cyclone VONGFONG-20,Red Tropical Cyclone VONGFONG-20 in Philippines from: 11 May 2020  to: 16 May 2020 .,RED,Philippines,2020-05-11 18:00:00+00:00,2020,2020-05-16 06:00:00+00:00,Tropical Depression (maximum wind speed of 194 km/h),19.3,120.5,1694314305944,,0,0.0,,128064151889.94922,2559326.3640265325,194.0,0.0,Larvik,Norway,NOR,Europe,59.03994928,10.04804178,332,181,0,133,0,18,0.36,0.33,0,2,1,0,0,0,0,5.808142489980444,5.204006687076795,2.9444389791664403,0.0,0.345,4.5,2020,5,7696.61748448916
1100185,port847,FL,"Flood in British Virgin Islands, The Bahamas","Flood in British Virgin Islands, The Bahamas","Red Flood in British Virgin Islands, The Bahamas from: 28 Aug 2019 00 to: 28 Aug 2019 00.",RED,The Bahamas,2019-08-28 00:00:00+00:00,2019,2019-08-28 00:00:00+00:00,,26.70673,-78.87209,1694311792460,port251; port357; port388; port721; port798; port821,6,0.0,5b46b63747f248a6847ddcf455d8e50f,362766691516.7617,2700767.8928220104,0.0,0.0,Okaram,Turkmenistan,TKM,Asia & Pacific,38.04736897,53.83628132,55,0,0,0,0,55,0.6,13.98,0,2,0,1,0,0,0,4.02535169073515,0.0,4.02535169073515,0.0,7.29,0.0,2019,8,11668.492189113977
1000853,port764,TC,RAI-21,Tropical Cyclone RAI-21,Red Tropical Cyclone RAI-21 in Philippines from: 13 Dec 2021  to: 20 Dec 2021 .,RED,Philippines,2021-12-13 00:00:00+00:00,2021,2021-12-20 18:00:00+00:00,Tropical Storm (maximum wind speed of 259 km/h),19.8,113.0,1694316920132,port182; port198; port224; port716; port797; port858; port1056; port1238; port1366,9,0.0,6cd0c7fb2cff4780a9caf78ad874998f,977345155238.7296,7848305.075547383,259.0,0.0,Montevideo,Uruguay,URY,South America,-34.88809074,-56.213813,1164,577,206,180,85,116,93.47,56.8,0,2,1,0,0,0,0,7.060476365999801,6.359573868672378,4.762173934797756,5.332718793265369,75.13499999999999,7.75,2021,12,16559.676878200517
1395488,port2073,EQ,Earthquake in Afghanistan,Earthquake in Afghanistan,Red M 6.3 Earthquake in Afghanistan at: 11 Oct 2023 00:41:56.,RED,Afghanistan,2023-10-11 00:41:56+00:00,2023,2023-10-11 00:41:56+00:00,"Magnitude 6.3M, Depth:10km",34.5798,62.0717,1698455547761,,0,0.0,,46607220425.94531,765380.9698678856,0.0,6.3,Kismayo,Somalia,SOM,Africa,-0.373401277064594,42.54931257818,54,11,8,28,0,7,4.17,20.27,0,2,0,0,1,0,0,4.007333185232471,2.4849066497880004,2.0794415416798357,2.1972245773362196,12.219999999999999,0.0,2023,10,4443.930023843459
1000999,port461,TC,SAOLA-23,Tropical Cyclone SAOLA-23,"Red Tropical Cyclone SAOLA-23 in China, Philippines from: 23 Aug 2023  to: 03 Sep 2023 .",RED,Hong Kong Special Administrative Region; China; Macao Special Administrative Region,2023-08-23 18:00:00+00:00,2023,2023-09-03 12:00:00+00:00,Tropical Depression (maximum wind speed of 250 km/h),20.7,109.0,1698455547761,port423; port425; port436; port484; port1189; port1196; port1414; port474; port674,9,0.0,1da448d78c3c4c11bc85b5c96692e090,453017205092.41016,4360517.904701316,250.0,0.0,Hera port,Timor-Leste,TLS,Asia & Pacific,-8.536869778,125.6890104,12,0,0,0,0,12,24.1,0.0,0,2,1,0,0,0,0,2.5649493574615367,0.0,2.5649493574615367,0.0,12.05,10.75,2023,8,3726.6587342740663
1395488,port745,EQ,Earthquake in Afghanistan,Earthquake in Afghanistan,Red M 6.3 Earthquake in Afghanistan at: 11 Oct 2023 00:41:56.,RED,Afghanistan,2023-10-11 00:41:56+00:00,2023,2023-10-11 00:41:56+00:00,"Magnitude 6.3M, Depth:10km",34.5798,62.0717,1698455547761,,0,0.0,,46607220425.94531,765380.9698678856,0.0,6.3,Port Sultan Qaboos,Oman,OMN,Asia & Pacific,23.62884171,58.56595296,94,1,30,9,0,54,1.45,0.11,0,2,0,0,1,0,0,4.553876891600541,0.6931471805599453,4.007333185232471,3.4339872044851463,0.78,0.0,2023,10,1266.759181009399
1102204,port1049,FL,Flood in Libya,Flood in Libya,Red Flood in Libya from: 08 Sep 2023 01 to: 14 Sep 2023 00.,RED,Libya,2023-09-08 01:00:00+00:00,2023,2023-09-14 00:00:00+00:00,,32.75938,22.63832,1698455547761,,0,0.0,,23588735.73925781,38187.708694884015,0.0,0.0,Puerto La Cruz,Venezuela,VEN,South America,10.2308185,-64.61485225,127,2,20,0,0,105,15.17,12.05,0,2,0,1,0,0,0,4.852030263919617,1.0986122886681098,4.663439094112067,3.044522437723423,13.61,5.958333333333333,2023,9,9853.701354169163
1000752,port2240,TC,YASA-20,Tropical Cyclone YASA-20,"Red Tropical Cyclone YASA-20 in Fiji, from: 12 Dec 2020  to: 20 Dec 2020 .",RED,Fiji,2020-12-12 12:00:00+00:00,2020,2020-12-20 00:00:00+00:00,Tropical Storm (maximum wind speed of 259 km/h),-23.3,-178.1,1694315138928,port636; port643; port687; port1240,4,0.0,b1fdccb4c2e54ca0b570e64a6114dbdd,690398598422.3789,5640670.516540977,259.0,0.0,Douglas,United Kingdom,GBR,Europe,54.1468436275529,-4.46817810584293,23,0,0,3,6,14,0.02,0.0,0,2,1,0,0,0,0,3.1780538303479458,0.0,2.70805020110221,0.0,0.01,7.5,2020,12,14189.113740446735
1298872,port189,EQ,Earthquake in Peru,Earthquake in Peru,Red M 7.5 Earthquake in Peru at: 28 Nov 2021 10:52:13.,RED,Peru,2021-11-28 10:52:13+00:00,2021,2021-11-28 10:52:13+00:00,"Magnitude 7.5M, Depth:112.48km",-4.4898,-76.8461,1694316841829,,0,0.0,,31788276666.928223,632103.6906136237,0.0,7.5,Bullen Baai,Curaçao,CUW,North America,12.18941721,-69.02057948,6,0,0,0,0,6,4.71,32.7,0,2,0,0,1,0,0,1.9459101490553132,0.0,1.9459101490553132,0.0,18.705000000000002,0.0,2021,11,2036.7968205115249
1000734,port1035,TC,MOLAVE-20,Tropical Cyclone MOLAVE-20,"Red Tropical Cyclone MOLAVE-20 in Viet Nam, Laos, Philippines, Cambodia, Thailand from: 24 Oct 2020  to: 28 Oct 2020 .",RED,Philippines; Vietnam,2020-10-24 00:00:00+00:00,2020,2020-10-28 06:00:00+00:00,Hurricane/Typhoon > 74 mph (maximum wind speed of 204 km/h),15.4,108.5,1694314857510,port125; port694; port213; port269; port1078,5,0.0,e84323b3f8cc45bfabbdfe65aca72289,660479170186.7969,5156424.339896273,204.0,0.0,Colon,Panama,PAN,North America,9.373324629,-79.87879174,1035,802,8,35,0,190,4.71,3.28,0,2,1,0,0,0,0,6.943122422819428,6.688354713946762,5.25227342804663,2.1972245773362196,3.995,4.25,2020,10,20641.69970220319
1102000,port960,FL,"Flood in Bangladesh, India, Myanmar","Flood in Bangladesh, India, Myanmar","Red Flood in Bangladesh, India, Myanmar from: 13 May 2023 01 to: 15 May 2023 01.",RED,"Bangladesh, India, Myanmar",2023-05-13 01:00:00+00:00,2023,2023-05-15 01:00:00+00:00,,20.15,92.9,1694319048832,,0,0.0,,15587277903.34961,1939484.122259192,0.0,0.0,Port Klang,Malaysia,MYS,Asia & Pacific,2.972594826,101.3403063,11273,7139,479,985,226,2444,43.56,45.81,0,2,0,1,0,0,0,9.33025446864152,8.87346805533363,7.801800401908973,6.173786103901937,44.685,2.0,2023,5,2123.875397362805
1102000,port498,FL,"Flood in Bangladesh, India, Myanmar","Flood in Bangladesh, India, Myanmar","Red Flood in Bangladesh, India, Myanmar from: 13 May 2023 01 to: 15 May 2023 01.",RED,"Bangladesh, India, Myanmar",2023-05-13 01:00:00+00:00,2023,2023-05-15 01:00:00+00:00,,20.15,92.9,1694319048832,,0,0.0,,15587277903.34961,1939484.122259192,0.0,0.0,Ipswich,United Kingdom,GBR,Europe,52.03702132,1.161808504,475,45,4,401,0,25,0.39,0.25,0,2,0,1,0,0,0,6.16541785423142,3.828641396489095,3.258096538021482,1.6094379124341003,0.32,2.0,2023,5,7194.872205076799
10000004,port890,OT,HORMUZ-26,Trade Disruptions in the Strait of Hormuz,Trade Disruptions in the Strait of Hormuz from: 01 Mar 2026  to: - .,RED,,2026-03-01 00:00:00+00:00,2019,2026-03-01 00:00:00+00:00,,26.29685,56.85985,1772323200000,chokepoint6,1,0.0,cc317ba850e34c4dadbead6f7b336fb1,17207899494.691406,591676.7546214922,0.0,0.0,Payra,Bangladesh,BGD,Asia & Pacific,21.99789333,90.30570117,54,6,39,9,0,0,3.01,0.62,0,2,0,0,0,0,1,4.007333185232471,1.9459101490553132,0.0,3.6888794541139363,1.815,0.0,2026,3,3475.129398589251
1474477,port2130,EQ,Earthquake in Myanmar,Earthquake in Myanmar,Red M 7.7 Earthquake in Myanmar at: 28 Mar 2025 06:20:54.,RED,Myanmar,2025-03-28 06:20:54+00:00,2025,2025-03-28 06:20:54+00:00,"Magnitude 7.7M, Depth:10km",22.0128,95.9216,1743233631549,,0,0.0,,36759664931.29297,679747.7557870499,0.0,7.7,Ras Gharib,Egypt,EGY,Africa,28.3445642535532,33.1097191315154,0,0,0,0,0,0,0.0,0.0,0,2,0,0,1,0,0,0.0,0.0,0.0,0.0,0.0,0.0,2025,3,6176.338640667459
1001002,fso28,TC,HAIKUI-23,Tropical Cyclone HAIKUI-23,Red Tropical Cyclone HAIKUI-23 in China from: 28 Aug 2023  to: 04 Sep 2023 .,RED,China; Taiwan Province of China,2023-08-28 12:00:00+00:00,2023,2023-09-04 18:00:00+00:00,Tropical Depression (maximum wind speed of 194 km/h),23.7,117.3,1698455547761,port1192; port1404; port541; port681,4,0.0,83cbe0ec2d85422ab03cbb25f151b70d,485380883238.77344,5280102.282037299,194.0,0.0,Brazil - Offshore Oil Terminal 35,Brazil,BRA,South America,-21.939,-39.785,17,0,0,0,0,17,0.0,0.17,0,2,1,0,0,0,0,2.8903717578961645,0.0,2.8903717578961645,0.0,0.085,7.25,2023,8,16948.541158568903
1000636,fso99,TC,KAMMURI-19,Tropical Cyclone KAMMURI-19,"Red Tropical Cyclone KAMMURI-19 in Philippines, Guam, Northern Mariana Islands from: 25 Nov 2019  to: 05 Dec 2019 .",RED,Philippines,2019-11-25 18:00:00+00:00,2019,2019-12-05 18:00:00+00:00,Tropical Depression (maximum wind speed of 213 km/h),12.2,113.5,1694312298029,port125; port694; port858; port1232,4,0.0,f189276a7e174aa88ce4270ecf7ee158,1310887873701.8965,7478805.052493515,213.0,0.0,Indonesia - Offshore Oil Terminal 8,Indonesia,IDN,Asia & Pacific,4.1670000000000025,106.22800000000004,0,0,0,0,0,0,0.0,0.0,0,2,1,0,0,0,0,0.0,0.0,0.0,0.0,0.0,10.0,2019,11,1201.3249284531062
1496100,port475,EQ,Earthquake in Indonesia,Earthquake in Indonesia,Red M 5.8 Earthquake in Indonesia at: 16 Aug 2025 22:38:52.,RED,Indonesia,2025-08-16 22:38:52+00:00,2025,2025-08-16 22:38:52+00:00,"Magnitude 5.8M, Depth:10km",-1.2569,120.7409,1759773822647,,0,0.0,,31604247090.93567,630279.7898142078,0.0,5.8,Honiara,Solomon Islands,SLB,Asia & Pacific,-9.422319397,159.994644,207,84,36,37,0,50,91.04,19.68,0,2,0,0,1,0,0,5.337538079701318,4.442651256490317,3.9318256327243257,3.6109179126442243,55.36,0.0,2025,8,4392.899740564609
1001090,port132,TC,YAGI-24,Tropical Cyclone YAGI-24,"Red Tropical Cyclone YAGI-24 in China, Viet Nam, Philippines from: 01 Sep 2024  to: 07 Sep 2024 .",RED,Vietnam; China,2024-09-01 12:00:00+00:00,2024,2024-09-07 06:00:00+00:00,Hurricane (maximum wind speed of 241 km/h),21.0,106.9,1728469086877,port123; port136; port242; port339; port424; port437; port1071; port1196; port1409; port1426; port434; port473,12,0.0,0387d1f7d4ae4eb2a872db5de07e9c78,638269632730.5098,4139701.742897033,241.0,0.0,Beirut,Lebanon,LBN,Asia & Pacific,33.90234183,35.52852626,1308,613,35,407,54,199,61.6,50.72,0,2,1,0,0,0,0,7.1770187659099,6.419994928147142,5.298317366548036,3.58351893845611,56.16,5.75,2024,9,6729.530487376094
1269679,port2275,EQ,Earthquake in China,Earthquake in China,Red M 6.1 Earthquake in China at: 21 May 2021 13:48:37.,RED,China,2021-05-21 13:48:37+00:00,2021,2021-05-21 13:48:37+00:00,"Magnitude 6.1M, Depth:10km",25.7614,100.0076,1694315573198,,0,0.0,,38950852849.05469,699708.9407092759,0.0,6.1,Deseado,Argentina,ARG,South America,-47.75452033207676,-65.90897633681332,35,23,0,0,0,12,0.07,0.05,0,2,0,0,1,0,0,3.58351893845611,3.1780538303479458,2.5649493574615367,0.0,0.060000000000000005,0.0,2021,5,14828.930355605378
1000752,port367,TC,YASA-20,Tropical Cyclone YASA-20,"Red Tropical Cyclone YASA-20 in Fiji, from: 12 Dec 2020  to: 20 Dec 2020 .",RED,Fiji,2020-12-12 12:00:00+00:00,2020,2020-12-20 00:00:00+00:00,Tropical Storm (maximum wind speed of 259 km/h),-23.3,-178.1,1694315138928,port636; port643; port687; port1240,4,0.0,b1fdccb4c2e54ca0b570e64a6114dbdd,690398598422.3789,5640670.516540977,259.0,0.0,"Funchal, Madeira",Portugal,PRT,Europe,32.74157142,-16.73220974,255,113,15,90,0,37,1.68,0.02,0,2,1,0,0,0,0,5.545177444479562,4.736198448394496,3.6375861597263857,2.772588722239781,0.85,7.5,2020,12,16299.67654384184
1000970,port2353,TC,MOCHA-23,Tropical Cyclone MOCHA-23,Red Tropical Cyclone MOCHA-23 in Myanmar from: 11 May 2023  to: 14 May 2023 .,RED,Myanmar,2023-05-11 00:00:00+00:00,2023,2023-05-14 12:00:00+00:00,Hurricane/Typhoon > 74 mph (maximum wind speed of 259 km/h),20.8,93.1,1694319041758,port961,1,0.0,14fa1161bedc426888263e54f9c2e255,477790409195.9639,4284932.731565202,259.0,0.0,Areia Branca,Brazil,BRA,South America,-4.821011203186009,-37.04589404657474,52,0,48,4,0,0,0.0,0.21,0,2,1,0,0,0,0,3.970291913552122,0.0,0.0,3.8918202981106265,0.105,3.5,2023,5,14673.323645438886
1000866,port221,TC,EMNATI-22,Tropical Cyclone EMNATI-22,Red Tropical Cyclone EMNATI-22 in Madagascar from: 16 Feb 2022  to: 24 Feb 2022 .,RED,Madagascar,2022-02-16 18:00:00+00:00,2022,2022-02-24 18:00:00+00:00,Tropical Storm (maximum wind speed of 204 km/h),-28.7,41.8,1694317200080,port340; port1301; port1307,3,0.0,4712455782b24b729ffa2d23c4fb9f61,915533029862.0216,6324014.687704501,204.0,0.0,Castries,St.  Lucia,LCA,North America,13.99444111,-61.00927372,540,148,7,101,32,252,95.09,98.07,0,2,1,0,0,0,0,6.293419278846481,5.003946305945459,5.53338948872752,2.0794415416798357,96.58,8.0,2022,2,12044.61826683709
1180592,port169,EQ,Earthquake in Peru,Earthquake in Peru,Red M 8 Earthquake in Peru at: 26 May 2019 07:41:14.,RED,Peru,2019-05-26 07:41:14+00:00,2019,2019-05-26 07:41:14+00:00,"Magnitude 8M, Depth:109.88km",-5.796,-75.2975,1694311079892,,0,0.0,,31912063391.56494,633332.3292619635,0.0,8.0,Brevik,Norway,NOR,Europe,59.06385806,9.692281148,512,214,159,59,78,2,2.27,0.96,0,2,0,0,1,0,0,6.240275845170769,5.3706380281276624,1.0986122886681098,5.075173815233827,1.615,0.0,2019,5,8680.576401968337
1013088,port1023,DR,Central India-2019,Drought in India,Red Drought in India from: 21 Feb 2019  to: 02 Jul 2019 .,RED,India,2019-02-21 00:00:00+00:00,2019,2019-07-02 09:17:00+00:00,Severe impact for agricultural drought in 139078 km2,19.833,76.244,1694311389075,port776,1,0.0,,158054648311.6328,2820951.373598021,0.0,0.0,Progreso,Mexico,MEX,North America,21.34384604,-89.67539375,587,182,128,105,0,172,3.17,0.58,0,2,0,0,0,1,0,6.376726947898627,5.209486152841421,5.153291594497779,4.859812404361672,1.875,131.38680555555555,2019,2,17154.701587179043
1498339,port2362,EQ,Earthquake in Afghanistan,Earthquake in Afghanistan,Red M 6 Earthquake in Afghanistan at: 31 Aug 2025 19:17:34.,RED,Afghanistan,2025-08-31 19:17:34+00:00,2025,2025-08-31 19:17:34+00:00,"Magnitude 6M, Depth:8km",34.7061,70.7934,1759773980096,,0,0.0,,46748743487.2832,766552.3883370857,0.0,6.0,Munguba,Brazil,BRA,South America,-0.923462536371614,-52.4264494721364,12,1,5,3,0,3,0.01,0.01,0,2,0,0,1,0,0,2.5649493574615367,0.6931471805599453,1.3862943611198906,1.791759469228055,0.01,0.0,2025,8,14236.005626975759
1001154,port1281,TC,JUDE-25,Tropical Cyclone JUDE-25,"Red Tropical Cyclone JUDE-25 in Mozambique, Madagascar from: 08 Mar 2025  to: 16 Mar 2025 .",RED,Madagascar; Mozambique,2025-03-08 18:00:00+00:00,2025,2025-03-16 00:00:00+00:00,Hurricane (maximum wind speed of 148 km/h),-26.04,51.93,1743233631549,port1307; port784; port340,3,0.0,741cbca36fb74752a8b9624f447fe27b,892986210001.831,7536661.496264165,148.0,0.0,Teluk Bayur,Indonesia,IDN,Asia & Pacific,-1.021178175,100.3880034,1138,138,223,272,0,505,1.26,1.11,0,2,1,0,0,0,0,7.037905963447182,4.9344739331306915,6.226536669287466,5.4116460518550396,1.185,7.25,2025,3,6052.680183671694
1100113,port1002,FL,Flood in China,Flood in China,Red Flood in China from: 31 Jul 2019 00 to: 20 Aug 2019 00.,RED,China,2019-07-31 00:00:00+00:00,2019,2019-08-20 00:00:00+00:00,,30.6692,104.1219,1694311749132,,0,0.0,,5605930223.777344,475239.8567653723,0.0,0.0,Porto De Suape,Brazil,BRA,South America,-8.389473356,-34.97291034,1430,493,59,34,54,790,4.97,0.72,0,2,0,1,0,0,0,7.266128779556451,6.202535517187923,6.673297967767654,4.0943445622221,2.8449999999999998,20.0,2019,7,15877.693649171206
1390643,port601,EQ,Earthquake in Morocco,Earthquake in Morocco,Red M 6.8 Earthquake in Morocco at: 08 Sep 2023 22:11:02.,RED,Morocco,2023-09-08 22:11:02+00:00,2023,2023-09-08 22:11:02+00:00,"Magnitude 6.8M, Depth:26.321km",31.07,-8.3815,1698455547761,,0,0.0,,43056777153.94678,735654.9781776896,0.0,6.8,Kristiansund,Norway,NOR,Europe,63.10839135,7.75619225,1479,108,80,894,64,333,2.45,0.45,0,2,0,0,1,0,0,7.299797366758161,4.6913478822291435,5.811140992976701,4.394449154672439,1.4500000000000002,0.0,2023,9,3647.3864061584804
1000965,port384,TC,JUDY-23,Tropical Cyclone JUDY-23,Red Tropical Cyclone JUDY-23 in Vanuatu from: 27 Feb 2023  to: 03 Mar 2023 .,RED,Vanuatu,2023-02-27 00:00:00+00:00,2023,2023-03-03 06:00:00+00:00,Tropical Storm (maximum wind speed of 204 km/h),-26.1,179.8,1694318783857,port980,1,0.0,9ae35fc3f5a348728400cdc46c18c6b1,899703064607.4922,7567782.065470555,204.0,0.0,Gela,Italy,ITA,Europe,37.05185811,14.28098405,116,0,0,0,0,116,0.18,0.23,0,2,1,0,0,0,0,4.762173934797756,0.0,4.762173934797756,0.0,0.20500000000000002,4.25,2023,2,16252.440556798763
1001090,port951,TC,YAGI-24,Tropical Cyclone YAGI-24,"Red Tropical Cyclone YAGI-24 in China, Viet Nam, Philippines from: 01 Sep 2024  to: 07 Sep 2024 .",RED,Vietnam; China,2024-09-01 12:00:00+00:00,2024,2024-09-07 06:00:00+00:00,Hurricane (maximum wind speed of 241 km/h),21.0,106.9,1728469086877,port123; port136; port242; port339; port424; port437; port1071; port1196; port1409; port1426; port434; port473,12,0.0,0387d1f7d4ae4eb2a872db5de07e9c78,638269632730.5098,4139701.742897033,241.0,0.0,Port Everglades,United States,USA,North America,26.0810509,-80.12439561,2316,1471,67,283,116,379,1.88,0.22,0,2,1,0,0,0,0,7.748028524432376,7.294377299288821,5.940171252720432,4.219507705176107,1.05,5.75,2024,9,18654.33756550921
1013327,port2150,DR,Zimbabwe-2019,"Drought in Botswana, Mozambique, South Africa, Zimbabwe","Red Drought in Botswana, Mozambique, South Africa, Zimbabwe from: 21 Mar 2019  to: 01 Aug 2019 .",RED,"Botswana, Mozambique, South Africa, Zimbabwe",2019-03-21 00:00:00+00:00,2019,2019-08-01 10:47:00+00:00,Severe impact for agricultural drought in 102368 km2,-22.721,31.814,1694311593392,,0,0.0,,120939607601.3496,2559609.37090292,0.0,0.0,Vizhinjam,India,IND,Asia & Pacific,8.36856104748015,76.993736641428,55,54,0,1,0,0,0.07,0.17,0,2,0,0,0,1,0,4.02535169073515,4.007333185232471,0.0,0.0,0.12000000000000001,133.44930555555555,2019,3,6043.674932822967
1001219,port1073,TC,MATMO-25,Tropical Cyclone MATMO-25,"Red Tropical Cyclone MATMO-25 in China, Viet Nam, Philippines from: 01 Oct 2025  to: 05 Oct 2025 .",RED,China,2025-10-01 06:00:00+00:00,2025,2025-10-05 18:00:00+00:00,Hurricane (maximum wind speed of 167 km/h),21.9,108.5,1761725190590,port437; port339; port136; port1071; port1196; port424; port242; port1426,8,0.0,d1c3e4dd8f4342fd98f587856420c073,543522271097.7871,4777478.110644072,167.0,0.0,Qiwei,China,CHN,Asia & Pacific,31.99831756,120.6176242,5837,194,2881,897,4,1861,2.15,0.29,0,2,1,0,0,0,0,8.67214355141406,5.272999558563747,7.529406457837013,7.966239776559467,1.22,4.5,2025,10,1599.2585268688504
1000923,port2332,TC,IAN-22,Tropical Cyclone IAN-22,"Red Tropical Cyclone IAN-22 in United States, Cuba from: 23 Sep 2022  to: 02 Oct 2022 .",RED,United States; Cuba,2022-09-23 09:00:00+00:00,2022,2022-10-02 03:00:00+00:00,Tropical Depression (maximum wind speed of 250 km/h),37.3,-78.2,1694318157503,port212; port231; port513; port967; port1259; port1399; port86; port704,8,0.0,a9afc86a1a4548849cb5860689dbbad7,795550443716.9697,5660938.880496826,250.0,0.0,Rocky Point,Jamaica,JAM,North America,17.812591962362013,-77.14414497125027,62,0,27,5,0,30,3.66,12.43,0,2,1,0,0,0,0,4.143134726391533,0.0,3.4339872044851463,3.332204510175204,8.045,8.75,2022,9,2165.9782963084062
1001082,port2393,TC,AMPIL-24,Tropical Cyclone AMPIL-24,Red Tropical Cyclone AMPIL-24 in Japan from: 12 Aug 2024  to: 18 Aug 2024 .,RED,Japan,2024-08-12 12:00:00+00:00,2024,2024-08-18 06:00:00+00:00,Hurricane (maximum wind speed of 213 km/h),40.5,155.3,1728469086877,,0,0.0,,1994170744804.414,10181379.277182342,213.0,0.0,Yuedong LNG Terminal,China,CHN,Asia & Pacific,22.925088742725315,116.37617809717943,33,0,0,0,0,33,0.03,0.0,0,2,1,0,0,0,0,3.5263605246161616,0.0,3.5263605246161616,0.0,0.015,5.75,2024,8,4431.748489432303
1101664,port733,FL,"Flood in China, Taiwan","Flood in China, Taiwan","Red Flood in China, Taiwan from: 14 Sep 2022 01 to: 16 Sep 2022 01.",RED,China,2022-09-14 01:00:00+00:00,2022,2022-09-16 01:00:00+00:00,,31.23228,121.4692,1694317999111,port438; port824; port1188; port1390; port1427; port1429,6,0.0,e8ad23d722674521baae5de97cc97f61,217355300848.26956,3579326.493505684,0.0,0.0,Sfax,Tunisia,TUN,Africa,34.72756548,10.77188258,459,116,121,198,0,24,22.44,15.96,0,2,0,1,0,0,0,6.131226489483141,4.762173934797756,3.2188758248682006,4.804021044733257,19.200000000000003,2.0,2022,9,10106.098047421581
1001082,port1316,TC,AMPIL-24,Tropical Cyclone AMPIL-24,Red Tropical Cyclone AMPIL-24 in Japan from: 12 Aug 2024  to: 18 Aug 2024 .,RED,Japan,2024-08-12 12:00:00+00:00,2024,2024-08-18 06:00:00+00:00,Hurricane (maximum wind speed of 213 km/h),40.5,155.3,1728469086877,,0,0.0,,1994170744804.414,10181379.277182342,213.0,0.0,Trabzon,Türkiye,TUR,Europe,41.00369412,39.74137416,470,9,20,358,0,83,0.46,0.19,0,2,1,0,0,0,0,6.154858094016418,2.302585092994046,4.430816798843313,3.044522437723423,0.325,5.75,2024,8,9680.284290788277
1000747,port1126,TC,NIVAR-20,Tropical Cyclone NIVAR-20,Red Tropical Cyclone NIVAR-20 in India from: 23 Nov 2020  to: 26 Nov 2020 .,RED,India,2020-11-23 12:00:00+00:00,2020,2020-11-26 00:00:00+00:00,Tropical Storm (maximum wind speed of 130 km/h),12.3,79.4,1694315050062,,0,0.0,,79756408901.51855,1566642.152423985,130.0,0.0,Saipan,Northern Mariana Islands,MNP,Asia & Pacific,15.22514305,145.7349106,163,75,6,48,9,25,90.82,95.36,0,2,1,0,0,0,0,5.099866427824199,4.330733340286331,3.258096538021482,1.9459101490553132,93.09,2.5,2020,11,7112.152954062062
1000000,port359,OT,RED SEA TENSIONS,Trade Disruptions in the Red Sea,Trade disruptions in the Red Sea (near Bab el-Mandeb Strait) due to attacks on commercial ships,RED,,2023-12-16 00:00:00+00:00,2023,2023-12-16 00:00:00+00:00,,20.31573,38.73504,1708595379825,chokepoint4; chokepoint1; chokepoint7,3,0.0,573013af3b6545deaeb50ed1cbaf9444,508756310979.897,4678015.079434657,0.0,0.0,Frederiksvaerk,Denmark,DNK,Europe,55.96279548,12.01281698,412,25,0,385,0,2,1.26,1.4,0,2,0,0,0,0,1,6.023447592961033,3.258096538021482,1.0986122886681098,0.0,1.33,0.0,2023,12,4291.02641387836
1365556,port113,EQ,Earthquake in Ecuador,Earthquake in Ecuador,Red M 6.8 Earthquake in Ecuador at: 18 Mar 2023 17:12:53.,RED,Ecuador,2023-03-18 17:12:53+00:00,2023,2023-03-18 17:12:53+00:00,"Magnitude 6.8M, Depth:66.421km",-2.8273,-79.8628,1694318875928,port426; port1028,2,0.0,ef13e43c3ddc4b3498c190570259f5b7,31671258732.4856,630947.1176096611,0.0,6.8,Banjul,The Gambia,GMB,Africa,13.44443552,-16.57415168,184,98,29,26,3,28,100.0,100.0,0,2,0,0,1,0,0,5.220355825078324,4.59511985013459,3.367295829986474,3.4011973816621555,100.0,0.0,2023,3,7067.221370425366
1000961,fso177,TC,FREDDY-23,Tropical Cyclone FREDDY-23,"Red Tropical Cyclone FREDDY-23 in Mozambique, Madagascar from: 06 Feb 2023  to: 12 Mar 2023 .",RED,"Mozambique, Madagascar",2023-02-06 06:00:00+00:00,2023,2023-03-12 00:00:00+00:00,Hurricane/Typhoon > 74 mph (maximum wind speed of 250 km/h),-17.5,36.9,1694318856223,,0,0.0,,2022693609096.5583,21856185.735939536,250.0,0.0,Vietnam - Offshore Oil Terminal 1,Vietnam,VNM,Asia & Pacific,10.133,108.56800000000004,3,0,0,0,0,3,0.0,0.19,0,2,1,0,0,0,0,1.3862943611198906,0.0,1.3862943611198906,0.0,0.095,33.75,2023,2,8410.330613272523
1100113,port2499,FL,Flood in China,Flood in China,Red Flood in China from: 31 Jul 2019 00 to: 20 Aug 2019 00.,RED,China,2019-07-31 00:00:00+00:00,2019,2019-08-20 00:00:00+00:00,,30.6692,104.1219,1694311749132,,0,0.0,,5605930223.777344,475239.8567653723,0.0,0.0,Portovaya LNG Terminal,Russian Federation,RUS,Europe,60.513176778963526,28.147982384557668,0,0,0,0,0,0,0.0,0.0,0,2,0,1,0,0,0,0.0,0.0,0.0,0.0,0.0,20.0,2019,7,5310.783545574557
1101659,port2208,FL,Flood in Nigeria,Flood in Nigeria,Red Flood in Nigeria from: 10 Sep 2022 01 to: 26 Oct 2022 01.,RED,Nigeria,2022-09-10 01:00:00+00:00,2022,2022-10-26 01:00:00+00:00,,4.762979,6.028898,1694318293002,port205; port587; port1165; port1383,4,0.0,9a4da61ebdd844f7a73d21254b8224ff,48581411140.71811,1903249.6982656445,0.0,0.0,Amlan,Philippines,PHL,Asia & Pacific,9.43641763273019,123.239191695115,79,0,0,2,0,77,0.34,0.0,0,2,0,1,0,0,0,4.382026634673881,0.0,4.356708826689592,0.0,0.17,46.0,2022,9,12844.768095979862
1000922,port878,TC,NORU-22,Tropical Cyclone NORU-22,"Red Tropical Cyclone NORU-22 in Viet Nam, Laos, Philippines from: 22 Sep 2022  to: 28 Sep 2022 .",RED,Philippines; Vietnam,2022-09-22 00:00:00+00:00,2022,2022-09-28 00:00:00+00:00,Hurricane/Typhoon > 74 mph (maximum wind speed of 259 km/h),16.0,107.8,1694318122116,port694; port1232; port213; port269,4,0.0,fcb67d56baae4103ade370dd3995d8c8,543451018476.1074,5830422.225303048,259.0,0.0,Palua,Venezuela,VEN,South America,8.347348578,-62.70946006,91,0,79,11,0,1,0.06,9.01,0,2,1,0,0,0,0,4.5217885770490405,0.0,0.6931471805599453,4.382026634673881,4.535,6.0,2022,9,18745.301361563757
1001121,port2044,TC,YINXING-24,Tropical Cyclone YINXING-24,"Red Tropical Cyclone YINXING-24 in Philippines, Viet Nam from: 03 Nov 2024  to: 12 Nov 2024 .",RED,"Philippines, Viet Nam",2024-11-03 06:00:00+00:00,2024,2024-11-12 12:00:00+00:00,Hurricane (maximum wind speed of 231 km/h),14.0,108.6,1743233631549,,0,0.0,,627567140020.3848,5914403.2540477095,231.0,0.0,El Dekheila,Egypt,EGY,Africa,31.14295533289,29.8103749314518,1615,708,546,193,5,163,25.25,8.44,0,2,1,0,0,0,0,7.38770923908104,6.5638555265321274,5.099866427824199,6.304448802421981,16.845,9.25,2024,11,7723.305951329998
1000666,port2080,TC,VONGFONG-20,Tropical Cyclone VONGFONG-20,Red Tropical Cyclone VONGFONG-20 in Philippines from: 11 May 2020  to: 16 May 2020 .,RED,Philippines,2020-05-11 18:00:00+00:00,2020,2020-05-16 06:00:00+00:00,Tropical Depression (maximum wind speed of 194 km/h),19.3,120.5,1694314305944,,0,0.0,,128064151889.94922,2559326.3640265325,194.0,0.0,Ringgi,Solomon Islands,SLB,Asia & Pacific,-8.12224498693555,157.111182514454,6,0,3,3,0,0,0.07,1.27,0,2,1,0,0,0,0,1.9459101490553132,0.0,0.0,1.3862943611198906,0.67,4.5,2020,5,5044.827368108185
1001124,port1022,TC,MAN-YI-24,Tropical Cyclone MAN-YI-24,"Red Tropical Cyclone MAN-YI-24 in Philippines, China, Guam from: 09 Nov 2024  to: 19 Nov 2024 .",RED,"Philippines, China, Guam",2024-11-09 00:00:00+00:00,2024,2024-11-19 12:00:00+00:00,Hurricane (maximum wind speed of 259 km/h),18.1,112.1,1743233631549,,0,0.0,,727868031313.7637,6211787.382655528,259.0,0.0,Probolinggo,Indonesia,IDN,Asia & Pacific,-7.71711305,113.4157124,247,0,112,113,0,22,1.57,0.05,0,2,1,0,0,0,0,5.5134287461649825,0.0,3.1354942159291497,4.727387818712341,0.81,10.5,2024,11,2869.3515258655134
1508467,port626,EQ,Earthquake in Afghanistan,Earthquake in Afghanistan,Red M 6.3 Earthquake in Afghanistan at: 02 Nov 2025 20:29:02.,RED,Afghanistan,2025-11-02 20:29:02+00:00,2025,2025-11-02 20:29:02+00:00,"Magnitude 6.3M, Depth:28km",36.5894,67.4843,1762862933372,,0,0.0,,49004820736.21094,784841.2897547166,0.0,6.3,Lagos,Nigeria,NGA,Africa,6.447337,3.334134321,2054,660,335,163,79,817,74.43,6.87,0,2,0,0,1,0,0,7.628031126930335,6.493753839851686,6.706862336602747,5.817111159963204,40.650000000000006,0.0,2025,11,7826.797641146827
1100977,port1379,FL,Flood in India,Flood in India,Red Flood in India from: 24 Jul 2021 01 to: 01 Oct 2021 01.,RED,India,2021-07-24 01:00:00+00:00,2021,2021-10-01 01:00:00+00:00,,31.23957,77.7198,1694316685662,,0,0.0,,7009983312.982422,636443.8624266385,0.0,0.0,Wakayama-Shimotsu,Japan,JPN,Asia & Pacific,34.18417973,135.1334894,4517,22,690,1557,11,2237,1.9,1.99,0,2,0,1,0,0,0,8.415824697027949,3.1354942159291497,7.71333788887187,6.53813982376767,1.9449999999999998,69.0,2021,7,5282.029297316865
1000001,port676,OT,RESTRICTIONS PANAMA CANAL,Shipping restrictions to Panama Canal,Drought restrictions imposed amid insufficient rainfall at the Gatún Lake,RED,,2023-11-03 00:00:00+00:00,2023,2024-08-05 04:00:00+00:00,,9.120512,-79.76723,1708810459951,chokepoint2,1,0.0,76f7d4b0062e46c5bbc862d4c3ce1d4b,30909854.189941406,168533.80110847912,0.0,0.0,Madang,Papua New Guinea,PNG,Asia & Pacific,-5.208767409,145.8016793,121,59,10,28,1,23,3.07,2.26,0,2,0,0,0,0,1,4.804021044733257,4.0943445622221,3.1780538303479458,2.3978952727983707,2.665,276.1666666666667,2023,11,24985.432238069792
1001124,port253,TC,MAN-YI-24,Tropical Cyclone MAN-YI-24,"Red Tropical Cyclone MAN-YI-24 in Philippines, China, Guam from: 09 Nov 2024  to: 19 Nov 2024 .",RED,"Philippines, China, Guam",2024-11-09 00:00:00+00:00,2024,2024-11-19 12:00:00+00:00,Hurricane (maximum wind speed of 259 km/h),18.1,112.1,1743233631549,,0,0.0,,727868031313.7637,6211787.382655528,259.0,0.0,Coles Bay Oil Terminal,Sint Maarten,SXM,North America,18.02424968,-63.08061627,88,0,0,0,0,88,22.25,0.0,0,2,1,0,0,0,0,4.48863636973214,0.0,4.48863636973214,0.0,11.125,10.5,2024,11,18490.79708526863
1357560,port173,EQ,Earthquake in Türkiye,Earthquake in Türkiye,Red M 7.5 Earthquake in Türkiye at: 06 Feb 2023 10:24:49.,RED,Türkiye,2023-02-06 10:24:49+00:00,2023,2023-02-06 10:24:49+00:00,"Magnitude 7.5M, Depth:10km",38.0235,37.203,1694318563269,,0,0.0,,50911375887.10156,799954.1583432151,0.0,7.5,Brindisi,Italy,ITA,Europe,40.64050446,17.98109688,415,4,55,69,118,169,1.18,0.32,0,2,0,0,1,0,0,6.030685260261263,1.6094379124341003,5.135798437050262,4.02535169073515,0.75,0.0,2023,2,1644.8764184089016
1001082,port34,TC,AMPIL-24,Tropical Cyclone AMPIL-24,Red Tropical Cyclone AMPIL-24 in Japan from: 12 Aug 2024  to: 18 Aug 2024 .,RED,Japan,2024-08-12 12:00:00+00:00,2024,2024-08-18 06:00:00+00:00,Hurricane (maximum wind speed of 213 km/h),40.5,155.3,1728469086877,,0,0.0,,1994170744804.414,10181379.277182342,213.0,0.0,Alicante,Spain,ESP,Europe,38.33230794,-0.491278006,521,335,51,116,6,13,0.31,0.81,0,2,1,0,0,0,0,6.257667587882639,5.817111159963204,2.6390573296152584,3.9512437185814275,0.56,5.75,2024,8,13567.093972995974
1000916,port2350,TC,FIONA-22,Tropical Cyclone FIONA-22,"Red Tropical Cyclone FIONA-22 in Canada, Turks and Caicos Islands, Dominican Republic, Puerto Rico from: 14 Sep 2022  to: 24 Sep 2022 .",RED,Montserrat; Canada; Antigua and Barbuda; Guadeloupe; St. Kitts and Nevis; United States; Dominican Republic; Turks and Caicos Islands; Puerto Rico,2022-09-14 15:00:00+00:00,2022,2022-09-24 21:00:00+00:00,Tropical Storm (maximum wind speed of 213 km/h),48.4,-60.5,1694318078129,port1245; port211; port443; port935; port1219; port51; port1055; port1147; port122; port232; port164; port913; port414; port1025; port910; port922; port1221,17,0.0,9ccdff1760bb46af903ec5b39378a058,3331680947058.3047,13796058.932976147,213.0,0.0,Yihua,China,CHN,Asia & Pacific,32.254510556314095,119.12673198146332,626,9,47,21,1,548,0.16,0.01,0,2,1,0,0,0,0,6.440946540632921,2.302585092994046,6.3080984415095305,3.871201010907891,0.085,10.25,2022,9,16956.735078732123
1001230,port2486,TC,MELISSA-25,Tropical Cyclone MELISSA-25,"Red Tropical Cyclone MELISSA-25 in Jamaica, Cuba, Bahamas, Bermuda, Haiti, Canada from: 21 Oct 2025  to: 31 Oct 2025 .",RED,Jamaica; Cuba; The Bahamas; Canada,2025-10-21 15:00:00+00:00,2025,2025-10-31 15:00:00+00:00,Hurricane (maximum wind speed of 296 km/h),39.0,-60.5,1762326758953,port1220; port256; port1102; port835; port2172; port336; port388; port2332; port66; port949; port2330; port1156; port840; port223; port763; port2105; port572,17,0.0,e34846541688462e8808638878306dba,4640098699038.423,18023634.967691384,296.0,0.0,Jask,Iran,IRN,Asia & Pacific,25.65683066460673,57.76856643206519,0,0,0,0,0,0,0.0,0.0,0,2,1,0,0,0,0,0.0,0.0,0.0,0.0,0.0,10.0,2025,10,11925.782312686011
10000004,port540,OT,HORMUZ-26,Trade Disruptions in the Strait of Hormuz,Trade Disruptions in the Strait of Hormuz from: 01 Mar 2026  to: - .,RED,,2026-03-01 00:00:00+00:00,2019,2026-03-01 00:00:00+00:00,,26.29685,56.85985,1772323200000,chokepoint6,1,0.0,cc317ba850e34c4dadbead6f7b336fb1,17207899494.691406,591676.7546214922,0.0,0.0,Kandla,India,IND,Asia & Pacific,23.0091192,70.21565487,1967,260,690,215,3,799,4.88,7.1,0,2,0,0,0,0,1,7.584773077612199,5.564520407322694,6.684611727667927,6.53813982376767,5.99,0.0,2026,3,1412.5081689549174
1000734,port2356,TC,MOLAVE-20,Tropical Cyclone MOLAVE-20,"Red Tropical Cyclone MOLAVE-20 in Viet Nam, Laos, Philippines, Cambodia, Thailand from: 24 Oct 2020  to: 28 Oct 2020 .",RED,Philippines; Vietnam,2020-10-24 00:00:00+00:00,2020,2020-10-28 06:00:00+00:00,Hurricane/Typhoon > 74 mph (maximum wind speed of 204 km/h),15.4,108.5,1694314857510,port125; port694; port213; port269; port1078,5,0.0,e84323b3f8cc45bfabbdfe65aca72289,660479170186.7969,5156424.339896273,204.0,0.0,Concepcion del Uruguay,Argentina,ARG,South America,-32.49049955445169,-58.21971683997612,59,0,16,1,3,39,0.25,0.09,0,2,1,0,0,0,0,4.0943445622221,0.0,3.6888794541139363,2.833213344056216,0.16999999999999998,4.25,2020,10,16489.700637376594
1474479,port2489,EQ,Earthquake in Myanmar,Earthquake in Myanmar,Red M 6.7 Earthquake in Myanmar at: 28 Mar 2025 06:32:04.,RED,Myanmar,2025-03-28 06:32:04+00:00,2025,2025-03-28 06:32:04+00:00,"Magnitude 6.7M, Depth:10km",21.7073,95.9692,1743233631549,,0,0.0,,36599965958.65625,678268.1460967383,0.0,6.7,Krk,Croatia,HRV,Europe,45.19989780397726,14.53575099722839,0,0,0,0,0,0,0.0,0.0,0,2,0,0,1,0,0,0.0,0.0,0.0,0.0,0.0,0.0,2025,3,6882.420265236507
1001024,port1132,TC,NORMA-23,Tropical Cyclone NORMA-23,Red Tropical Cyclone NORMA-23 in Mexico from: 17 Oct 2023  to: 23 Oct 2023 .,RED,Mexico,2023-10-17 21:00:00+00:00,2023,2023-10-23 15:00:00+00:00,Tropical Depression (maximum wind speed of 213 km/h),24.9,-107.7,1698455547761,port905; port1310,2,0.0,542de4ebd2eb4527b0172fb958086ec0,343416457081.3711,3420268.4940884463,213.0,0.0,Salaverry,Peru,PER,South America,-8.22602573,-78.98129178,201,9,157,30,0,5,4.68,2.16,0,2,1,0,0,0,0,5.308267697401205,2.302585092994046,1.791759469228055,5.062595033026967,3.42,5.75,2023,10,4845.011604269434
1000961,port1312,TC,FREDDY-23,Tropical Cyclone FREDDY-23,"Red Tropical Cyclone FREDDY-23 in Mozambique, Madagascar from: 06 Feb 2023  to: 12 Mar 2023 .",RED,"Mozambique, Madagascar",2023-02-06 06:00:00+00:00,2023,2023-03-12 00:00:00+00:00,Hurricane/Typhoon > 74 mph (maximum wind speed of 250 km/h),-17.5,36.9,1694318856223,,0,0.0,,2022693609096.5583,21856185.735939536,250.0,0.0,Toronto,Canada,CAN,North America,43.65153488,-79.39048026,156,4,149,3,0,0,0.82,0.04,0,2,1,0,0,0,0,5.056245805348308,1.6094379124341003,0.0,5.0106352940962555,0.43,33.75,2023,2,11545.818397564048
1001131,port1413,TC,CHIDO-25,Tropical Cyclone CHIDO-25,"Red Tropical Cyclone CHIDO-25 in Mozambique, Miscellaneous (French) Indian Ocean Islands, Madagascar, Comoros, Mayotte from: 09 Dec 2024  to: 16 Dec 2024 .",RED,Mozambique; Mayotte,2024-12-09 18:00:00+00:00,2024,2024-12-16 12:00:00+00:00,Hurricane (maximum wind speed of 243 km/h),-16.55,33.77,1743233631549,port982; port896,2,0.0,0461e32d3a3a496db34c0fcb4f802442,340251863450.24414,5630351.734478647,243.0,0.0,Yeysk,Russian Federation,RUS,Europe,46.72761087,38.27383154,834,2,13,668,0,151,0.16,0.37,0,2,1,0,0,0,0,6.727431724850855,1.0986122886681098,5.0238805208462765,2.6390573296152584,0.265,6.75,2024,12,7032.169351256848
1000824,port1310,TC,CHANTHU-21,Tropical Cyclone CHANTHU-21,"Red Tropical Cyclone CHANTHU-21 in China, Philippines from: 06 Sep 2021  to: 18 Sep 2021 .",RED,Taiwan Province of China,2021-09-06 06:00:00+00:00,2021,2021-09-18 00:00:00+00:00,Tropical Depression (maximum wind speed of 287 km/h),34.1,136.6,1694316572215,port238; port482; port1261,3,0.0,8973ab79e4e84f21863706b376cc33a2,738658048221.1113,8105520.519122106,287.0,0.0,Topolobampo,Mexico,MEX,North America,25.58916703,-109.055862,302,0,88,9,42,163,1.91,0.96,0,2,1,0,0,0,0,5.713732805509369,0.0,5.099866427824199,4.48863636973214,1.435,11.75,2021,9,24611.354580049938
1458084,port2203,EQ,Earthquake in Vanuatu,Earthquake in Vanuatu,Red M 7.3 Earthquake in Vanuatu at: 17 Dec 2024 01:47:25.,RED,Vanuatu,2024-12-17 01:47:25+00:00,2024,2024-12-17 01:47:25+00:00,"Magnitude 7.3M, Depth:57.094km",-17.6859,168.0338,1743233631549,port980,1,0.0,d9f1cd11bcad466f9ce50f174bc4a4d9,34805342363.78125,661419.83052175,0.0,7.3,La Pampilla,Peru,PER,South America,-11.9263168057,-77.1484338156767,179,0,0,0,0,179,3.99,2.56,0,2,0,0,1,0,0,5.19295685089021,0.0,5.19295685089021,0.0,3.2750000000000004,0.0,2024,12,26635.438277443798
1180592,port1037,EQ,Earthquake in Peru,Earthquake in Peru,Red M 8 Earthquake in Peru at: 26 May 2019 07:41:14.,RED,Peru,2019-05-26 07:41:14+00:00,2019,2019-05-26 07:41:14+00:00,"Magnitude 8M, Depth:109.88km",-5.796,-75.2975,1694311079892,,0,0.0,,31912063391.56494,633332.3292619635,0.0,8.0,Puerto Cristobal,Panama,PAN,North America,9.345538334,-79.90654356,997,656,83,34,1,223,6.65,4.01,0,2,0,0,1,0,0,6.905753276311464,6.48768401848461,5.4116460518550396,4.430816798843313,5.33,0.0,2019,5,1754.8860671250425
1012119,port1027,WF,Forest fires in Chile,Forest fires in Chile,Red Forest fires in Chile from: 02 Feb 2023 to: 15 Feb 2023.,RED,Chile,2023-02-02 00:00:00+00:00,2023,2023-02-15 00:00:00+00:00,Red impact for forestfire in 40563 ha,-36.64925,-72.85635,1694318652805,,0,0.0,,631325497.7460938,239787.16918134663,0.0,0.0,Puerto Bolivar,Colombia,COL,South America,12.25028035,-71.96257031,217,17,176,16,0,8,0.3,18.38,0,2,0,0,0,0,0,5.384495062789089,2.8903717578961645,2.1972245773362196,5.176149732573829,9.34,13.0,2023,2,5428.713650278528
1001230,port1212,TC,MELISSA-25,Tropical Cyclone MELISSA-25,"Red Tropical Cyclone MELISSA-25 in Jamaica, Cuba, Bahamas, Bermuda, Haiti, Canada from: 21 Oct 2025  to: 31 Oct 2025 .",RED,Jamaica; Cuba; The Bahamas; Canada,2025-10-21 15:00:00+00:00,2025,2025-10-31 15:00:00+00:00,Hurricane (maximum wind speed of 296 km/h),39.0,-60.5,1762326758953,port1220; port256; port1102; port835; port2172; port336; port388; port2332; port66; port949; port2330; port1156; port840; port223; port763; port2105; port572,17,0.0,e34846541688462e8808638878306dba,4640098699038.423,18023634.967691384,296.0,0.0,Souda (Chania),Greece,GRC,Europe,35.5125421,24.06744474,226,2,0,21,70,133,0.19,0.02,0,2,1,0,0,0,0,5.424950017481403,1.0986122886681098,4.897839799950911,0.0,0.105,10.0,2025,10,7650.697510300507
1281677,port201,EQ,Earthquake in Haiti,Earthquake in Haiti,Red M 7.2 Earthquake in Haiti at: 14 Aug 2021 12:29:09.,RED,Haiti,2021-08-14 12:29:09+00:00,2021,2021-08-14 12:29:09+00:00,"Magnitude 7.2M, Depth:10km",18.4079,-73.4753,1694316210700,,0,0.0,,35092185098.765625,664149.074051304,0.0,7.2,Cadiz,Spain,ESP,Europe,36.52041019,-6.263758649,753,413,59,109,54,118,0.76,0.74,0,2,0,0,1,0,0,6.625392368007956,6.025865973825314,4.77912349311153,4.0943445622221,0.75,0.0,2021,8,6323.686957370107
1000752,fso71,TC,YASA-20,Tropical Cyclone YASA-20,"Red Tropical Cyclone YASA-20 in Fiji, from: 12 Dec 2020  to: 20 Dec 2020 .",RED,Fiji,2020-12-12 12:00:00+00:00,2020,2020-12-20 00:00:00+00:00,Tropical Storm (maximum wind speed of 259 km/h),-23.3,-178.1,1694315138928,port636; port643; port687; port1240,4,0.0,b1fdccb4c2e54ca0b570e64a6114dbdd,690398598422.3789,5640670.516540977,259.0,0.0,Côte d'Ivoire - Offshore Oil Terminal 1,Côte d'Ivoire,CIV,Africa,4.737000000000004,-3.5649999999999995,6,0,0,1,0,5,0.0,6.29,0,2,1,0,0,0,0,1.9459101490553132,0.0,1.791759469228055,0.0,3.145,7.5,2020,12,19556.420772129637
1001234,port804,TC,FUNG-WONG-25,Tropical Cyclone FUNG-WONG-25,"Red Tropical Cyclone FUNG-WONG-25 in Philippines, China from: 04 Nov 2025  to: 11 Nov 2025 .",RED,Philippines,2025-11-04 06:00:00+00:00,2025,2025-11-11 06:00:00+00:00,Hurricane (maximum wind speed of 213 km/h),20.1,118.6,1762862933372,port2384; port1232; port694,3,0.0,c2ef10c4bd2a4528b780085f225e1c12,1574991297706.0098,6844851.431003457,213.0,0.0,Nelson,New Zealand,NZL,Asia & Pacific,-41.26122281,173.2760081,324,136,89,25,36,38,1.0,4.71,0,2,1,0,0,0,0,5.783825182329737,4.919980925828125,3.6635616461296463,4.499809670330265,2.855,7.0,2025,11,8197.824442872805
1001028,port472,TC,OTIS-23,Tropical Cyclone OTIS-23,Red Tropical Cyclone OTIS-23 in Mexico from: 22 Oct 2023  to: 25 Oct 2023 .,RED,Mexico,2023-10-22 15:00:00+00:00,2023,2023-10-25 21:00:00+00:00,Tropical Depression (maximum wind speed of 259 km/h),19.1,-100.8,1698455547761,port7,1,0.0,b2af87430d8340f29465e5075633c14a,83209950822.40918,1505916.18134488,259.0,0.0,Himekawa,Japan,JPN,Asia & Pacific,37.03543689,137.8443843,561,0,285,245,0,31,0.08,0.3,0,2,1,0,0,0,0,6.331501849893691,0.0,3.4657359027997265,5.655991810819852,0.19,3.25,2023,10,21239.123243379843
1000726,port554,TC,DELTA-20,Tropical Cyclone DELTA-20,"Red Tropical Cyclone DELTA-20 in United States, Mexico, Cuba, Cayman Islands from: 04 Oct 2020  to: 10 Oct 2020 .",RED,Mexico; United States,2020-10-04 21:00:00+00:00,2020,2020-10-10 15:00:00+00:00,Tropical Depression (maximum wind speed of 231 km/h),33.1,-90.8,1694314797231,port629; port933; port1144,3,0.0,54de45193f89417299ab745d2c59f315,486618277080.5869,5960717.91273668,231.0,0.0,Kavkaz,Russian Federation,RUS,Europe,45.33614508,36.66778576,373,0,6,178,55,134,0.23,0.17,0,2,1,0,0,0,0,5.924255797414532,0.0,4.90527477843843,1.9459101490553132,0.2,5.75,2020,10,10038.241923026037
1000726,port1125,TC,DELTA-20,Tropical Cyclone DELTA-20,"Red Tropical Cyclone DELTA-20 in United States, Mexico, Cuba, Cayman Islands from: 04 Oct 2020  to: 10 Oct 2020 .",RED,Mexico; United States,2020-10-04 21:00:00+00:00,2020,2020-10-10 15:00:00+00:00,Tropical Depression (maximum wind speed of 231 km/h),33.1,-90.8,1694314797231,port629; port933; port1144,3,0.0,54de45193f89417299ab745d2c59f315,486618277080.5869,5960717.91273668,231.0,0.0,Saint-Marc,Haiti,HTI,North America,19.10948777,-72.70279036,39,1,0,10,28,0,0.63,0.16,0,2,1,0,0,0,0,3.6888794541139363,0.6931471805599453,0.0,0.0,0.395,5.75,2020,10,2452.4293550343223
1558059,port919,EQ,Earthquake in Indonesia,Earthquake in Indonesia,Red M 7.7 Earthquake in Indonesia at: 14 Aug 2026 21:58:21.,RED,Indonesia,2026-08-14 21:58:21+00:00,2026,2026-08-14 21:58:21+00:00,"Magnitude 7.7M, Depth:10km",-8.3101,121.3517,1786788245013,port325,1,0.0,8412a4ae40104c35a27a1a8eded3a165,32266019709.819336,636841.1357321779,0.0,7.7,Point Noire,Republic of Congo,COG,Africa,-4.785478217,11.83585414,955,495,89,301,11,59,100.0,76.51,0,2,0,0,1,0,0,6.862757913051401,6.206575926724928,4.0943445622221,4.499809670330265,88.255,0.0,2026,8,12120.19863890042
1001101,port1099,TC,HELENE-24,Tropical Cyclone HELENE-24,"Red Tropical Cyclone HELENE-24 in United States, Mexico, Belize from: 23 Sep 2024  to: 27 Sep 2024 .",RED,Mexico; United States,2024-09-23 15:00:00+00:00,2024,2024-09-27 21:00:00+00:00,Hurricane (maximum wind speed of 222 km/h),37.5,-85.5,1728469086877,port879; port1144,2,0.0,42ada76f830c4cb58821d311383c4da0,692109064449.9551,4910254.54021647,222.0,0.0,Richards Bay,South Africa,ZAF,Africa,-28.79239882,32.03937272,1472,5,1175,61,0,231,3.12,41.09,0,2,1,0,0,0,0,7.29505641646263,1.791759469228055,5.44673737166631,7.069874128458572,22.105,4.25,2024,9,13597.087822547732
1000227,port1336,FL,Flood in Mozambique,Flood in Mozambique,Red Flood in Mozambique from: 09 Mar 2019 00 to: 29 Mar 2019 00.,RED,Mozambique,2019-03-09 00:00:00+00:00,2019,2019-03-29 00:00:00+00:00,,-15.178,36.432,1694310567224,port137; port784; port896,3,0.0,c2ad419a75d24ec28ae55a0728a0eb79,642589988843.8467,5359810.993936229,0.0,0.0,Makassar,Indonesia,IDN,Asia & Pacific,-5.11187581,119.4168045,2101,833,84,451,126,607,2.22,0.37,0,2,0,1,0,0,0,7.650644551436897,6.726233402358747,6.410174881966167,4.442651256490317,1.2950000000000002,20.0,2019,3,9242.463694126549
1269679,port682,EQ,Earthquake in China,Earthquake in China,Red M 6.1 Earthquake in China at: 21 May 2021 13:48:37.,RED,China,2021-05-21 13:48:37+00:00,2021,2021-05-21 13:48:37+00:00,"Magnitude 6.1M, Depth:10km",25.7614,100.0076,1694315573198,,0,0.0,,38950852849.05469,699708.9407092759,0.0,6.1,Maizuru,Japan,JPN,Asia & Pacific,35.47492079,135.3547219,555,91,158,196,26,84,0.73,0.05,0,2,0,0,1,0,0,6.320768294250582,4.5217885770490405,4.442651256490317,5.0689042022202315,0.39,0.0,2021,5,3372.216790280755
1458084,port2366,EQ,Earthquake in Vanuatu,Earthquake in Vanuatu,Red M 7.3 Earthquake in Vanuatu at: 17 Dec 2024 01:47:25.,RED,Vanuatu,2024-12-17 01:47:25+00:00,2024,2024-12-17 01:47:25+00:00,"Magnitude 7.3M, Depth:57.094km",-17.6859,168.0338,1743233631549,port980,1,0.0,d9f1cd11bcad466f9ce50f174bc4a4d9,34805342363.78125,661419.83052175,0.0,7.3,Pelotas,Brazil,BRA,South America,-31.78402496801919,-52.32896562826021,0,0,0,0,0,0,0.0,0.0,0,2,0,0,1,0,0,0.0,0.0,0.0,0.0,0.0,0.0,2024,12,20851.001577541712
1496100,port1421,EQ,Earthquake in Indonesia,Earthquake in Indonesia,Red M 5.8 Earthquake in Indonesia at: 16 Aug 2025 22:38:52.,RED,Indonesia,2025-08-16 22:38:52+00:00,2025,2025-08-16 22:38:52+00:00,"Magnitude 5.8M, Depth:10km",-1.2569,120.7409,1759773822647,,0,0.0,,31604247090.93567,630279.7898142078,0.0,5.8,Zanzibar,Tanzania,TZA,Africa,-6.156445914,39.19253473,267,37,14,124,0,92,8.03,4.44,0,2,0,0,1,0,0,5.5909869805108565,3.6375861597263857,4.532599493153256,2.70805020110221,6.234999999999999,0.0,2025,8,9016.081808483345
1001002,port1349,TC,HAIKUI-23,Tropical Cyclone HAIKUI-23,Red Tropical Cyclone HAIKUI-23 in China from: 28 Aug 2023  to: 04 Sep 2023 .,RED,China; Taiwan Province of China,2023-08-28 12:00:00+00:00,2023,2023-09-04 18:00:00+00:00,Tropical Depression (maximum wind speed of 194 km/h),23.7,117.3,1698455547761,port1192; port1404; port541; port681,4,0.0,83cbe0ec2d85422ab03cbb25f151b70d,485380883238.77344,5280102.282037299,194.0,0.0,Valletta,Malta,MLT,Europe,35.87751281,14.49900138,1278,124,56,315,245,538,8.69,6.27,0,2,1,0,0,0,0,7.153833801578843,4.8283137373023015,6.289715570908998,4.04305126783455,7.4799999999999995,7.25,2023,8,9344.221665541783
1337179,port2007,EQ,Earthquake in Papua New Guinea,Earthquake in Papua New Guinea,Red M 7.6 Earthquake in Papua New Guinea at: 10 Sep 2022 23:46:55.,RED,Papua New Guinea,2022-09-10 23:46:55+00:00,2022,2022-09-10 23:46:55+00:00,"Magnitude 7.6M, Depth:90.013km",-6.2557,146.4692,1694317950004,port624,1,0.0,c8de7f4575724cc3a7afccf0faf762a0,31972252448.100582,633942.8061322744,0.0,7.6,Galati,Romania,ROU,Europe,45.4379403448606,28.0734618468282,73,2,2,55,0,14,0.15,0.52,0,2,0,0,1,0,0,4.30406509320417,1.0986122886681098,2.70805020110221,1.0986122886681098,0.335,0.0,2022,9,10860.92253590674
1001117,port2229,TC,DANA-24,Tropical Cyclone DANA-24,Red Tropical Cyclone DANA-24 in India from: 23 Oct 2024  to: 25 Oct 2024 .,RED,India,2024-10-23 06:00:00+00:00,2024,2024-10-25 00:00:00+00:00,Hurricane (maximum wind speed of 120 km/h),20.8,86.9,1743233631549,port883; port290,2,0.0,61640e351cc846aea17d94a763b36ba5,141183293249.01953,1513492.9164785235,120.0,0.0,Anping,Taiwan Province of China,TWN,Asia & Pacific,22.9744474218755,120.160318140284,221,1,44,40,0,136,0.3,0.33,0,2,1,0,0,0,0,5.402677381872279,0.6931471805599453,4.919980925828125,3.8066624897703196,0.315,1.75,2024,10,3407.609292995456
1102204,port813,FL,Flood in Libya,Flood in Libya,Red Flood in Libya from: 08 Sep 2023 01 to: 14 Sep 2023 00.,RED,Libya,2023-09-08 01:00:00+00:00,2023,2023-09-14 00:00:00+00:00,,32.75938,22.63832,1698455547761,,0,0.0,,23588735.73925781,38187.708694884015,0.0,0.0,New Plymouth,New Zealand,NZL,Asia & Pacific,-39.0583807,174.0315698,264,0,114,31,0,119,4.74,9.07,0,2,0,1,0,0,0,5.579729825986222,0.0,4.787491742782046,4.74493212836325,6.905,5.958333333333333,2023,9,15291.256034042519
1001101,port115,TC,HELENE-24,Tropical Cyclone HELENE-24,"Red Tropical Cyclone HELENE-24 in United States, Mexico, Belize from: 23 Sep 2024  to: 27 Sep 2024 .",RED,Mexico; United States,2024-09-23 15:00:00+00:00,2024,2024-09-27 21:00:00+00:00,Hurricane (maximum wind speed of 222 km/h),37.5,-85.5,1728469086877,port879; port1144,2,0.0,42ada76f830c4cb58821d311383c4da0,692109064449.9551,4910254.54021647,222.0,0.0,Bizerte,Tunisia,TUN,Africa,37.25993301,9.873087666,369,64,63,134,0,108,25.82,10.35,0,2,1,0,0,0,0,5.91350300563827,4.174387269895637,4.6913478822291435,4.1588830833596715,18.085,4.25,2024,9,8425.736848810067
1001111,port536,TC,MILTON-24,Tropical Cyclone MILTON-24,"Red Tropical Cyclone MILTON-24 in Mexico, United States from: 05 Oct 2024  to: 09 Oct 2024 .",RED,Mexico; United States,2024-10-05 15:00:00+00:00,2024,2024-10-09 09:00:00+00:00,Hurricane (maximum wind speed of 287 km/h),24.5,-85.4,1728469086877,port212; port876; port967; port1259; port1023,5,0.0,6c5f734acb3a49209d1efa314fad3b08,821112466236.6816,6859035.563660279,287.0,0.0,Kamsar,Guinea,GIN,Africa,10.64818175,-14.60681317,437,7,254,156,0,20,3.21,85.1,0,2,1,0,0,0,0,6.082218910376446,2.0794415416798357,3.044522437723423,5.541263545158426,44.154999999999994,3.75,2024,10,7874.302168810622
1001214,port62,TC,BUALOI-25,Tropical Cyclone BUALOI-25,"Red Tropical Cyclone BUALOI-25 in Viet Nam, Philippines, Laos from: 23 Sep 2025  to: 28 Sep 2025 .",RED,Vietnam,2025-09-23 12:00:00+00:00,2025,2025-09-28 18:00:00+00:00,Hurricane (maximum wind speed of 148 km/h),18.2,106.2,1759774040248,port269; port819; port2405,3,0.0,4877524fdb7c445db72a442c5f4c6f97,690605174070.6943,7071118.486989791,148.0,0.0,Aratu,Brazil,BRA,South America,-12.78345046,-38.48799058,752,1,233,26,12,480,2.12,0.81,0,2,1,0,0,0,0,6.6240652277998935,0.6931471805599453,6.175867270105761,5.455321115357702,1.465,5.25,2025,9,16035.428542292542
1508467,port2367,EQ,Earthquake in Afghanistan,Earthquake in Afghanistan,Red M 6.3 Earthquake in Afghanistan at: 02 Nov 2025 20:29:02.,RED,Afghanistan,2025-11-02 20:29:02+00:00,2025,2025-11-02 20:29:02+00:00,"Magnitude 6.3M, Depth:28km",36.5894,67.4843,1762862933372,,0,0.0,,49004820736.21094,784841.2897547166,0.0,6.3,Paracuru,Brazil,BRA,South America,-3.399744593922471,-39.01317347761413,0,0,0,0,0,0,0.0,0.0,0,2,0,0,1,0,0,0.0,0.0,0.0,0.0,0.0,0.0,2025,11,12607.644615836894
1000824,port481,TC,CHANTHU-21,Tropical Cyclone CHANTHU-21,"Red Tropical Cyclone CHANTHU-21 in China, Philippines from: 06 Sep 2021  to: 18 Sep 2021 .",RED,Taiwan Province of China,2021-09-06 06:00:00+00:00,2021,2021-09-18 00:00:00+00:00,Tropical Depression (maximum wind speed of 287 km/h),34.1,136.6,1694316572215,port238; port482; port1261,3,0.0,8973ab79e4e84f21863706b376cc33a2,738658048221.1113,8105520.519122106,287.0,0.0,Houston (US-TX),United States,USA,North America,29.72023114,-95.13978774,7358,984,735,562,63,5014,8.21,17.78,0,2,1,0,0,0,0,8.903679332926599,6.892641641172089,8.520188700396035,6.601230118728877,12.995000000000001,11.75,2021,9,22344.697292027024
1000972,port2245,TC,MAWAR-23,Tropical Cyclone MAWAR-23,Red Tropical Cyclone MAWAR-23 in Guam from: 20 May 2023  to: 03 Jun 2023 .,RED,Guam; Northern Mariana Islands,2023-05-20 00:00:00+00:00,2023,2023-06-03 00:00:00+00:00,Tropical Storm (maximum wind speed of 296 km/h),30.7,138.1,1694319152977,port61; port1113,2,0.0,fe349de1f71843cca826c88a9a5396c0,1696969700479.611,9505783.434634589,296.0,0.0,Ras Isa Terminal,Yemen,YEM,Asia & Pacific,15.2506749411968,42.6176409513343,29,0,0,0,0,29,5.55,0.0,0,2,1,0,0,0,0,3.4011973816621555,0.0,3.4011973816621555,0.0,2.775,14.0,2023,5,10368.108755926722
10000002,port2384,OT,COLLAPSE FRANCIS SCOTT KEY BRIDGE,Baltimore: Collapse of Francis Scott Key Bridge,Collapse of the Francis Scott Key Bridge halted vessel traffic at the port of Baltimore,RED,United States,2024-03-26 00:00:00+00:00,2024,2024-06-12 04:00:00+00:00,,39.21934,-76.52521,1711737778359,port103,1,0.0,ce951f9474d843f48c48b47b21b7bab0,95440715.42578124,38765.194399173095,0.0,0.0,Pagbilao LNG Terminal,Philippines,PHL,Asia & Pacific,13.89415158437552,121.74331249925454,28,0,28,0,0,0,1.96,0.0,0,2,0,0,0,0,1,3.367295829986474,0.0,0.0,3.367295829986474,0.98,78.16666666666667,2024,3,21548.030295240693
1307299,port1252,EQ,Earthquake in Haiti,Earthquake in Haiti,Red M 5.3 Earthquake in Haiti at: 24 Jan 2022 13:16:23.,RED,Haiti,2022-01-24 13:16:23+00:00,2022,2022-01-24 13:16:23+00:00,"Magnitude 5.3M, Depth:10km",18.4723,-73.3346,1694317051845,port934; port1125,2,0.0,a14375d323fe40bcb9e296ba576f56ed,35116991308.7832,664375.8934030486,0.0,5.3,Taichung,Taiwan Province of China,TWN,Asia & Pacific,24.25457118,120.5049668,5808,2668,1219,788,39,1094,23.6,13.52,0,2,0,0,1,0,0,8.667163717992533,7.889459149404524,6.9985096422506015,7.106606137727303,18.560000000000002,0.0,2022,1,19627.439009129466
1000922,fso76,TC,NORU-22,Tropical Cyclone NORU-22,"Red Tropical Cyclone NORU-22 in Viet Nam, Laos, Philippines from: 22 Sep 2022  to: 28 Sep 2022 .",RED,Philippines; Vietnam,2022-09-22 00:00:00+00:00,2022,2022-09-28 00:00:00+00:00,Hurricane/Typhoon > 74 mph (maximum wind speed of 259 km/h),16.0,107.8,1694318122116,port694; port1232; port213; port269,4,0.0,fcb67d56baae4103ade370dd3995d8c8,543451018476.1074,5830422.225303048,259.0,0.0,Gabon - Offshore Oil Terminal 1,Gabon,GAB,Africa,-4.246999999999999,10.817,8,0,0,0,0,8,0.0,5.88,0,2,1,0,0,0,0,2.1972245773362196,0.0,2.1972245773362196,0.0,2.94,6.0,2022,9,10968.271272777685
1281677,port922,EQ,Earthquake in Haiti,Earthquake in Haiti,Red M 7.2 Earthquake in Haiti at: 14 Aug 2021 12:29:09.,RED,Haiti,2021-08-14 12:29:09+00:00,2021,2021-08-14 12:29:09+00:00,"Magnitude 7.2M, Depth:10km",18.4079,-73.4753,1694316210700,,0,0.0,,35092185098.765625,664149.074051304,0.0,7.2,Pointe A Pitre,Guadeloupe,GLP,North America,16.23054802,-61.5486927,687,183,18,113,195,178,98.21,99.73,0,2,0,0,1,0,0,6.5337888379333435,5.214935757608986,5.187385805840755,2.9444389791664403,98.97,0.0,2021,8,1293.8641386656948
1100273,port2380,FL,Flood in Bangladesh,"Flood in Bangladesh, India","Red Flood in Bangladesh, India from: 09 Nov 2019 00 to: 12 Nov 2019 00.",RED,Bangladesh; India,2019-11-09 00:00:00+00:00,2019,2019-11-12 00:00:00+00:00,,22.70099,90.35384,1694312166030,port207; port290; port442; port883; port241; port289; port759; port890,8,0.0,a57b043b47634cbd91006db4600147e7,463957499990.5293,12534138.639033608,0.0,0.0,Donggi Senoro LNG Terminal,Indonesia,IDN,Asia & Pacific,-1.2491735635193313,122.60246888215032,63,0,0,0,0,63,0.0,0.28,0,2,0,1,0,0,0,4.1588830833596715,0.0,4.1588830833596715,0.0,0.14,3.0,2019,11,4458.125573522014
1000866,port1197,TC,EMNATI-22,Tropical Cyclone EMNATI-22,Red Tropical Cyclone EMNATI-22 in Madagascar from: 16 Feb 2022  to: 24 Feb 2022 .,RED,Madagascar,2022-02-16 18:00:00+00:00,2022,2022-02-24 18:00:00+00:00,Tropical Storm (maximum wind speed of 204 km/h),-28.7,41.8,1694317200080,port340; port1301; port1307,3,0.0,4712455782b24b729ffa2d23c4fb9f61,915533029862.0216,6324014.687704501,204.0,0.0,Laem Chabang,Thailand,THA,Asia & Pacific,13.0887337,100.8999916,5410,3975,102,517,502,314,41.54,62.31,0,2,1,0,0,0,0,8.596189197642735,8.288031567776464,5.752572638825633,4.634728988229636,51.925,8.0,2022,2,7895.824047781729
1001019,port238,TC,LIDIA-23,Tropical Cyclone LIDIA-23,Red Tropical Cyclone LIDIA-23 in Mexico from: 03 Oct 2023  to: 11 Oct 2023 .,RED,Mexico,2023-10-03 09:00:00+00:00,2023,2023-10-11 09:00:00+00:00,Tropical Depression (maximum wind speed of 204 km/h),22.5,-102.5,1698455547761,,0,0.0,,304475858795.72656,4028901.5706235417,204.0,0.0,Keelung,Taiwan Province of China,TWN,Asia & Pacific,25.14717994,121.7520059,3510,2527,265,488,33,197,6.76,8.5,0,2,1,0,0,0,0,8.163656176168432,7.8351837552667485,5.288267030694535,5.583496308781699,7.63,8.0,2023,10,22534.607055156
1001131,port576,TC,CHIDO-25,Tropical Cyclone CHIDO-25,"Red Tropical Cyclone CHIDO-25 in Mozambique, Miscellaneous (French) Indian Ocean Islands, Madagascar, Comoros, Mayotte from: 09 Dec 2024  to: 16 Dec 2024 .",RED,Mozambique; Mayotte,2024-12-09 18:00:00+00:00,2024,2024-12-16 12:00:00+00:00,Hurricane (maximum wind speed of 243 km/h),-16.55,33.77,1743233631549,port982; port896,2,0.0,0461e32d3a3a496db34c0fcb4f802442,340251863450.24414,5630351.734478647,243.0,0.0,Kiritimati,Kiribati,KIR,Asia & Pacific,2.007167486,-157.486216,16,2,0,3,0,11,35.71,11.37,0,2,1,0,0,0,0,2.833213344056216,1.0986122886681098,2.4849066497880004,0.0,23.54,6.75,2024,12,21316.172678443796
1000970,port520,TC,MOCHA-23,Tropical Cyclone MOCHA-23,Red Tropical Cyclone MOCHA-23 in Myanmar from: 11 May 2023  to: 14 May 2023 .,RED,Myanmar,2023-05-11 00:00:00+00:00,2023,2023-05-14 12:00:00+00:00,Hurricane/Typhoon > 74 mph (maximum wind speed of 259 km/h),20.8,93.1,1694319041758,port961,1,0.0,14fa1161bedc426888263e54f9c2e255,477790409195.9639,4284932.731565202,259.0,0.0,"Jimenez, Ozamis",Philippines,PHL,Asia & Pacific,8.260336175,123.8533364,80,0,0,9,0,71,0.03,0.38,0,2,1,0,0,0,0,4.394449154672439,0.0,4.276666119016055,0.0,0.20500000000000002,3.5,2023,5,3653.7195738361347
1000559,port227,TC,KENNETH-19,Tropical Cyclone KENNETH-19,"Red Tropical Cyclone KENNETH-19 in , Mozambique, Comoros from: 23 Apr 2019  to: 25 Apr 2019 .",RED,Mozambique; Comoros,2019-04-23 00:00:00+00:00,2019,2019-04-25 18:00:00+00:00,Hurricane/Typhoon > 74 mph (maximum wind speed of 231 km/h),-12.3,40.1,1694310802591,port896; port769,2,0.0,74c5908f37dd496caedc335fc2bcf6e1,226352974513.5713,2574508.3200122174,231.0,0.0,Suzhou (Changshu),China,CHN,Asia & Pacific,31.75778041,120.9642729,701,52,303,341,1,4,0.17,0.08,0,2,1,0,0,0,0,6.553933404025811,3.970291913552122,1.6094379124341003,5.717027701406222,0.125,2.75,2019,4,9064.4663351441
1558059,fso92,EQ,Earthquake in Indonesia,Earthquake in Indonesia,Red M 7.7 Earthquake in Indonesia at: 14 Aug 2026 21:58:21.,RED,Indonesia,2026-08-14 21:58:21+00:00,2026,2026-08-14 21:58:21+00:00,"Magnitude 7.7M, Depth:10km",-8.3101,121.3517,1786788245013,port325,1,0.0,8412a4ae40104c35a27a1a8eded3a165,32266019709.819336,636841.1357321779,0.0,7.7,Indonesia - Offshore Oil Terminal 15,Indonesia,IDN,Asia & Pacific,4.130999999999999,105.12799999999994,12,0,0,0,0,12,0.0,0.1,0,2,0,0,1,0,0,2.5649493574615367,0.0,2.5649493574615367,0.0,0.05,0.0,2026,8,2265.660728102678
1001028,port1269,TC,OTIS-23,Tropical Cyclone OTIS-23,Red Tropical Cyclone OTIS-23 in Mexico from: 22 Oct 2023  to: 25 Oct 2023 .,RED,Mexico,2023-10-22 15:00:00+00:00,2023,2023-10-25 21:00:00+00:00,Tropical Depression (maximum wind speed of 259 km/h),19.1,-100.8,1698455547761,port7,1,0.0,b2af87430d8340f29465e5075633c14a,83209950822.40918,1505916.18134488,259.0,0.0,Tanjung Pelepas,Malaysia,MYS,Asia & Pacific,1.349982803,103.5464032,5473,3852,106,26,0,1489,7.22,5.8,0,2,1,0,0,0,0,8.607764889600624,8.256607344626158,7.306531398939505,4.672828834461906,6.51,3.25,2023,10,22761.588170039242
1327560,port395,EQ,Earthquake in Afghanistan,Earthquake in Afghanistan,Red M 5.9 Earthquake in Afghanistan at: 21 Jun 2022 20:54:36.,RED,Afghanistan,2022-06-21 20:54:36+00:00,2022,2022-06-21 20:54:36+00:00,"Magnitude 5.9M, Depth:10km",33.0924,69.5135,1694317525815,,0,0.0,,45009193544.7793,752151.8557061444,0.0,5.9,Gioia Tauro,Italy,ITA,Europe,38.46339878,15.91363921,1692,1307,10,74,139,162,7.07,16.18,0,2,0,0,1,0,0,7.4342573821331355,7.176254532017144,5.093750200806762,2.3978952727983707,11.625,0.0,2022,6,4696.551728675709
1000227,port322,FL,Flood in Mozambique,Flood in Mozambique,Red Flood in Mozambique from: 09 Mar 2019 00 to: 29 Mar 2019 00.,RED,Mozambique,2019-03-09 00:00:00+00:00,2019,2019-03-29 00:00:00+00:00,,-15.178,36.432,1694310567224,port137; port784; port896,3,0.0,c2ad419a75d24ec28ae55a0728a0eb79,642589988843.8467,5359810.993936229,0.0,0.0,Eleusis,Greece,GRC,Europe,38.04219308,23.53340774,1793,14,66,415,152,1146,4.75,11.57,0,2,0,1,0,0,0,7.492203042618741,2.70805020110221,7.044905117129371,4.204692619390966,8.16,20.0,2019,3,6014.091869186292
1000814,port103,TC,GRACE-21,Tropical Cyclone GRACE-21,Red Tropical Cyclone GRACE-21 in Mexico from: 13 Aug 2021  to: 21 Aug 2021 .,RED,Mexico; Cayman Islands,2021-08-13 15:00:00+00:00,2021,2021-08-21 21:00:00+00:00,Tropical Depression (maximum wind speed of 194 km/h),19.6,-100.1,1694316291193,port1144; port1332; port389,3,0.0,121eef70bd7e4584a988fa9198fa31db,480482637423.72754,5295598.848609343,194.0,0.0,Baltimore,United States,USA,North America,39.25976037,-76.5569733,1792,501,453,185,559,94,1.27,2.08,0,2,1,0,0,0,0,7.491645473605133,6.218600119691729,4.553876891600541,6.118097198041348,1.675,8.25,2021,8,2975.965570137371
1000782,port321,TC,TAUKTAE-21,Tropical Cyclone TAUKTAE-21,"Red Tropical Cyclone TAUKTAE-21 in India, Pakistan from: 14 May 2021  to: 17 May 2021 .",RED,India,2021-05-14 06:00:00+00:00,2021,2021-05-17 18:00:00+00:00,Hurricane/Typhoon > 74 mph (maximum wind speed of 222 km/h),20.8,71.3,1694315560326,port271; port511; port679; port709; port776; port907,6,0.0,6af995e3acac4015bd1fbaa90a2a3d6a,392042114876.2236,3515692.1056812145,222.0,0.0,Al Adabiyah,Egypt,EGY,Africa,29.90416291,32.46211563,475,41,90,172,13,159,3.02,3.48,0,2,1,0,0,0,0,6.16541785423142,3.7376696182833684,5.075173815233827,4.51085950651685,3.25,3.5,2021,5,3871.2666261480726
1394952,fso113,EQ,Earthquake in Afghanistan,Earthquake in Afghanistan,Red M 6.3 Earthquake in Afghanistan at: 07 Oct 2023 06:41:02.,RED,Afghanistan,2023-10-07 06:41:02+00:00,2023,2023-10-07 06:41:02+00:00,"Magnitude 6.3M, Depth:14km",34.6102,61.9242,1698455547761,,0,0.0,,46640460082.48633,765656.977635154,0.0,6.3,Malaysia - Offshore Oil Terminal 16,Malaysia,MYS,Asia & Pacific,1.2900000000000007,103.40100000000008,315,2,6,1,0,306,1.56,1.95,0,2,0,0,1,0,0,5.755742213586912,1.0986122886681098,5.726847747587197,1.9459101490553132,1.755,0.0,2023,10,5904.624897153024
1001067,port1312,TC,BERYL-24,Tropical Cyclone BERYL-24,"Red Tropical Cyclone BERYL-24 in Haiti, Grenada, Jamaica, Trinidad and Tobago, Saint Vincent and the Grenadines, Mexico, Belize, United States from: 28 Jun 2024  to: 09 Jul 2024 .",RED,St. Vincent and the Grenadines; Grenada; Cayman Islands; Mexico; Jamaica; United States,2024-06-28 21:00:00+00:00,2024,2024-07-09 09:00:00+00:00,Hurricane (maximum wind speed of 269 km/h),33.9,-93.7,1727766190151,port358; port373; port481; port963; port1285; port1023; port1144; port574; port336; port572; port763; port840; port949; port1102; port389; port1223,16,0.0,f47027ca577c458bb00a14c389cd8ec4,1356999108092.17,13353157.560749091,269.0,0.0,Toronto,Canada,CAN,North America,43.65153488,-79.39048026,156,4,149,3,0,0,0.82,0.04,0,2,1,0,0,0,0,5.056245805348308,1.6094379124341003,0.0,5.0106352940962555,0.43,10.5,2024,6,1578.742135533206
1000916,port920,TC,FIONA-22,Tropical Cyclone FIONA-22,"Red Tropical Cyclone FIONA-22 in Canada, Turks and Caicos Islands, Dominican Republic, Puerto Rico from: 14 Sep 2022  to: 24 Sep 2022 .",RED,Montserrat; Canada; Antigua and Barbuda; Guadeloupe; St. Kitts and Nevis; United States; Dominican Republic; Turks and Caicos Islands; Puerto Rico,2022-09-14 15:00:00+00:00,2022,2022-09-24 21:00:00+00:00,Tropical Storm (maximum wind speed of 213 km/h),48.4,-60.5,1694318078129,port1245; port211; port443; port935; port1219; port51; port1055; port1147; port122; port232; port164; port913; port414; port1025; port910; port922; port1221,17,0.0,9ccdff1760bb46af903ec5b39378a058,3331680947058.3047,13796058.932976147,213.0,0.0,"Richmond, CA",United States,USA,North America,37.92353428,-122.377093,548,0,83,2,13,450,1.86,0.49,0,2,1,0,0,0,0,6.3080984415095305,0.0,6.111467339502679,4.430816798843313,1.175,10.25,2022,9,5541.371060915973
1000663,port1342,TC,HAROLD-20,Tropical Cyclone HAROLD-20,"Red Tropical Cyclone HAROLD-20 in , Tonga, Fiji, Vanuatu from: 02 Apr 2020  to: 09 Apr 2020 .",RED,Fiji; Vanuatu; Tonga,2020-04-02 18:00:00+00:00,2020,2020-04-09 06:00:00+00:00,Hurricane/Typhoon > 74 mph (maximum wind speed of 269 km/h),-24.6,-170.7,1694314190344,port636; port643; port1240; port669; port836,5,0.0,56210f6c71f84299baa2ea0b705762f0,1886520768475.2756,11970100.92647234,269.0,0.0,Doha-Umm Said,Qatar,QAT,Asia & Pacific,24.96358831,51.56713164,1078,103,505,63,1,406,77.21,17.56,0,2,1,0,0,0,0,6.983789965258135,4.6443908991413725,6.008813185442595,6.226536669287466,47.385,6.5,2020,4,23033.40680354049
1390643,port743,EQ,Earthquake in Morocco,Earthquake in Morocco,Red M 6.8 Earthquake in Morocco at: 08 Sep 2023 22:11:02.,RED,Morocco,2023-09-08 22:11:02+00:00,2023,2023-09-08 22:11:02+00:00,"Magnitude 6.8M, Depth:26.321km",31.07,-8.3815,1698455547761,,0,0.0,,43056777153.94678,735654.9781776896,0.0,6.8,Mina Al Ahmadi,Kuwait,KWT,Asia & Pacific,29.0455478,48.14514574,509,0,26,2,0,481,0.03,75.5,0,2,0,0,1,0,0,6.234410725718371,0.0,6.1779441140506,3.295836866004329,37.765,0.0,2023,9,5489.9453259451675
1101664,port941,FL,"Flood in China, Taiwan","Flood in China, Taiwan","Red Flood in China, Taiwan from: 14 Sep 2022 01 to: 16 Sep 2022 01.",RED,China,2022-09-14 01:00:00+00:00,2022,2022-09-16 01:00:00+00:00,,31.23228,121.4692,1694317999111,port438; port824; port1188; port1390; port1427; port1429,6,0.0,e8ad23d722674521baae5de97cc97f61,217355300848.26956,3579326.493505684,0.0,0.0,Port De Aracaju,Brazil,BRA,South America,-10.82536946,-36.94053183,61,0,44,4,0,13,0.12,0.12,0,2,0,1,0,0,0,4.127134385045092,0.0,2.6390573296152584,3.8066624897703196,0.12,2.0,2022,9,17890.401478493295
1000702,port2075,TC,BAVI-20,Tropical Cyclone BAVI-20,"Red Tropical Cyclone BAVI-20 in China, Democratic Republic of Korea, Republic of Korea from: 21 Aug 2020  to: 27 Aug 2020 .",RED,China,2020-08-21 12:00:00+00:00,2020,2020-08-27 06:00:00+00:00,Tropical Storm (maximum wind speed of 185 km/h),41.6,125.8,1694314620195,port277; port662,2,0.0,99eadeb4109b4f45891f4d352d984b9c,722913654780.2266,5491058.810650765,185.0,0.0,Orkney,United Kingdom,GBR,Europe,58.9919835061103,-2.96908937022578,122,0,0,15,107,0,0.01,0.0,0,2,1,0,0,0,0,4.812184355372417,0.0,0.0,0.0,0.005,5.75,2020,8,7612.206952992751
1102000,port1360,FL,"Flood in Bangladesh, India, Myanmar","Flood in Bangladesh, India, Myanmar","Red Flood in Bangladesh, India, Myanmar from: 13 May 2023 01 to: 15 May 2023 01.",RED,"Bangladesh, India, Myanmar",2023-05-13 01:00:00+00:00,2023,2023-05-15 01:00:00+00:00,,20.15,92.9,1694319048832,,0,0.0,,15587277903.34961,1939484.122259192,0.0,0.0,Victoria,Malaysia,MYS,Asia & Pacific,5.25942875,115.2377077,386,17,25,81,1,262,0.38,0.67,0,2,0,1,0,0,0,5.958424693029782,2.8903717578961645,5.572154032177765,3.258096538021482,0.525,2.0,2023,5,2971.214453298889
1021078,port2472,WF,Forest fires in Greece,Forest fires in Greece,Red Forest fires in Greece from: 11 Aug 2024 to: 13 Aug 2024.,RED,Greece,2024-08-11 00:00:00+00:00,2024,2024-08-13 00:00:00+00:00,Red impact for forestfire in 8206 ha,38.15125,23.92598,1728469086877,,0,0.0,,134263310.3310547,112341.77431552672,0.0,0.0,Ternate,Indonesia,IDN,Asia & Pacific,0.7805329066067233,127.38986937889668,159,80,0,55,0,24,0.09,0.0,0,2,0,0,0,0,0,5.075173815233827,4.394449154672439,3.2188758248682006,0.0,0.045,2.0,2024,8,12209.677290746102
1474479,port1240,EQ,Earthquake in Myanmar,Earthquake in Myanmar,Red M 6.7 Earthquake in Myanmar at: 28 Mar 2025 06:32:04.,RED,Myanmar,2025-03-28 06:32:04+00:00,2025,2025-03-28 06:32:04+00:00,"Magnitude 6.7M, Depth:10km",21.7073,95.9692,1743233631549,,0,0.0,,36599965958.65625,678268.1460967383,0.0,6.7,Suva,Fiji,FJI,Asia & Pacific,-18.11693144,178.4249763,369,182,9,63,38,77,50.7,21.45,0,2,0,0,1,0,0,5.91350300563827,5.209486152841421,4.356708826689592,2.302585092994046,36.075,0.0,2025,3,9757.590270461324
1001214,port1014,TC,BUALOI-25,Tropical Cyclone BUALOI-25,"Red Tropical Cyclone BUALOI-25 in Viet Nam, Philippines, Laos from: 23 Sep 2025  to: 28 Sep 2025 .",RED,Vietnam,2025-09-23 12:00:00+00:00,2025,2025-09-28 18:00:00+00:00,Hurricane (maximum wind speed of 148 km/h),18.2,106.2,1759774040248,port269; port819; port2405,3,0.0,4877524fdb7c445db72a442c5f4c6f97,690605174070.6943,7071118.486989791,148.0,0.0,Portsmouth Harbour,United Kingdom,GBR,Europe,50.80555434,-1.107423076,397,87,2,81,58,169,0.13,0.11,0,2,1,0,0,0,0,5.986452005284438,4.477336814478207,5.135798437050262,1.0986122886681098,0.12,5.25,2025,9,8352.169811814634
1557236,port2226,EQ,Earthquake in Colombia,Earthquake in Colombia,Red M 7.4 Earthquake in Colombia at: 10 Aug 2026 12:34:28.,RED,Colombia,2026-08-10 12:34:28+00:00,2026,2026-08-10 12:34:28+00:00,"Magnitude 7.4M, Depth:110.285km",4.8436,-76.2422,1786788245013,,0,0.0,,31818321053.560303,632417.6853181977,0.0,7.4,Landskrona,Sweden,SWE,Europe,55.8630689874397,12.8309863736997,255,35,14,168,7,31,0.56,0.32,0,2,0,0,1,0,0,5.545177444479562,3.58351893845611,3.4657359027997265,2.70805020110221,0.44000000000000006,0.0,2026,8,7928.174325143517
1001024,fso63,TC,NORMA-23,Tropical Cyclone NORMA-23,Red Tropical Cyclone NORMA-23 in Mexico from: 17 Oct 2023  to: 23 Oct 2023 .,RED,Mexico,2023-10-17 21:00:00+00:00,2023,2023-10-23 15:00:00+00:00,Tropical Depression (maximum wind speed of 213 km/h),24.9,-107.7,1698455547761,port905; port1310,2,0.0,542de4ebd2eb4527b0172fb958086ec0,343416457081.3711,3420268.4940884463,213.0,0.0,Australia - Offshore Oil Terminal 5,Australia,AUS,Asia & Pacific,-21.432499999999997,114.067,15,0,0,0,0,15,0.0,0.08,0,2,1,0,0,0,0,2.772588722239781,0.0,2.772588722239781,0.0,0.04,5.75,2023,10,23483.957641548484
1365556,port2235,EQ,Earthquake in Ecuador,Earthquake in Ecuador,Red M 6.8 Earthquake in Ecuador at: 18 Mar 2023 17:12:53.,RED,Ecuador,2023-03-18 17:12:53+00:00,2023,2023-03-18 17:12:53+00:00,"Magnitude 6.8M, Depth:66.421km",-2.8273,-79.8628,1694318875928,port426; port1028,2,0.0,ef13e43c3ddc4b3498c190570259f5b7,31671258732.4856,630947.1176096611,0.0,6.8,Zirku Island,United Arab Emirates,ARE,Asia & Pacific,24.8851758085943,53.0746754938844,139,0,0,139,0,0,0.01,0.01,0,2,0,0,1,0,0,4.941642422609304,0.0,0.0,0.0,0.01,0.0,2023,3,13734.895926137257
1100902,port2434,FL,"Flood in Bangladesh, India","Flood in Bangladesh, India","Red Flood in Bangladesh, India from: 24 May 2021 01 to: 31 May 2021 01.",RED,India,2021-05-24 01:00:00+00:00,2021,2021-05-31 01:00:00+00:00,,23.45598,85.25573,1694315699826,port207; port235; port290; port442; port534; port544; port883; port1331,8,0.0,0444d1d2ece246b8bf863f26ef9e0444,516672397465.7856,15044471.16740546,0.0,0.0,Blyth,United Kingdom,GBR,Europe,55.12916483205057,-1.5092935295122645,191,58,12,96,0,25,0.14,0.07,0,2,0,1,0,0,0,5.2574953720277815,4.07753744390572,3.258096538021482,2.5649493574615367,0.10500000000000001,7.0,2021,5,6532.939869440749
1001027,port2154,TC,LOLA-23,Tropical Cyclone LOLA-23,"Red Tropical Cyclone LOLA-23 in Vanuatu, Solomon Islands from: 21 Oct 2023  to: 26 Oct 2023 .",RED,Vanuatu,2023-10-21 18:00:00+00:00,2023,2023-10-26 00:00:00+00:00,Tropical Depression (maximum wind speed of 222 km/h),-17.5,165.6,1698455547761,port669,1,0.0,cbc6d099a6e94f3e81a235627b040e2c,210094812873.85745,2572664.852082143,222.0,0.0,Muntok,Indonesia,IDN,Asia & Pacific,-2.07402944030294,105.170642224652,1,0,0,0,0,1,0.0,0.0,0,2,1,0,0,0,0,0.6931471805599453,0.0,0.6931471805599453,0.0,0.0,4.25,2023,10,6918.501826199965
1347183,port2414,EQ,Earthquake in Indonesia,Earthquake in Indonesia,Red M 5.6 Earthquake in Indonesia at: 21 Nov 2022 06:21:10.,RED,Indonesia,2022-11-21 06:21:10+00:00,2022,2022-11-21 06:21:10+00:00,"Magnitude 5.6M, Depth:10km",-6.8531,107.0946,1694318361325,port514; port894,2,0.0,87c03fd3cd7e4fbeb866673caea8815a,32048571438.088867,634691.4947898124,0.0,5.6,Haiyan,China,CHN,Asia & Pacific,30.462428004061685,120.94417470837196,25,0,6,8,0,11,0.0,0.0,0,2,0,0,1,0,0,3.258096538021482,0.0,2.4849066497880004,1.9459101490553132,0.0,0.0,2022,11,4348.82049686725
1000582,port385,TC,LEKIMA-19,Tropical Cyclone LEKIMA-19,"Red Tropical Cyclone LEKIMA-19 in , China, Japan from: 04 Aug 2019  to: 11 Aug 2019 .",RED,China; Taiwan Province of China,2019-08-04 00:00:00+00:00,2019,2019-08-11 12:00:00+00:00,Tropical Depression (maximum wind speed of 241 km/h),36.0,119.5,1694311686493,port227; port228; port370; port375; port438; port517; port792; port824; port1073; port1188; port1253; port1390; port1403; port1425; port1427; port1429; port238; port1261,18,0.0,a8c66fa7bd0c4373a1abfd43fdc50a94,964019445621.8224,5154645.7219629465,241.0,0.0,Gemlik,Türkiye,TUR,Europe,40.41272035,29.10348004,1305,822,29,287,130,37,1.22,3.51,0,2,1,0,0,0,0,7.174724309836376,6.71295620067707,3.6375861597263857,3.4011973816621555,2.3649999999999998,7.5,2019,8,7655.527352106869
1000961,port2117,TC,FREDDY-23,Tropical Cyclone FREDDY-23,"Red Tropical Cyclone FREDDY-23 in Mozambique, Madagascar from: 06 Feb 2023  to: 12 Mar 2023 .",RED,"Mozambique, Madagascar",2023-02-06 06:00:00+00:00,2023,2023-03-12 00:00:00+00:00,Hurricane/Typhoon > 74 mph (maximum wind speed of 250 km/h),-17.5,36.9,1694318856223,,0,0.0,,2022693609096.5583,21856185.735939536,250.0,0.0,Lushun,China,CHN,Asia & Pacific,38.8066972023242,121.12785864757,228,12,64,127,17,8,0.01,0.01,0,2,1,0,0,0,0,5.43372200355424,2.5649493574615367,2.1972245773362196,4.174387269895637,0.01,33.75,2023,2,9599.095031805055
1474477,port1169,EQ,Earthquake in Myanmar,Earthquake in Myanmar,Red M 7.7 Earthquake in Myanmar at: 28 Mar 2025 06:20:54.,RED,Myanmar,2025-03-28 06:20:54+00:00,2025,2025-03-28 06:20:54+00:00,"Magnitude 7.7M, Depth:10km",22.0128,95.9216,1743233631549,,0,0.0,,36759664931.29297,679747.7557870499,0.0,7.7,Sauda,Norway,NOR,Europe,59.64619296,6.360780684,239,20,18,200,1,0,2.69,0.19,0,2,0,0,1,0,0,5.480638923341991,3.044522437723423,0.0,2.9444389791664403,1.44,0.0,2025,3,6533.5589858688045
1001024,port271,TC,NORMA-23,Tropical Cyclone NORMA-23,Red Tropical Cyclone NORMA-23 in Mexico from: 17 Oct 2023  to: 23 Oct 2023 .,RED,Mexico,2023-10-17 21:00:00+00:00,2023,2023-10-23 15:00:00+00:00,Tropical Depression (maximum wind speed of 213 km/h),24.9,-107.7,1698455547761,port905; port1310,2,0.0,542de4ebd2eb4527b0172fb958086ec0,343416457081.3711,3420268.4940884463,213.0,0.0,Dahej,India,IND,Asia & Pacific,21.70299817,72.57511466,735,15,250,130,2,338,4.31,0.65,0,2,1,0,0,0,0,6.601230118728877,2.772588722239781,5.82600010738045,5.5254529391317835,2.48,5.75,2023,10,18595.441558178485
10000004,port746,OT,HORMUZ-26,Trade Disruptions in the Strait of Hormuz,Trade Disruptions in the Strait of Hormuz from: 01 Mar 2026  to: - .,RED,,2026-03-01 00:00:00+00:00,2019,2026-03-01 00:00:00+00:00,,26.29685,56.85985,1772323200000,chokepoint6,1,0.0,cc317ba850e34c4dadbead6f7b336fb1,17207899494.691406,591676.7546214922,0.0,0.0,Salalah,Oman,OMN,Asia & Pacific,16.94229498,54.0083198,1645,1036,321,89,12,187,55.55,49.25,0,2,0,0,0,0,1,7.406103381237015,6.9440872082295275,5.236441962829949,5.7745515455444085,52.4,0.0,2026,3,1081.600481990417
1000916,port2447,TC,FIONA-22,Tropical Cyclone FIONA-22,"Red Tropical Cyclone FIONA-22 in Canada, Turks and Caicos Islands, Dominican Republic, Puerto Rico from: 14 Sep 2022  to: 24 Sep 2022 .",RED,Montserrat; Canada; Antigua and Barbuda; Guadeloupe; St. Kitts and Nevis; United States; Dominican Republic; Turks and Caicos Islands; Puerto Rico,2022-09-14 15:00:00+00:00,2022,2022-09-24 21:00:00+00:00,Tropical Storm (maximum wind speed of 213 km/h),48.4,-60.5,1694318078129,port1245; port211; port443; port935; port1219; port51; port1055; port1147; port122; port232; port164; port913; port414; port1025; port910; port922; port1221,17,0.0,9ccdff1760bb46af903ec5b39378a058,3331680947058.3047,13796058.932976147,213.0,0.0,Kumai,Indonesia,IDN,Asia & Pacific,-2.7342893429040123,111.7456649182133,122,5,2,74,0,41,0.02,0.02,0,2,1,0,0,0,0,4.812184355372417,1.791759469228055,3.7376696182833684,1.0986122886681098,0.02,10.25,2022,9,19923.114161754675
1000624,port2477,TC,MATMO-19/BULBUL-19,Tropical Cyclone MATMO-19/BULBUL-19,"Red Tropical Cyclone MATMO-19/BULBUL-19 in Bangladesh, India, Myanmar, Thailand, Cambodia, Laos, Viet Nam from: 29 Oct 2019  to: 10 Nov 2019 .",RED,Bangladesh; Vietnam; India,2019-10-29 18:00:00+00:00,2019,2019-11-10 12:00:00+00:00,Tropical Storm (maximum wind speed of 157 km/h),23.0,90.8,1694312137296,port290; port442; port883; port1078; port759; port890,6,0.0,b846804ea419470084333b3317290139,317900413479.5791,3432525.078379262,157.0,0.0,Abadan,Iran,IRN,Asia & Pacific,30.332150759313546,48.27775739385089,0,0,0,0,0,0,0.0,0.0,0,2,1,0,0,0,0,0.0,0.0,0.0,0.0,0.0,11.75,2019,10,4154.36447901179
1000667,port104,TC,AMPHAN-20,Tropical Cyclone AMPHAN-20,"Red Tropical Cyclone AMPHAN-20 in India, Bangladesh, Bhutan from: 16 May 2020  to: 20 May 2020 .",RED,India,2020-05-16 06:00:00+00:00,2020,2020-05-20 12:00:00+00:00,Hurricane/Typhoon > 74 mph (maximum wind speed of 269 km/h),22.2,88.3,1694314330037,port207; port290; port442; port883,4,0.0,4aa2d000ec6344bd8e3ff519e352cddc,486303246583.71,3835378.588229685,269.0,0.0,Baltiysk,Russian Federation,RUS,Europe,54.63771376,19.92401592,198,78,0,65,33,22,0.5,0.04,0,2,1,0,0,0,0,5.293304824724492,4.3694478524670215,3.1354942159291497,0.0,0.27,4.25,2020,5,5679.650224735576
1001154,port2120,TC,JUDE-25,Tropical Cyclone JUDE-25,"Red Tropical Cyclone JUDE-25 in Mozambique, Madagascar from: 08 Mar 2025  to: 16 Mar 2025 .",RED,Madagascar; Mozambique,2025-03-08 18:00:00+00:00,2025,2025-03-16 00:00:00+00:00,Hurricane (maximum wind speed of 148 km/h),-26.04,51.93,1743233631549,port1307; port784; port340,3,0.0,741cbca36fb74752a8b9624f447fe27b,892986210001.831,7536661.496264165,148.0,0.0,Banana,Democratic Republic of the Congo,COD,Africa,-6.01089224336675,12.4026443090903,29,0,0,14,1,14,2.39,0.44,0,2,1,0,0,0,0,3.4011973816621555,0.0,2.70805020110221,0.0,1.415,7.25,2025,3,4897.155927424082
1001279,port2193,TC,BAVI-26,Tropical Cyclone BAVI-26,"Red Tropical Cyclone BAVI-26 in Guam, Northern Mariana Islands, Japan, Taiwan, China from: 01 Jul 2026  to: 11 Jul 2026 .",RED,Guam; Taiwan Province of China; Northern Mariana Islands; Japan; China,2026-07-01 00:00:00+00:00,2026,2026-07-11 18:00:00+00:00,Hurricane (maximum wind speed of 287 km/h),28.7,120.4,1784137096489,port2180; port2173; port1427; port2421; port482; port2424; port2177; port2415; port1300; port61; port2040; port2504; port2422; port824; port2230; port2413; port2505; port2021; port238; port370; port2414; port1429; port2304; port1390; port1113; port2502; port2027; port2423; port2111; port2491; port2497; port1126; port2426; port1261; port438; port1403; port2302,37,0.0,e1706849ab254c9f92db48f4761a8924,3004119385032.9414,12128199.78940675,287.0,0.0,Bijela,Montenegro,MNE,Europe,42.4477169652261,18.6534339688346,1,0,0,1,0,0,0.02,1.23,0,2,1,0,0,0,0,0.6931471805599453,0.0,0.0,0.0,0.625,10.75,2026,7,8472.234872623345
1001029,port630,TC,HAMOON-23,Tropical Cyclone HAMOON-23,"Red Tropical Cyclone HAMOON-23 in Bangladesh, India, Myanmar from: 23 Oct 2023  to: 24 Oct 2023 .",RED,Bangladesh,2023-10-23 06:00:00+00:00,2023,2023-10-24 18:00:00+00:00,Hurricane/Typhoon > 74 mph (maximum wind speed of 148 km/h),21.6,92.1,1698455547761,port241,1,0.0,143c6b04e7914c1dad1d2532a0d69438,120544698041.00977,1815860.986469032,148.0,0.0,Lakselv,Norway,NOR,Europe,67.36277744,15.5868724,189,58,2,129,0,0,1.13,0.05,0,2,1,0,0,0,0,5.247024072160486,4.07753744390572,0.0,1.0986122886681098,0.59,1.5,2023,10,6040.5890888638005
1000552,port504,TC,IDAI-19,Tropical Cyclone IDAI-19,"Red Tropical Cyclone IDAI-19 in Mozambique, Zimbabwe, Miscellaneous (French) Indian Ocean Islands from: 09 Mar 2019  to: 15 Mar 2019 .",RED,Mozambique,2019-03-09 06:00:00+00:00,2019,2019-03-15 00:00:00+00:00,Hurricane/Typhoon > 74 mph (maximum wind speed of 194 km/h),-19.6,34.8,1694310439405,port137,1,0.0,3aa1164d42fb42e99f8ed581b6ecd4d1,350000681982.3291,3223229.700239708,194.0,0.0,Istanbul,Türkiye,TUR,Europe,40.96999344,28.73553234,9107,267,1028,5405,41,2366,6.17,15.49,0,2,1,0,0,0,0,9.11690842718363,5.5909869805108565,7.769378609513984,6.9363427358340495,10.83,5.75,2019,3,6742.4540414387075
1100932,port110,FL,Flood in China,Flood in China,Red Flood in China from: 20 Jun 2021 01 to: 30 Jul 2021 01.,RED,China,2021-06-20 01:00:00+00:00,2021,2021-07-30 01:00:00+00:00,,37.87001,112.5453,1694316074584,,0,0.0,,11130690490.484377,762082.4459309455,0.0,0.0,Benghazi,Libya,LBY,Africa,32.1115254,20.04737392,526,162,63,169,31,101,23.14,1.36,0,2,0,1,0,0,0,6.267200548541362,5.093750200806762,4.624972813284271,4.1588830833596715,12.25,40.0,2021,6,8719.99016777719
1365556,port2174,EQ,Earthquake in Ecuador,Earthquake in Ecuador,Red M 6.8 Earthquake in Ecuador at: 18 Mar 2023 17:12:53.,RED,Ecuador,2023-03-18 17:12:53+00:00,2023,2023-03-18 17:12:53+00:00,"Magnitude 6.8M, Depth:66.421km",-2.8273,-79.8628,1694318875928,port426; port1028,2,0.0,ef13e43c3ddc4b3498c190570259f5b7,31671258732.4856,630947.1176096611,0.0,6.8,Namikata,Japan,JPN,Asia & Pacific,34.1196075765848,132.935391919819,442,2,7,148,0,285,0.08,0.17,0,2,0,0,1,0,0,6.093569770045136,1.0986122886681098,5.655991810819852,2.0794415416798357,0.125,0.0,2023,3,19980.17167680966
1548377,port1346,EQ,Earthquake in Venezuela,Earthquake in Venezuela,Red M 7.5 Earthquake in Venezuela at: 24 Jun 2026 22:05:12.,RED,Venezuela,2026-06-24 22:05:12+00:00,2026,2026-06-24 22:05:12+00:00,"Magnitude 7.5M, Depth:10km",10.453,-68.5139,1784045057281,port1029; port320; port2260; port618,4,0.0,076f32f7c4174f1da910d78fedce6623,32663314903.23291,640747.6201487333,0.0,7.5,Vaasa,Finland,FIN,Europe,63.08748865,21.56159548,182,15,5,114,10,38,1.6,0.23,0,2,0,0,1,0,0,5.209486152841421,2.772588722239781,3.6635616461296463,1.791759469228055,0.915,0.0,2026,6,7390.17394495238
1498907,port2479,EQ,Earthquake in Afghanistan,Earthquake in Afghanistan,Red M 5.6 Earthquake in Afghanistan at: 04 Sep 2025 16:56:24.,RED,Afghanistan,2025-09-04 16:56:24+00:00,2025,2025-09-04 16:56:24+00:00,"Magnitude 5.6M, Depth:10km",34.719,70.7909,1759774040248,,0,0.0,,46755681362.38086,766604.8070657091,0.0,5.6,Basrah Oil Terminal,Iraq,IRQ,Asia & Pacific,29.681608480330027,48.82483738934823,0,0,0,0,0,0,0.0,0.0,0,2,0,0,1,0,0,0.0,0.0,0.0,0.0,0.0,0.0,2025,9,2190.8678482036926
1001199,port1314,TC,KAJIKI-25,Tropical Cyclone KAJIKI-25,"Red Tropical Cyclone KAJIKI-25 in China, Viet Nam, Laos from: 22 Aug 2025  to: 25 Aug 2025 .",RED,China; Vietnam,2025-08-22 12:00:00+00:00,2025,2025-08-25 12:00:00+00:00,Hurricane (maximum wind speed of 176 km/h),18.6,105.7,1759773926919,port819; port123; port2405,3,0.0,ac2ab6950be24be78651406ff4a48fd3,315832502165.2754,3249273.252154244,176.0,0.0,Torrevieja,Spain,ESP,Europe,37.97481074,-0.696812944,38,2,0,36,0,0,0.01,0.06,0,2,1,0,0,0,0,3.6635616461296463,1.0986122886681098,0.0,0.0,0.034999999999999996,3.0,2025,8,9554.81439390218
1000818,port2464,TC,IDA-21,Tropical Cyclone IDA-21,"Red Tropical Cyclone IDA-21 in United States, Cuba from: 26 Aug 2021  to: 30 Aug 2021 .",RED,United States,2021-08-26 15:00:00+00:00,2021,2021-08-30 21:00:00+00:00,Tropical Depression (maximum wind speed of 241 km/h),32.6,-90.3,1694316376901,port126; port352; port812; port1214,4,0.0,7d9d04c6c5ac4e3bbdf68a78a0966767,394139707419.0078,3782111.256095524,241.0,0.0,Saraylar,Türkiye,TUR,Europe,40.657505794262725,27.663503631828355,170,6,4,160,0,0,0.0,0.22,0,2,1,0,0,0,0,5.14166355650266,1.9459101490553132,0.0,1.6094379124341003,0.11,4.25,2021,8,9973.485596571247
1000747,port1017,TC,NIVAR-20,Tropical Cyclone NIVAR-20,Red Tropical Cyclone NIVAR-20 in India from: 23 Nov 2020  to: 26 Nov 2020 .,RED,India,2020-11-23 12:00:00+00:00,2020,2020-11-26 00:00:00+00:00,Tropical Storm (maximum wind speed of 130 km/h),12.3,79.4,1694315050062,,0,0.0,,79756408901.51855,1566642.152423985,130.0,0.0,Pozzuoli,Italy,ITA,Europe,40.82286509,14.11641496,36,0,0,0,35,1,0.0,0.0,0,2,1,0,0,0,0,3.6109179126442243,0.0,0.6931471805599453,0.0,0.0,2.5,2020,11,6332.006088621324
1000582,port2254,TC,LEKIMA-19,Tropical Cyclone LEKIMA-19,"Red Tropical Cyclone LEKIMA-19 in , China, Japan from: 04 Aug 2019  to: 11 Aug 2019 .",RED,China; Taiwan Province of China,2019-08-04 00:00:00+00:00,2019,2019-08-11 12:00:00+00:00,Tropical Depression (maximum wind speed of 241 km/h),36.0,119.5,1694311686493,port227; port228; port370; port375; port438; port517; port792; port824; port1073; port1188; port1253; port1390; port1403; port1425; port1427; port1429; port238; port1261,18,0.0,a8c66fa7bd0c4373a1abfd43fdc50a94,964019445621.8224,5154645.7219629465,241.0,0.0,Albany,United States,USA,North America,42.6216733773329,-73.7551907460014,55,5,18,20,0,12,0.03,0.03,0,2,1,0,0,0,0,4.02535169073515,1.791759469228055,2.5649493574615367,2.9444389791664403,0.03,7.5,2019,8,15801.868346908414
1001024,port1370,TC,NORMA-23,Tropical Cyclone NORMA-23,Red Tropical Cyclone NORMA-23 in Mexico from: 17 Oct 2023  to: 23 Oct 2023 .,RED,Mexico,2023-10-17 21:00:00+00:00,2023,2023-10-23 15:00:00+00:00,Tropical Depression (maximum wind speed of 213 km/h),24.9,-107.7,1698455547761,port905; port1310,2,0.0,542de4ebd2eb4527b0172fb958086ec0,343416457081.3711,3420268.4940884463,213.0,0.0,Vlissingen,The Netherlands,NLD,Europe,51.4561153,3.695779737,4257,329,177,1163,193,2395,2.81,4.11,0,2,1,0,0,0,0,8.356554845453426,5.799092654460526,7.78155595923534,5.181783550292085,3.46,5.75,2023,10,8249.390210752428
1000741,port534,TC,VAMCO-20,Tropical Cyclone VAMCO-20,"Red Tropical Cyclone VAMCO-20 in Viet Nam, Laos, Philippines from: 09 Nov 2020  to: 15 Nov 2020 .",RED,Philippines; Vietnam,2020-11-09 06:00:00+00:00,2020,2020-11-15 06:00:00+00:00,Hurricane/Typhoon > 74 mph (maximum wind speed of 213 km/h),17.7,106.5,1694315001659,port125; port694; port1232; port213; port269,5,0.0,3b4614b4f7b34fb18ec018043a5f15aa,1054019421551.8712,5596890.617674353,213.0,0.0,Kamarajar Port,India,IND,Asia & Pacific,13.27933099,80.33854581,798,134,330,19,89,226,5.3,0.82,0,2,1,0,0,0,0,6.683360945766275,4.90527477843843,5.424950017481403,5.802118375377063,3.06,6.0,2020,11,2868.556366969457
1000985,port2280,TC,DOKSURI-23,Tropical Cyclone DOKSURI-23,"Red Tropical Cyclone DOKSURI-23 in China, Philippines from: 21 Jul 2023  to: 28 Jul 2023 .",RED,China; Taiwan Province of China,2023-07-21 12:00:00+00:00,2023,2023-07-28 06:00:00+00:00,Hurricane/Typhoon > 74 mph (maximum wind speed of 241 km/h),25.7,118.4,1694319313120,port370; port1074; port1192; port1404; port1405; port541,6,0.0,b540df4fc6a5421bb2da4ed0f0a690c4,928424469375.0684,5417913.710063252,241.0,0.0,Guaranao,Venezuela,VEN,South America,11.692208860561776,-70.21283757222142,49,15,5,23,6,0,1.0,0.31,0,2,1,0,0,0,0,3.912023005428146,2.772588722239781,0.0,1.791759469228055,0.655,6.75,2023,7,20560.48713358292
1269679,fso107,EQ,Earthquake in China,Earthquake in China,Red M 6.1 Earthquake in China at: 21 May 2021 13:48:37.,RED,China,2021-05-21 13:48:37+00:00,2021,2021-05-21 13:48:37+00:00,"Magnitude 6.1M, Depth:10km",25.7614,100.0076,1694315573198,,0,0.0,,38950852849.05469,699708.9407092759,0.0,6.1,Malaysia - Offshore Oil Terminal 10,Malaysia,MYS,Asia & Pacific,3.538,112.81500000000004,7,0,0,0,0,7,0.0,0.16,0,2,0,0,1,0,0,2.0794415416798357,0.0,2.0794415416798357,0.0,0.08,0.0,2021,5,2845.7688666402782
1000940,port2322,TC,ROSLYN-22,Tropical Cyclone ROSLYN-22,Red Tropical Cyclone ROSLYN-22 in Mexico from: 20 Oct 2022  to: 24 Oct 2022 .,RED,Mexico,2022-10-20 03:00:00+00:00,2022,2022-10-24 03:00:00+00:00,Tropical Depression (maximum wind speed of 213 km/h),26.0,-101.0,1694318280734,,0,0.0,,172355881838.91406,2914267.116267182,213.0,0.0,Naze,Japan,JPN,Asia & Pacific,28.396039386648745,129.50379402510032,80,0,0,9,20,51,0.0,0.0,0,2,1,0,0,0,0,4.394449154672439,0.0,3.9512437185814275,0.0,0.0,4.0,2022,10,22509.03148168968
1000747,port794,TC,NIVAR-20,Tropical Cyclone NIVAR-20,Red Tropical Cyclone NIVAR-20 in India from: 23 Nov 2020  to: 26 Nov 2020 .,RED,India,2020-11-23 12:00:00+00:00,2020,2020-11-26 00:00:00+00:00,Tropical Storm (maximum wind speed of 130 km/h),12.3,79.4,1694315050062,,0,0.0,,79756408901.51855,1566642.152423985,130.0,0.0,Napier,New Zealand,NZL,Asia & Pacific,-39.47534995,176.9179294,539,252,186,45,0,56,2.73,11.75,0,2,1,0,0,0,0,6.29156913955832,5.53338948872752,4.04305126783455,5.231108616854587,7.24,2.5,2020,11,10141.08086096551
1013088,port615,DR,Central India-2019,Drought in India,Red Drought in India from: 21 Feb 2019  to: 02 Jul 2019 .,RED,India,2019-02-21 00:00:00+00:00,2019,2019-07-02 09:17:00+00:00,Severe impact for agricultural drought in 139078 km2,19.833,76.244,1694311389075,port776,1,0.0,,158054648311.6328,2820951.373598021,0.0,0.0,La Baie (Port Alfred),Canada,CAN,North America,48.3648556,-70.85540004,193,1,128,49,0,15,4.92,0.02,0,2,0,0,0,1,0,5.267858159063328,0.6931471805599453,2.772588722239781,4.859812404361672,2.4699999999999998,131.38680555555555,2019,2,11300.943387754865
1001256,port30,TC,GEZANI-26,Tropical Cyclone GEZANI-26,"Red Tropical Cyclone GEZANI-26 in Madagascar, Mozambique from: 06 Feb 2026  to: 18 Feb 2026 .",RED,"Madagascar, Mozambique",2026-02-06 00:00:00+00:00,2026,2026-02-18 12:00:00+00:00,Hurricane (maximum wind speed of 211 km/h),-35.63,41.6,1771623360667,,0,0.0,,115660665179.69922,1467389.249750107,211.0,0.0,Ålesund,Norway,NOR,Europe,62.4728339,6.154027256,929,288,5,380,53,203,2.21,0.38,0,2,1,0,0,0,0,6.835184586147301,5.666426688112432,5.318119993844216,1.791759469228055,1.295,12.5,2026,2,11040.196972461166
1307299,port335,EQ,Earthquake in Haiti,Earthquake in Haiti,Red M 5.3 Earthquake in Haiti at: 24 Jan 2022 13:16:23.,RED,Haiti,2022-01-24 13:16:23+00:00,2022,2022-01-24 13:16:23+00:00,"Magnitude 5.3M, Depth:10km",18.4723,-73.3346,1694317051845,port934; port1125,2,0.0,a14375d323fe40bcb9e296ba576f56ed,35116991308.7832,664375.8934030486,0.0,5.3,Falkenberg,Sweden,SWE,Europe,56.89932293,12.46702899,236,17,5,179,2,33,0.35,0.47,0,2,0,0,1,0,0,5.4680601411351315,2.8903717578961645,3.5263605246161616,1.791759469228055,0.41,0.0,2022,1,6726.491433401179
1508467,port2018,EQ,Earthquake in Afghanistan,Earthquake in Afghanistan,Red M 6.3 Earthquake in Afghanistan at: 02 Nov 2025 20:29:02.,RED,Afghanistan,2025-11-02 20:29:02+00:00,2025,2025-11-02 20:29:02+00:00,"Magnitude 6.3M, Depth:28km",36.5894,67.4843,1762862933372,,0,0.0,,49004820736.21094,784841.2897547166,0.0,6.3,Ronne,Denmark,DNK,Europe,55.0927407885952,14.6904805769816,180,9,4,144,1,22,0.49,0.87,0,2,0,0,1,0,0,5.198497031265826,2.302585092994046,3.1354942159291497,1.6094379124341003,0.6799999999999999,0.0,2025,11,3932.4299153722304
1001126,port2231,TC,USAGI-24,Tropical Cyclone USAGI-24,"Red Tropical Cyclone USAGI-24 in Philippines, Taiwan from: 11 Nov 2024  to: 16 Nov 2024 .",RED,"Philippines, Taiwan",2024-11-11 00:00:00+00:00,2024,2024-11-16 06:00:00+00:00,Hurricane (maximum wind speed of 241 km/h),22.2,120.6,1743233631549,,0,0.0,,267239678935.08984,3815714.419036118,241.0,0.0,Tanga,Tanzania,TZA,Africa,-5.0560326269058,39.1171123545215,115,1,15,37,0,62,7.46,6.0,0,2,1,0,0,0,0,4.7535901911063645,0.6931471805599453,4.143134726391533,2.772588722239781,6.73,5.25,2024,11,9503.819975839133
1001018,port2141,TC,KOINU-23,Tropical Cyclone KOINU-23,"Red Tropical Cyclone KOINU-23 in China, Japan, Philippines from: 29 Sep 2023  to: 10 Oct 2023 .",RED,Hong Kong Special Administrative Region; Taiwan Province of China; Macao Special Administrative Region,2023-09-29 12:00:00+00:00,2023,2023-10-10 00:00:00+00:00,Tropical Depression (maximum wind speed of 213 km/h),20.8,110.3,1698455547761,port482; port541; port681; port474; port674,5,0.0,06ae052bc2cc4c478d215983fb8fc680,759972452688.5215,4831098.315807256,213.0,0.0,Pachi,Greece,GRC,Europe,37.9696159587141,23.3816454307986,88,0,0,0,0,88,13.8,0.0,0,2,1,0,0,0,0,4.48863636973214,0.0,4.48863636973214,0.0,6.9,10.5,2023,9,7840.968430759667
1000227,port2412,FL,Flood in Mozambique,Flood in Mozambique,Red Flood in Mozambique from: 09 Mar 2019 00 to: 29 Mar 2019 00.,RED,Mozambique,2019-03-09 00:00:00+00:00,2019,2019-03-29 00:00:00+00:00,,-15.178,36.432,1694310567224,port137; port784; port896,3,0.0,c2ad419a75d24ec28ae55a0728a0eb79,642589988843.8467,5359810.993936229,0.0,0.0,Gonghyeonjin,Korea,KOR,Asia & Pacific,38.361864059547,128.51344783653732,0,0,0,0,0,0,0.0,0.0,0,2,0,1,0,0,0,0.0,0.0,0.0,0.0,0.0,20.0,2019,3,9977.412013108547
10000003,port2136,OT,US PORTS STRIKE,US Ports Strike,"Labor strike affecting many ports across the US East and Gulf Coasts, as well as the Port of Montreal in Canada",RED,,2024-10-01 00:00:00+00:00,2024,2024-10-02 22:00:00+00:00,,29.77081,-95.35517,1727962353164,port812; port815; port826; port103; port901; port159; port513; port736; port754; port1170; port1259; port1398; port231; port481; port766; port2066; port951,17,0.0,9e9f1ca4abad4948af5caed716c137f3,2173469.48828125,6906.2243711354695,0.0,0.0,Berre,France,FRA,Europe,43.4568801912925,5.14852279621845,47,0,0,0,0,47,0.03,0.08,0,2,0,0,0,0,1,3.871201010907891,0.0,3.871201010907891,0.0,0.055,1.9166666666666667,2024,10,8239.2499200782
1327560,port2277,EQ,Earthquake in Afghanistan,Earthquake in Afghanistan,Red M 5.9 Earthquake in Afghanistan at: 21 Jun 2022 20:54:36.,RED,Afghanistan,2022-06-21 20:54:36+00:00,2022,2022-06-21 20:54:36+00:00,"Magnitude 5.9M, Depth:10km",33.0924,69.5135,1694317525815,,0,0.0,,45009193544.7793,752151.8557061444,0.0,5.9,Chacabuco,Chile,CHL,South America,-45.46313257402253,-72.8226627271358,169,27,2,14,96,30,0.05,0.08,0,2,0,0,1,0,0,5.135798437050262,3.332204510175204,3.4339872044851463,1.0986122886681098,0.065,0.0,2022,6,14100.49930620277
1000866,port1249,TC,EMNATI-22,Tropical Cyclone EMNATI-22,Red Tropical Cyclone EMNATI-22 in Madagascar from: 16 Feb 2022  to: 24 Feb 2022 .,RED,Madagascar,2022-02-16 18:00:00+00:00,2022,2022-02-24 18:00:00+00:00,Tropical Storm (maximum wind speed of 204 km/h),-28.7,41.8,1694317200080,port340; port1301; port1307,3,0.0,4712455782b24b729ffa2d23c4fb9f61,915533029862.0216,6324014.687704501,204.0,0.0,Taganrog,Russian Federation,RUS,Europe,47.20266132,38.95006857,431,1,7,336,0,87,0.06,0.17,0,2,1,0,0,0,0,6.068425588244111,0.6931471805599453,4.477336814478207,2.0794415416798357,0.115,8.0,2022,2,8427.936314675848
1001219,port502,TC,MATMO-25,Tropical Cyclone MATMO-25,"Red Tropical Cyclone MATMO-25 in China, Viet Nam, Philippines from: 01 Oct 2025  to: 05 Oct 2025 .",RED,China,2025-10-01 06:00:00+00:00,2025,2025-10-05 18:00:00+00:00,Hurricane (maximum wind speed of 167 km/h),21.9,108.5,1761725190590,port437; port339; port136; port1071; port1196; port424; port242; port1426,8,0.0,d1c3e4dd8f4342fd98f587856420c073,543522271097.7871,4777478.110644072,167.0,0.0,Ishinomaki,Japan,JPN,Asia & Pacific,38.41415253,141.2776946,874,4,109,500,1,260,0.34,0.08,0,2,1,0,0,0,0,6.774223886357614,1.6094379124341003,5.564520407322694,4.700480365792417,0.21000000000000002,4.5,2025,10,3389.255491787802
1000593,port952,TC,LINGLING-19,Tropical Cyclone LINGLING-19,"Red Tropical Cyclone LINGLING-19 in Korea, Democratic People's Republic of, Republic of, China, Japan, Russian Federation from: 02 Sep 2019  to: 07 Sep 2019 .",RED,China; Korea,2019-09-02 00:00:00+00:00,2019,2019-09-07 06:00:00+00:00,Hurricane/Typhoon > 74 mph (maximum wind speed of 222 km/h),37.9,125.3,1694311847680,port277; port662; port270; port494; port608; port1067,6,0.0,6cf378ff79cf42cfa137c3d13bd2fe0a,1451761258421.6328,7352002.309485452,222.0,0.0,Port Gentil,Gabon,GAB,Africa,-0.686920225,8.771981264,224,16,5,81,1,121,17.1,5.37,0,2,1,0,0,0,0,5.41610040220442,2.833213344056216,4.804021044733257,1.791759469228055,11.235000000000001,5.25,2019,9,13624.443084808834
1000743,port2397,TC,IOTA-20,Tropical Cyclone IOTA-20,"Red Tropical Cyclone IOTA-20 in Honduras, Nicaragua from: 13 Nov 2020  to: 18 Nov 2020 .",RED,Nicaragua,2020-11-13 15:00:00+00:00,2020,2020-11-18 15:00:00+00:00,Tropical Depression (maximum wind speed of 259 km/h),13.8,-89.5,1694315019504,port1030,1,0.0,33119f1ca522447f8f206d2496ad2eed,226711652592.06543,2524213.9943061066,259.0,0.0,Egersund,Norway,NOR,Europe,58.43578130534888,5.98980590289863,303,63,0,188,13,39,0.32,0.17,0,2,1,0,0,0,0,5.717027701406222,4.1588830833596715,3.6888794541139363,0.0,0.245,5.0,2020,11,7438.494484830513
1000940,port1343,TC,ROSLYN-22,Tropical Cyclone ROSLYN-22,Red Tropical Cyclone ROSLYN-22 in Mexico from: 20 Oct 2022  to: 24 Oct 2022 .,RED,Mexico,2022-10-20 03:00:00+00:00,2022,2022-10-24 03:00:00+00:00,Tropical Depression (maximum wind speed of 213 km/h),26.0,-101.0,1694318280734,,0,0.0,,172355881838.91406,2914267.116267182,213.0,0.0,Uno,Japan,JPN,Asia & Pacific,34.56607811,133.9734693,270,0,15,106,0,149,0.02,0.06,0,2,1,0,0,0,0,5.602118820879701,0.0,5.0106352940962555,2.772588722239781,0.04,4.0,2022,10,21498.889552281245
1001256,port574,TC,GEZANI-26,Tropical Cyclone GEZANI-26,"Red Tropical Cyclone GEZANI-26 in Madagascar, Mozambique from: 06 Feb 2026  to: 18 Feb 2026 .",RED,"Madagascar, Mozambique",2026-02-06 00:00:00+00:00,2026,2026-02-18 12:00:00+00:00,Hurricane (maximum wind speed of 211 km/h),-35.63,41.6,1771623360667,,0,0.0,,115660665179.69922,1467389.249750107,211.0,0.0,Kingstown,St.  Vincent and the Grenadines,VCT,North America,13.1589419,-61.23551139,439,97,4,74,146,118,100.0,100.0,0,2,1,0,0,0,0,6.0867747269123065,4.584967478670572,4.77912349311153,1.6094379124341003,100.0,12.5,2026,2,12364.142667904322
1000782,port2022,TC,TAUKTAE-21,Tropical Cyclone TAUKTAE-21,"Red Tropical Cyclone TAUKTAE-21 in India, Pakistan from: 14 May 2021  to: 17 May 2021 .",RED,India,2021-05-14 06:00:00+00:00,2021,2021-05-17 18:00:00+00:00,Hurricane/Typhoon > 74 mph (maximum wind speed of 222 km/h),20.8,71.3,1694315560326,port271; port511; port679; port709; port776; port907,6,0.0,6af995e3acac4015bd1fbaa90a2a3d6a,392042114876.2236,3515692.1056812145,222.0,0.0,Rosslare,Ireland,IRL,Europe,52.2543483480501,-6.33909785766805,124,0,0,2,100,22,0.4,0.57,0,2,1,0,0,0,0,4.8283137373023015,0.0,3.1354942159291497,0.0,0.485,3.5,2021,5,6326.244287232974
1000972,port19,TC,MAWAR-23,Tropical Cyclone MAWAR-23,Red Tropical Cyclone MAWAR-23 in Guam from: 20 May 2023  to: 03 Jun 2023 .,RED,Guam; Northern Mariana Islands,2023-05-20 00:00:00+00:00,2023,2023-06-03 00:00:00+00:00,Tropical Storm (maximum wind speed of 296 km/h),30.7,138.1,1694319152977,port61; port1113,2,0.0,fe349de1f71843cca826c88a9a5396c0,1696969700479.611,9505783.434634589,296.0,0.0,Aqaba,Jordan,JOR,Asia & Pacific,29.45171189,34.95864074,952,279,299,163,96,115,100.0,100.0,0,2,1,0,0,0,0,6.859614903654202,5.634789603169249,4.7535901911063645,5.703782474656201,100.0,14.0,2023,5,9970.143939258536
1001126,port664,TC,USAGI-24,Tropical Cyclone USAGI-24,"Red Tropical Cyclone USAGI-24 in Philippines, Taiwan from: 11 Nov 2024  to: 16 Nov 2024 .",RED,"Philippines, Taiwan",2024-11-11 00:00:00+00:00,2024,2024-11-16 06:00:00+00:00,Hurricane (maximum wind speed of 241 km/h),22.2,120.6,1743233631549,,0,0.0,,267239678935.08984,3815714.419036118,241.0,0.0,Los Angeles-Long Beach,United States,USA,North America,33.75569193,-118.2437881,3793,1886,527,122,285,973,22.59,5.69,0,2,1,0,0,0,0,8.24117615049496,7.54274354536855,6.881411303642535,6.269096283706261,14.14,5.25,2024,11,22079.46618898576
1001072,fso47,TC,GAEMI-24,Tropical Cyclone GAEMI-24,"Red Tropical Cyclone GAEMI-24 in Japan, Taiwan, China, Philippines from: 19 Jul 2024  to: 25 Jul 2024 .",RED,China; Taiwan Province of China,2024-07-19 18:00:00+00:00,2024,2024-07-25 12:00:00+00:00,Hurricane (maximum wind speed of 231 km/h),25.6,119.4,1727766190151,port370; port1074; port1192; port1403; port1405; port238; port482; port541; port681; port1252; port1261,11,0.0,3093e1e250d5474291d7b7ef8a88fd0a,742777302162.9844,3740151.920270975,231.0,0.0,Equatorial Guinea - Offshore Oil Terminal 3,Equatorial Guinea,GNQ,Africa,1.409,9.228,0,0,0,0,0,0,0.0,1.06,0,2,1,0,0,0,0,0.0,0.0,0.0,0.0,0.53,5.75,2024,7,12516.811607934062
1394952,port2010,EQ,Earthquake in Afghanistan,Earthquake in Afghanistan,Red M 6.3 Earthquake in Afghanistan at: 07 Oct 2023 06:41:02.,RED,Afghanistan,2023-10-07 06:41:02+00:00,2023,2023-10-07 06:41:02+00:00,"Magnitude 6.3M, Depth:14km",34.6102,61.9242,1698455547761,,0,0.0,,46640460082.48633,765656.977635154,0.0,6.3,Azov,Russian Federation,RUS,Europe,47.1194455879615,39.3816632115377,1555,13,5,1419,1,117,0.32,0.38,0,2,0,0,1,0,0,7.349873704738337,2.6390573296152584,4.770684624465665,1.791759469228055,0.35,0.0,2023,10,2197.081267657814
1000772,port545,TC,NIRAN-21,Tropical Cyclone NIRAN-21,"Red Tropical Cyclone NIRAN-21 in New Caledonia, Australia, Norfolk Island, Vanuatu from: 01 Mar 2021  to: 07 Mar 2021 .",RED,New Caledonia,2021-03-01 00:00:00+00:00,2021,2021-03-07 00:00:00+00:00,Tropical Storm (maximum wind speed of 259 km/h),-27.3,175.7,1694315362678,port94; port97; port403; port806; port832; port870; port1372,7,0.0,916961bee1694b1cb56ee0bb197b6070,1589004873948.5508,7945752.333322555,259.0,0.0,Karatsu,Japan,JPN,Asia & Pacific,33.47638831,129.9549216,315,0,103,74,1,137,0.15,0.03,0,2,1,0,0,0,0,5.755742213586912,0.0,4.927253685157205,4.6443908991413725,0.09,6.0,2021,3,7965.511520438718
1101664,port2385,FL,"Flood in China, Taiwan","Flood in China, Taiwan","Red Flood in China, Taiwan from: 14 Sep 2022 01 to: 16 Sep 2022 01.",RED,China,2022-09-14 01:00:00+00:00,2022,2022-09-16 01:00:00+00:00,,31.23228,121.4692,1694317999111,port438; port824; port1188; port1390; port1427; port1429,6,0.0,e8ad23d722674521baae5de97cc97f61,217355300848.26956,3579326.493505684,0.0,0.0,Peru LNG Terminal,Peru,PER,South America,-13.26202704562233,-76.30734169561661,54,0,0,0,0,54,0.0,3.1,0,2,0,1,0,0,0,4.007333185232471,0.0,4.007333185232471,0.0,1.55,2.0,2022,9,21931.07987238765
1102000,port845,FL,"Flood in Bangladesh, India, Myanmar","Flood in Bangladesh, India, Myanmar","Red Flood in Bangladesh, India, Myanmar from: 13 May 2023 01 to: 15 May 2023 01.",RED,"Bangladesh, India, Myanmar",2023-05-13 01:00:00+00:00,2023,2023-05-15 01:00:00+00:00,,20.15,92.9,1694319048832,,0,0.0,,15587277903.34961,1939484.122259192,0.0,0.0,Agioi Oil Terminal,Greece,GRC,Europe,37.9212018,23.07403802,1379,0,0,0,0,1379,15.56,18.62,0,2,0,1,0,0,0,7.22983877815125,0.0,7.22983877815125,0.0,17.09,2.0,2023,5,6424.510061407828
1001118,port2387,TC,KONG-REY-24,Tropical Cyclone KONG-REY-24,"Red Tropical Cyclone KONG-REY-24 in Philippines, Taiwan, China, Japan from: 25 Oct 2024  to: 01 Nov 2024 .",RED,Taiwan Province of China; China,2024-10-25 00:00:00+00:00,2024,2024-11-01 18:00:00+00:00,Hurricane (maximum wind speed of 241 km/h),32.2,126.1,1743233631549,port238; port824; port681; port2230; port1390; port2229; port541; port1074; port438; port482; port1405; port1261; port1192; port370; port1252; port1404; port1403,17,0.0,8a0fa020db1c41418971e9ad621376c5,1161912189137.1094,5519864.053116027,241.0,0.0,Rudong Jiangsu LNG Terminal,China,CHN,Asia & Pacific,32.52938810707759,121.41493623806116,229,0,5,5,0,219,0.03,0.0,0,2,1,0,0,0,0,5.438079308923196,0.0,5.393627546352362,1.791759469228055,0.015,7.75,2024,10,439.97744719435843
1001219,port318,TC,MATMO-25,Tropical Cyclone MATMO-25,"Red Tropical Cyclone MATMO-25 in China, Viet Nam, Philippines from: 01 Oct 2025  to: 05 Oct 2025 .",RED,China,2025-10-01 06:00:00+00:00,2025,2025-10-05 18:00:00+00:00,Hurricane (maximum wind speed of 167 km/h),21.9,108.5,1761725190590,port437; port339; port136; port1071; port1196; port424; port242; port1426,8,0.0,d1c3e4dd8f4342fd98f587856420c073,543522271097.7871,4777478.110644072,167.0,0.0,El Guamache,Venezuela,VEN,South America,10.87732409,-64.02942039,66,0,10,0,0,56,6.13,0.56,0,2,1,0,0,0,0,4.204692619390966,0.0,4.04305126783455,2.3978952727983707,3.3449999999999998,4.5,2025,10,18846.450408523975
1001082,port557,TC,AMPIL-24,Tropical Cyclone AMPIL-24,Red Tropical Cyclone AMPIL-24 in Japan from: 12 Aug 2024  to: 18 Aug 2024 .,RED,Japan,2024-08-12 12:00:00+00:00,2024,2024-08-18 06:00:00+00:00,Hurricane (maximum wind speed of 213 km/h),40.5,155.3,1728469086877,,0,0.0,,1994170744804.414,10181379.277182342,213.0,0.0,Kemi,Finland,FIN,Europe,65.66568485,24.52414249,337,51,0,134,101,51,2.2,2.07,0,2,1,0,0,0,0,5.823045895483019,3.9512437185814275,3.9512437185814275,0.0,2.135,5.75,2024,8,6601.632259168855
1101659,port526,FL,Flood in Nigeria,Flood in Nigeria,Red Flood in Nigeria from: 10 Sep 2022 01 to: 26 Oct 2022 01.,RED,Nigeria,2022-09-10 01:00:00+00:00,2022,2022-10-26 01:00:00+00:00,,4.762979,6.028898,1694318293002,port205; port587; port1165; port1383,4,0.0,9a4da61ebdd844f7a73d21254b8224ff,48581411140.71811,1903249.6982656445,0.0,0.0,Juaymah,Saudi Arabia,SAU,Asia & Pacific,26.80319051,49.97698013,921,0,0,1,0,920,0.0,41.4,0,2,0,1,0,0,0,6.826545223556594,0.0,6.825460036255307,0.0,20.7,46.0,2022,9,4994.353688605327
1100273,port1184,FL,Flood in Bangladesh,"Flood in Bangladesh, India","Red Flood in Bangladesh, India from: 09 Nov 2019 00 to: 12 Nov 2019 00.",RED,Bangladesh; India,2019-11-09 00:00:00+00:00,2019,2019-11-12 00:00:00+00:00,,22.70099,90.35384,1694312166030,port207; port290; port442; port883; port241; port289; port759; port890,8,0.0,a57b043b47634cbd91006db4600147e7,463957499990.5293,12534138.639033608,0.0,0.0,Setubal,Portugal,PRT,Europe,38.49997283,-8.842115098,1368,456,89,449,191,183,5.18,6.65,0,2,0,1,0,0,0,7.221835825288449,6.124683390894205,5.214935757608986,4.499809670330265,5.915,3.0,2019,11,8793.74483213631
1000999,fso28,TC,SAOLA-23,Tropical Cyclone SAOLA-23,"Red Tropical Cyclone SAOLA-23 in China, Philippines from: 23 Aug 2023  to: 03 Sep 2023 .",RED,Hong Kong Special Administrative Region; China; Macao Special Administrative Region,2023-08-23 18:00:00+00:00,2023,2023-09-03 12:00:00+00:00,Tropical Depression (maximum wind speed of 250 km/h),20.7,109.0,1698455547761,port423; port425; port436; port484; port1189; port1196; port1414; port474; port674,9,0.0,1da448d78c3c4c11bc85b5c96692e090,453017205092.41016,4360517.904701316,250.0,0.0,Brazil - Offshore Oil Terminal 35,Brazil,BRA,South America,-21.939,-39.785,17,0,0,0,0,17,0.0,0.17,0,2,1,0,0,0,0,2.8903717578961645,0.0,2.8903717578961645,0.0,0.085,10.75,2023,8,16033.614850046511
1498339,port343,EQ,Earthquake in Afghanistan,Earthquake in Afghanistan,Red M 6 Earthquake in Afghanistan at: 31 Aug 2025 19:17:34.,RED,Afghanistan,2025-08-31 19:17:34+00:00,2025,2025-08-31 19:17:34+00:00,"Magnitude 6M, Depth:8km",34.7061,70.7934,1759773980096,,0,0.0,,46748743487.2832,766552.3883370857,0.0,6.0,Felixstowe,United Kingdom,GBR,Europe,51.95411087,1.29314837,1449,899,6,150,266,128,8.64,13.52,0,2,0,0,1,0,0,7.27931883541462,6.802394763324311,4.859812404361672,1.9459101490553132,11.08,0.0,2025,8,5125.406225858332
1000001,port1370,OT,RESTRICTIONS PANAMA CANAL,Shipping restrictions to Panama Canal,Drought restrictions imposed amid insufficient rainfall at the Gatún Lake,RED,,2023-11-03 00:00:00+00:00,2023,2024-08-05 04:00:00+00:00,,9.120512,-79.76723,1708810459951,chokepoint2,1,0.0,76f7d4b0062e46c5bbc862d4c3ce1d4b,30909854.189941406,168533.80110847912,0.0,0.0,Vlissingen,The Netherlands,NLD,Europe,51.4561153,3.695779737,4257,329,177,1163,193,2395,2.81,4.11,0,2,0,0,0,0,1,8.356554845453426,5.799092654460526,7.78155595923534,5.181783550292085,3.46,276.1666666666667,2023,11,7443.646401652198
1000001,port166,OT,RESTRICTIONS PANAMA CANAL,Shipping restrictions to Panama Canal,Drought restrictions imposed amid insufficient rainfall at the Gatún Lake,RED,,2023-11-03 00:00:00+00:00,2023,2024-08-05 04:00:00+00:00,,9.120512,-79.76723,1708810459951,chokepoint2,1,0.0,76f7d4b0062e46c5bbc862d4c3ce1d4b,30909854.189941406,168533.80110847912,0.0,0.0,Porto do Acu,Brazil,BRA,South America,-21.85065621,-41.01992427,527,0,183,17,0,327,7.54,4.92,0,2,0,0,0,0,1,6.269096283706261,0.0,5.793013608384144,5.214935757608986,6.23,276.1666666666667,2023,11,5268.225271042442
1101659,port2175,FL,Flood in Nigeria,Flood in Nigeria,Red Flood in Nigeria from: 10 Sep 2022 01 to: 26 Oct 2022 01.,RED,Nigeria,2022-09-10 01:00:00+00:00,2022,2022-10-26 01:00:00+00:00,,4.762979,6.028898,1694318293002,port205; port587; port1165; port1383,4,0.0,9a4da61ebdd844f7a73d21254b8224ff,48581411140.71811,1903249.6982656445,0.0,0.0,Sasebo,Japan,JPN,Asia & Pacific,33.1557424704352,129.713785297223,391,0,32,261,1,97,0.1,0.09,0,2,0,1,0,0,0,5.971261839790462,0.0,4.584967478670572,3.4965075614664802,0.095,46.0,2022,9,11918.014466707175
1000922,port2291,TC,NORU-22,Tropical Cyclone NORU-22,"Red Tropical Cyclone NORU-22 in Viet Nam, Laos, Philippines from: 22 Sep 2022  to: 28 Sep 2022 .",RED,Philippines; Vietnam,2022-09-22 00:00:00+00:00,2022,2022-09-28 00:00:00+00:00,Hurricane/Typhoon > 74 mph (maximum wind speed of 259 km/h),16.0,107.8,1694318122116,port694; port1232; port213; port269,4,0.0,fcb67d56baae4103ade370dd3995d8c8,543451018476.1074,5830422.225303048,259.0,0.0,Al Hoceima,Morocco,MAR,Africa,35.24538342228755,-3.9197106199827054,0,0,0,0,0,0,0.0,0.0,0,2,1,0,0,0,0,0.0,0.0,0.0,0.0,0.0,6.0,2022,9,10350.50469469701
1000972,port2506,TC,MAWAR-23,Tropical Cyclone MAWAR-23,Red Tropical Cyclone MAWAR-23 in Guam from: 20 May 2023  to: 03 Jun 2023 .,RED,Guam; Northern Mariana Islands,2023-05-20 00:00:00+00:00,2023,2023-06-03 00:00:00+00:00,Tropical Storm (maximum wind speed of 296 km/h),30.7,138.1,1694319152977,port61; port1113,2,0.0,fe349de1f71843cca826c88a9a5396c0,1696969700479.611,9505783.434634589,296.0,0.0,Woodfibre LNG Terminal,Canada,CAN,North America,49.66464480869747,-123.2516293518452,0,0,0,0,0,0,0.0,0.0,0,2,1,0,0,0,0,0.0,0.0,0.0,0.0,0.0,14.0,2023,5,18894.670985102333
1001029,port1020,TC,HAMOON-23,Tropical Cyclone HAMOON-23,"Red Tropical Cyclone HAMOON-23 in Bangladesh, India, Myanmar from: 23 Oct 2023  to: 24 Oct 2023 .",RED,Bangladesh,2023-10-23 06:00:00+00:00,2023,2023-10-24 18:00:00+00:00,Hurricane/Typhoon > 74 mph (maximum wind speed of 148 km/h),21.6,92.1,1698455547761,port241,1,0.0,143c6b04e7914c1dad1d2532a0d69438,120544698041.00977,1815860.986469032,148.0,0.0,Primorsk,Russian Federation,RUS,Europe,60.33694122,28.73119074,965,0,1,3,0,961,0.07,11.9,0,2,1,0,0,0,0,6.873163834212518,0.0,6.8690144506657065,0.6931471805599453,5.985,1.5,2023,10,5532.290644905078
1001118,port242,TC,KONG-REY-24,Tropical Cyclone KONG-REY-24,"Red Tropical Cyclone KONG-REY-24 in Philippines, Taiwan, China, Japan from: 25 Oct 2024  to: 01 Nov 2024 .",RED,Taiwan Province of China; China,2024-10-25 00:00:00+00:00,2024,2024-11-01 18:00:00+00:00,Hurricane (maximum wind speed of 241 km/h),32.2,126.1,1743233631549,port238; port824; port681; port2230; port1390; port2229; port541; port1074; port438; port482; port1405; port1261; port1192; port370; port1252; port1404; port1403,17,0.0,8a0fa020db1c41418971e9ad621376c5,1161912189137.1094,5519864.053116027,241.0,0.0,Chiwan,China,CHN,Asia & Pacific,19.96273734,110.0339897,267,0,81,35,0,151,0.07,0.01,0,2,1,0,0,0,0,5.5909869805108565,0.0,5.0238805208462765,4.406719247264253,0.04,7.75,2024,10,2157.4619370997234
1000972,port3,TC,MAWAR-23,Tropical Cyclone MAWAR-23,Red Tropical Cyclone MAWAR-23 in Guam from: 20 May 2023  to: 03 Jun 2023 .,RED,Guam; Northern Mariana Islands,2023-05-20 00:00:00+00:00,2023,2023-06-03 00:00:00+00:00,Tropical Storm (maximum wind speed of 296 km/h),30.7,138.1,1694319152977,port61; port1113,2,0.0,fe349de1f71843cca826c88a9a5396c0,1696969700479.611,9505783.434634589,296.0,0.0,Aberdeen,United Kingdom,GBR,Europe,57.13992912,-2.076616768,766,13,11,171,336,235,0.49,0.16,0,2,1,0,0,0,0,6.642486801367256,2.6390573296152584,5.4638318050256105,2.4849066497880004,0.325,14.0,2023,5,8938.041925783946
1100273,port949,FL,Flood in Bangladesh,"Flood in Bangladesh, India","Red Flood in Bangladesh, India from: 09 Nov 2019 00 to: 12 Nov 2019 00.",RED,Bangladesh; India,2019-11-09 00:00:00+00:00,2019,2019-11-12 00:00:00+00:00,,22.70099,90.35384,1694312166030,port207; port290; port442; port883; port241; port289; port759; port890,8,0.0,a57b043b47634cbd91006db4600147e7,463957499990.5293,12534138.639033608,0.0,0.0,Port Esquivel,Jamaica,JAM,North America,17.89281983,-77.13154378,116,0,14,22,0,80,8.29,8.43,0,2,0,1,0,0,0,4.762173934797756,0.0,4.394449154672439,2.70805020110221,8.36,3.0,2019,11,17699.739378519214
1000706,port2504,TC,HAISHEN-20,Tropical Cyclone HAISHEN-20,"Red Tropical Cyclone HAISHEN-20 in Democratic Republic of Korea, Republic of Korea, Japan, China, from: 31 Aug 2020  to: 07 Sep 2020 .",RED,Japan; Korea,2020-08-31 12:00:00+00:00,2020,2020-09-07 12:00:00+00:00,Tropical Storm (maximum wind speed of 250 km/h),40.7,128.9,1694314690167,port439; port445; port471; port480; port528; port538; port545; port566; port605; port785; port846; port852; port1119; port1190; port1304; port1324; port1335; port1378; port1411; port270; port432; port494; port608; port715; port915; port1065; port1067; port1309; port1338,29,0.0,0ef4c5564b2a41169f223c0b1d019825,2187718787554.5327,8378337.002268916,250.0,0.0,Wenzhou Huagang,China,CHN,Asia & Pacific,27.899172214451013,121.12178483241269,0,0,0,0,0,0,0.0,0.0,0,2,1,0,0,0,0,0.0,0.0,0.0,0.0,0.0,7.0,2020,8,1612.809106569244
1496100,port2071,EQ,Earthquake in Indonesia,Earthquake in Indonesia,Red M 5.8 Earthquake in Indonesia at: 16 Aug 2025 22:38:52.,RED,Indonesia,2025-08-16 22:38:52+00:00,2025,2025-08-16 22:38:52+00:00,"Magnitude 5.8M, Depth:10km",-1.2569,120.7409,1759773822647,,0,0.0,,31604247090.93567,630279.7898142078,0.0,5.8,Ust-Danube,Ukraine,UKR,Europe,45.4662009182142,29.7064870208289,0,0,0,0,0,0,0.0,0.0,0,2,0,0,1,0,0,0.0,0.0,0.0,0.0,0.0,0.0,2025,8,8781.813235933307
1001090,port867,TC,YAGI-24,Tropical Cyclone YAGI-24,"Red Tropical Cyclone YAGI-24 in China, Viet Nam, Philippines from: 01 Sep 2024  to: 07 Sep 2024 .",RED,Vietnam; China,2024-09-01 12:00:00+00:00,2024,2024-09-07 06:00:00+00:00,Hurricane (maximum wind speed of 241 km/h),21.0,106.9,1728469086877,port123; port136; port242; port339; port424; port437; port1071; port1196; port1409; port1426; port434; port473,12,0.0,0387d1f7d4ae4eb2a872db5de07e9c78,638269632730.5098,4139701.742897033,241.0,0.0,Oulu,Finland,FIN,Europe,64.99817095,25.42524624,378,62,45,80,96,95,3.21,1.67,0,2,1,0,0,0,0,5.937536205082426,4.143134726391533,4.564348191467836,3.828641396489095,2.44,5.75,2024,9,6201.725568424962
1013088,port1413,DR,Central India-2019,Drought in India,Red Drought in India from: 21 Feb 2019  to: 02 Jul 2019 .,RED,India,2019-02-21 00:00:00+00:00,2019,2019-07-02 09:17:00+00:00,Severe impact for agricultural drought in 139078 km2,19.833,76.244,1694311389075,port776,1,0.0,,158054648311.6328,2820951.373598021,0.0,0.0,Yeysk,Russian Federation,RUS,Europe,46.72761087,38.27383154,834,2,13,668,0,151,0.16,0.37,0,2,0,0,0,1,0,6.727431724850855,1.0986122886681098,5.0238805208462765,2.6390573296152584,0.265,131.38680555555555,2019,2,4154.339290631562
1000966,fso88,TC,KEVIN-23,Tropical Cyclone KEVIN-23,Red Tropical Cyclone KEVIN-23 in Vanuatu from: 01 Mar 2023  to: 05 Mar 2023 .,RED,Vanuatu,2023-03-01 18:00:00+00:00,2023,2023-03-05 12:00:00+00:00,Tropical Storm (maximum wind speed of 250 km/h),-27.2,-174.5,1694318806140,port669; port980,2,0.0,7f9e5a20e835400cb291e476b12c6daa,1545193755526.627,9525874.305372307,250.0,0.0,Indonesia - Offshore Oil Terminal 11,Indonesia,IDN,Asia & Pacific,-7.371000000000005,113.27800000000003,10,0,0,0,0,10,0.0,0.03,0,2,1,0,0,0,0,2.3978952727983707,0.0,2.3978952727983707,0.0,0.015,3.75,2023,3,31755.754367873036
1000738,port1246,TC,ETA-20,Tropical Cyclone ETA-20,"Red Tropical Cyclone ETA-20 in Nicaragua, United States, Honduras from: 31 Oct 2020  to: 13 Nov 2020 .",RED,Nicaragua,2020-10-31 21:00:00+00:00,2020,2020-11-13 09:00:00+00:00,Tropical Storm (maximum wind speed of 241 km/h),33.3,-76.8,1694314982932,port1030,1,0.0,fd3925b9021c4a94b60b64845b220025,465290969820.4326,6020829.873127501,241.0,0.0,Szczecin,Poland,POL,Europe,53.43782148,14.5872664,2066,350,127,1248,8,333,5.1,6.99,0,2,1,0,0,0,0,7.633853559681768,5.860786223465865,5.811140992976701,4.852030263919617,6.045,12.5,2020,10,6442.904881973061
1298872,port419,EQ,Earthquake in Peru,Earthquake in Peru,Red M 7.5 Earthquake in Peru at: 28 Nov 2021 10:52:13.,RED,Peru,2021-11-28 10:52:13+00:00,2021,2021-11-28 10:52:13+00:00,"Magnitude 7.5M, Depth:112.48km",-4.4898,-76.8461,1694316841829,,0,0.0,,31788276666.928223,632103.6906136237,0.0,7.5,Grenaa,Denmark,DNK,Europe,56.41625529,10.92704029,244,20,15,155,0,54,1.63,2.24,0,2,0,0,1,0,0,5.501258210544727,3.044522437723423,4.007333185232471,2.772588722239781,1.935,0.0,2021,11,8645.796238811256
1000593,port507,TC,LINGLING-19,Tropical Cyclone LINGLING-19,"Red Tropical Cyclone LINGLING-19 in Korea, Democratic People's Republic of, Republic of, China, Japan, Russian Federation from: 02 Sep 2019  to: 07 Sep 2019 .",RED,China; Korea,2019-09-02 00:00:00+00:00,2019,2019-09-07 06:00:00+00:00,Hurricane/Typhoon > 74 mph (maximum wind speed of 222 km/h),37.9,125.3,1694311847680,port277; port662; port270; port494; port608; port1067,6,0.0,6cf378ff79cf42cfa137c3d13bd2fe0a,1451761258421.6328,7352002.309485452,222.0,0.0,Inverness,United Kingdom,GBR,Europe,57.49032353,-4.232214132,107,3,0,78,0,26,0.06,0.03,0,2,1,0,0,0,0,4.68213122712422,1.3862943611198906,3.295836866004329,0.0,0.045,5.25,2019,9,8027.51523238384
1100113,port424,FL,Flood in China,Flood in China,Red Flood in China from: 31 Jul 2019 00 to: 20 Aug 2019 00.,RED,China,2019-07-31 00:00:00+00:00,2019,2019-08-20 00:00:00+00:00,,30.6692,104.1219,1694311749132,,0,0.0,,5605930223.777344,475239.8567653723,0.0,0.0,Guangxi Beibu Gulf Port,China,CHN,Asia & Pacific,21.51087873,109.5385338,603,7,294,103,0,199,0.32,0.04,0,2,0,1,0,0,0,6.403574197934815,2.0794415416798357,5.298317366548036,5.68697535633982,0.18,20.0,2019,7,1160.3081162348863
1000853,port134,TC,RAI-21,Tropical Cyclone RAI-21,Red Tropical Cyclone RAI-21 in Philippines from: 13 Dec 2021  to: 20 Dec 2021 .,RED,Philippines,2021-12-13 00:00:00+00:00,2021,2021-12-20 18:00:00+00:00,Tropical Storm (maximum wind speed of 259 km/h),19.8,113.0,1694316920132,port182; port198; port224; port716; port797; port858; port1056; port1238; port1366,9,0.0,6cd0c7fb2cff4780a9caf78ad874998f,977345155238.7296,7848305.075547383,259.0,0.0,Beaumont,United States,USA,North America,30.02582322,-94.03028275,1204,8,53,47,23,1073,0.12,4.19,0,2,1,0,0,0,0,7.094234845924755,2.1972245773362196,6.97914527506881,3.9889840465642745,2.1550000000000002,7.75,2021,12,19928.746910923724
1001002,port1416,TC,HAIKUI-23,Tropical Cyclone HAIKUI-23,Red Tropical Cyclone HAIKUI-23 in China from: 28 Aug 2023  to: 04 Sep 2023 .,RED,China; Taiwan Province of China,2023-08-28 12:00:00+00:00,2023,2023-09-04 18:00:00+00:00,Tropical Depression (maximum wind speed of 194 km/h),23.7,117.3,1698455547761,port1192; port1404; port541; port681,4,0.0,83cbe0ec2d85422ab03cbb25f151b70d,485380883238.77344,5280102.282037299,194.0,0.0,Yokkaichi,Japan,JPN,Asia & Pacific,34.97134904,136.6563083,7678,666,365,479,273,5895,1.52,2.18,0,2,1,0,0,0,0,8.946244609330543,6.502790045915623,8.682029433869172,5.902633333401366,1.85,7.25,2023,8,2159.868455157756
1100932,port1350,FL,Flood in China,Flood in China,Red Flood in China from: 20 Jun 2021 01 to: 30 Jul 2021 01.,RED,China,2021-06-20 01:00:00+00:00,2021,2021-07-30 01:00:00+00:00,,37.87001,112.5453,1694316074584,,0,0.0,,11130690490.484377,762082.4459309455,0.0,0.0,Vancouver,Canada,CAN,North America,49.28996399,-123.0289044,2054,296,1369,102,19,268,26.38,36.22,0,2,0,1,0,0,0,7.628031126930335,5.6937321388027,5.594711379601839,7.222566018822171,31.299999999999997,40.0,2021,6,17102.064514214144
1548377,port272,EQ,Earthquake in Venezuela,Earthquake in Venezuela,Red M 7.5 Earthquake in Venezuela at: 24 Jun 2026 22:05:12.,RED,Venezuela,2026-06-24 22:05:12+00:00,2026,2026-06-24 22:05:12+00:00,"Magnitude 7.5M, Depth:10km",10.453,-68.5139,1784045057281,port1029; port320; port2260; port618,4,0.0,076f32f7c4174f1da910d78fedce6623,32663314903.23291,640747.6201487333,0.0,7.5,Dakar,Senegal,SEN,Africa,14.6834604,-17.42610193,1505,596,309,262,84,254,98.07,67.38,0,2,0,0,1,0,0,7.317212408359839,6.391917113392602,5.541263545158426,5.736572297479192,82.725,0.0,2026,6,5505.606683006438
1001214,port552,TC,BUALOI-25,Tropical Cyclone BUALOI-25,"Red Tropical Cyclone BUALOI-25 in Viet Nam, Philippines, Laos from: 23 Sep 2025  to: 28 Sep 2025 .",RED,Vietnam,2025-09-23 12:00:00+00:00,2025,2025-09-28 18:00:00+00:00,Hurricane (maximum wind speed of 148 km/h),18.2,106.2,1759774040248,port269; port819; port2405,3,0.0,4877524fdb7c445db72a442c5f4c6f97,690605174070.6943,7071118.486989791,148.0,0.0,Kavála,Greece,GRC,Europe,40.95415861,24.49991079,331,8,30,222,6,65,0.71,0.69,0,2,1,0,0,0,0,5.805134968916488,2.1972245773362196,4.189654742026425,3.4339872044851463,0.7,5.25,2025,9,7299.864610273079
1101659,port789,FL,Flood in Nigeria,Flood in Nigeria,Red Flood in Nigeria from: 10 Sep 2022 01 to: 26 Oct 2022 01.,RED,Nigeria,2022-09-10 01:00:00+00:00,2022,2022-10-26 01:00:00+00:00,,4.762979,6.028898,1694318293002,port205; port587; port1165; port1383,4,0.0,9a4da61ebdd844f7a73d21254b8224ff,48581411140.71811,1903249.6982656445,0.0,0.0,Namsos,Norway,NOR,Europe,64.4610397,11.5068927,123,34,0,88,1,0,0.3,0.03,0,2,0,1,0,0,0,4.820281565605037,3.5553480614894135,0.0,0.0,0.16499999999999998,46.0,2022,9,6631.668105744033
1103514,fso178,FL,Flood in China,Flood in China,Red Flood in China from: 23 Sep 2025 01 to: 25 Sep 2025 01.,RED,Hong Kong SAR,2025-09-23 01:00:00+00:00,2025,2025-09-25 01:00:00+00:00,,22.35063,114.1849,1759774040248,port474,1,0.0,ba4836d421a64310984bb04854a15168,3236111844.294922,241815.27399635635,0.0,0.0,Vietnam - Offshore Oil Terminal 2,Vietnam,VNM,Asia & Pacific,8.477000000000006,108.692,2,0,0,0,0,2,0.03,0.03,0,2,0,1,0,0,0,1.0986122886681098,0.0,1.0986122886681098,0.0,0.03,2.0,2025,9,1653.840069774472
1548377,port2186,EQ,Earthquake in Venezuela,Earthquake in Venezuela,Red M 7.5 Earthquake in Venezuela at: 24 Jun 2026 22:05:12.,RED,Venezuela,2026-06-24 22:05:12+00:00,2026,2026-06-24 22:05:12+00:00,"Magnitude 7.5M, Depth:10km",10.453,-68.5139,1784045057281,port1029; port320; port2260; port618,4,0.0,076f32f7c4174f1da910d78fedce6623,32663314903.23291,640747.6201487333,0.0,7.5,Chekka,Lebanon,LBN,Asia & Pacific,34.3255970067883,35.7193112068275,64,1,21,30,0,12,3.73,1.18,0,2,0,0,1,0,0,4.174387269895637,0.6931471805599453,2.5649493574615367,3.091042453358316,2.455,0.0,2026,6,9915.584341734842
1000961,port142,TC,FREDDY-23,Tropical Cyclone FREDDY-23,"Red Tropical Cyclone FREDDY-23 in Mozambique, Madagascar from: 06 Feb 2023  to: 12 Mar 2023 .",RED,"Mozambique, Madagascar",2023-02-06 06:00:00+00:00,2023,2023-03-12 00:00:00+00:00,Hurricane/Typhoon > 74 mph (maximum wind speed of 250 km/h),-17.5,36.9,1694318856223,,0,0.0,,2022693609096.5583,21856185.735939536,250.0,0.0,Belize City,Belize,BLZ,North America,17.48149658,-88.20242778,185,122,0,37,0,26,76.89,12.58,0,2,1,0,0,0,0,5.225746673713202,4.812184355372417,3.295836866004329,0.0,44.735,33.75,2023,2,13802.451270783251
1557236,port421,EQ,Earthquake in Colombia,Earthquake in Colombia,Red M 7.4 Earthquake in Colombia at: 10 Aug 2026 12:34:28.,RED,Colombia,2026-08-10 12:34:28+00:00,2026,2026-08-10 12:34:28+00:00,"Magnitude 7.4M, Depth:110.285km",4.8436,-76.2422,1786788245013,,0,0.0,,31818321053.560303,632417.6853181977,0.0,7.4,Grimsby,United Kingdom,GBR,Europe,53.57779578,-0.076657928,531,9,0,100,335,87,0.18,0.13,0,2,0,0,1,0,0,6.2766434893416445,2.302585092994046,4.477336814478207,0.0,0.155,0.0,2026,8,7379.651464787409
1298872,fso50,EQ,Earthquake in Peru,Earthquake in Peru,Red M 7.5 Earthquake in Peru at: 28 Nov 2021 10:52:13.,RED,Peru,2021-11-28 10:52:13+00:00,2021,2021-11-28 10:52:13+00:00,"Magnitude 7.5M, Depth:112.48km",-4.4898,-76.8461,1694316841829,,0,0.0,,31788276666.928223,632103.6906136237,0.0,7.5,Guyana - Offshore Oil Terminal 3,Guyana,GUY,South America,8.01,-56.992,39,0,0,0,0,39,0.0,32.07,0,2,0,0,1,0,0,3.6888794541139363,0.0,3.6888794541139363,0.0,16.035,0.0,2021,11,2586.029100971466
1000866,port508,TC,EMNATI-22,Tropical Cyclone EMNATI-22,Red Tropical Cyclone EMNATI-22 in Madagascar from: 16 Feb 2022  to: 24 Feb 2022 .,RED,Madagascar,2022-02-16 18:00:00+00:00,2022,2022-02-24 18:00:00+00:00,Tropical Storm (maximum wind speed of 204 km/h),-28.7,41.8,1694317200080,port340; port1301; port1307,3,0.0,4712455782b24b729ffa2d23c4fb9f61,915533029862.0216,6324014.687704501,204.0,0.0,Iwakuni,Japan,JPN,Asia & Pacific,34.20374226,132.2369598,3840,228,137,370,28,3077,1.14,1.16,0,2,1,0,0,0,0,8.253488028345904,5.43372200355424,8.032035314398824,4.927253685157205,1.15,8.0,2022,2,10848.069541860725
1001002,port728,TC,HAIKUI-23,Tropical Cyclone HAIKUI-23,Red Tropical Cyclone HAIKUI-23 in China from: 28 Aug 2023  to: 04 Sep 2023 .,RED,China; Taiwan Province of China,2023-08-28 12:00:00+00:00,2023,2023-09-04 18:00:00+00:00,Tropical Depression (maximum wind speed of 194 km/h),23.7,117.3,1698455547761,port1192; port1404; port541; port681,4,0.0,83cbe0ec2d85422ab03cbb25f151b70d,485380883238.77344,5280102.282037299,194.0,0.0,Mejillones,Chile,CHL,South America,-23.08182757,-70.39596391,903,131,240,125,5,402,21.47,6.93,0,2,1,0,0,0,0,6.806829360392176,4.882801922586371,5.998936561946683,5.484796933490655,14.2,7.25,2023,8,19857.373614654996
1103514,fso75,FL,Flood in China,Flood in China,Red Flood in China from: 23 Sep 2025 01 to: 25 Sep 2025 01.,RED,Hong Kong SAR,2025-09-23 01:00:00+00:00,2025,2025-09-25 01:00:00+00:00,,22.35063,114.1849,1759774040248,port474,1,0.0,ba4836d421a64310984bb04854a15168,3236111844.294922,241815.27399635635,0.0,0.0,Democratic Republic of the Congo - Offshore Oil Terminal 4,Democratic Republic of the Congo,COD,Africa,-6.068999999999999,11.358,21,0,0,0,0,21,0.0,22.75,0,2,0,1,0,0,0,3.091042453358316,0.0,3.091042453358316,0.0,11.375,2.0,2025,9,11780.053827217524
1281677,port678,EQ,Earthquake in Haiti,Earthquake in Haiti,Red M 7.2 Earthquake in Haiti at: 14 Aug 2021 12:29:09.,RED,Haiti,2021-08-14 12:29:09+00:00,2021,2021-08-14 12:29:09+00:00,"Magnitude 7.2M, Depth:10km",18.4079,-73.4753,1694316210700,,0,0.0,,35092185098.765625,664149.074051304,0.0,7.2,Hambantota,Sri Lanka,LKA,Asia & Pacific,6.128669137,81.09465896,320,32,27,12,160,89,6.23,3.69,0,2,0,0,1,0,0,5.771441123130016,3.4965075614664802,4.499809670330265,3.332204510175204,4.96,0.0,2021,8,17113.5692160389
1557236,port2149,EQ,Earthquake in Colombia,Earthquake in Colombia,Red M 7.4 Earthquake in Colombia at: 10 Aug 2026 12:34:28.,RED,Colombia,2026-08-10 12:34:28+00:00,2026,2026-08-10 12:34:28+00:00,"Magnitude 7.4M, Depth:110.285km",4.8436,-76.2422,1786788245013,,0,0.0,,31818321053.560303,632417.6853181977,0.0,7.4,Helguvik,Iceland,ISL,Europe,64.0047518023801,-22.5478138352957,32,2,12,11,0,7,12.49,0.55,0,2,0,0,1,0,0,3.4965075614664802,1.0986122886681098,2.0794415416798357,2.5649493574615367,6.5200000000000005,0.0,2026,8,7067.392051534509
1000738,port557,TC,ETA-20,Tropical Cyclone ETA-20,"Red Tropical Cyclone ETA-20 in Nicaragua, United States, Honduras from: 31 Oct 2020  to: 13 Nov 2020 .",RED,Nicaragua,2020-10-31 21:00:00+00:00,2020,2020-11-13 09:00:00+00:00,Tropical Storm (maximum wind speed of 241 km/h),33.3,-76.8,1694314982932,port1030,1,0.0,fd3925b9021c4a94b60b64845b220025,465290969820.4326,6020829.873127501,241.0,0.0,Kemi,Finland,FIN,Europe,65.66568485,24.52414249,337,51,0,134,101,51,2.2,2.07,0,2,1,0,0,0,0,5.823045895483019,3.9512437185814275,3.9512437185814275,0.0,2.135,12.5,2020,10,5863.844339125901
1102204,port168,FL,Flood in Libya,Flood in Libya,Red Flood in Libya from: 08 Sep 2023 01 to: 14 Sep 2023 00.,RED,Libya,2023-09-08 01:00:00+00:00,2023,2023-09-14 00:00:00+00:00,,32.75938,22.63832,1698455547761,,0,0.0,,23588735.73925781,38187.708694884015,0.0,0.0,Bremerhaven,Germany,DEU,Europe,53.54944124,8.555056667,4555,2645,34,508,1001,367,17.71,28.84,0,2,0,1,0,0,0,8.424200324567073,7.880804344674901,5.908082938168931,3.5553480614894135,23.275,5.958333333333333,2023,9,2487.5838456869024
1000561,port1299,TC,FANI-19,Tropical Cyclone FANI-19,"Red Tropical Cyclone FANI-19 in , India, Bangladesh, Bhutan from: 27 Apr 2019  to: 03 May 2019 .",RED,India,2019-04-27 00:00:00+00:00,2019,2019-05-03 12:00:00+00:00,Hurricane/Typhoon > 74 mph (maximum wind speed of 250 km/h),21.3,86.2,1694310887323,port290; port883,2,0.0,7a4e3ee5892f497a996870d3e0e6f414,560020159936.9023,4851355.971460343,250.0,0.0,Timaru,New Zealand,NZL,Asia & Pacific,-44.38543068,171.2560995,301,81,114,49,0,57,5.93,2.37,0,2,1,0,0,0,0,5.71042701737487,4.406719247264253,4.060443010546419,4.74493212836325,4.15,6.5,2019,4,9933.997341373586
1496100,port584,EQ,Earthquake in Indonesia,Earthquake in Indonesia,Red M 5.8 Earthquake in Indonesia at: 16 Aug 2025 22:38:52.,RED,Indonesia,2025-08-16 22:38:52+00:00,2025,2025-08-16 22:38:52+00:00,"Magnitude 5.8M, Depth:10km",-1.2569,120.7409,1759773822647,,0,0.0,,31604247090.93567,630279.7898142078,0.0,5.8,Kochi,Japan,JPN,Asia & Pacific,33.52614791,133.5700824,913,49,332,316,0,216,0.1,0.24,0,2,0,0,1,0,0,6.81783057145415,3.912023005428146,5.37989735354046,5.808142489980444,0.16999999999999998,0.0,2025,8,4039.3021091396727
1100932,port90,FL,Flood in China,Flood in China,Red Flood in China from: 20 Jun 2021 01 to: 30 Jul 2021 01.,RED,China,2021-06-20 01:00:00+00:00,2021,2021-07-30 01:00:00+00:00,,37.87001,112.5453,1694316074584,,0,0.0,,11130690490.484377,762082.4459309455,0.0,0.0,Bahia Quintero (Ventanas),Chile,CHL,South America,-32.76696313,-71.48395104,712,0,134,20,0,558,16.63,6.74,0,2,0,1,0,0,0,6.569481420414296,0.0,6.326149473155099,4.90527477843843,11.684999999999999,40.0,2021,6,18881.74889847888
1000705,port1317,TC,MAYSAK-20,Tropical Cyclone MAYSAK-20,"Red Tropical Cyclone MAYSAK-20 in Republic of Korea, Japan, Democratic Republic of Korea, China from: 28 Aug 2020  to: 02 Sep 2020 .",RED,Japan; Korea,2020-08-28 00:00:00+00:00,2020,2020-09-02 18:00:00+00:00,Hurricane/Typhoon > 74 mph (maximum wind speed of 231 km/h),35.5,129.0,1694314659620,port545; port785; port432; port715; port915; port1065; port1309; port1338,8,0.0,2e49fb9e14e147c7914103806eaa8c51,1738832135933.7012,9098031.240905829,231.0,0.0,Trelleborg,Sweden,SWE,Europe,55.37010002,13.15260406,108,2,0,19,14,73,0.24,0.13,0,2,1,0,0,0,0,4.6913478822291435,1.0986122886681098,4.30406509320417,0.0,0.185,5.75,2020,8,7633.057053767527
1298872,fso3,EQ,Earthquake in Peru,Earthquake in Peru,Red M 7.5 Earthquake in Peru at: 28 Nov 2021 10:52:13.,RED,Peru,2021-11-28 10:52:13+00:00,2021,2021-11-28 10:52:13+00:00,"Magnitude 7.5M, Depth:112.48km",-4.4898,-76.8461,1694316841829,,0,0.0,,31788276666.928223,632103.6906136237,0.0,7.5,Brazil - Offshore Oil Terminal 12,Brazil,BRA,South America,-25.49,-42.78,74,0,0,0,0,74,0.0,0.68,0,2,0,0,1,0,0,4.31748811353631,0.0,4.31748811353631,0.0,0.34,0.0,2021,11,4133.283296002695
1000552,port1104,TC,IDAI-19,Tropical Cyclone IDAI-19,"Red Tropical Cyclone IDAI-19 in Mozambique, Zimbabwe, Miscellaneous (French) Indian Ocean Islands from: 09 Mar 2019  to: 15 Mar 2019 .",RED,Mozambique,2019-03-09 06:00:00+00:00,2019,2019-03-15 00:00:00+00:00,Hurricane/Typhoon > 74 mph (maximum wind speed of 194 km/h),-19.6,34.8,1694310439405,port137,1,0.0,3aa1164d42fb42e99f8ed581b6ecd4d1,350000681982.3291,3223229.700239708,194.0,0.0,Rio Grande,Brazil,BRA,South America,-32.08860546,-52.10246586,1637,473,743,111,22,288,3.03,2.81,0,2,1,0,0,0,0,7.401231264413015,6.161207321695077,5.666426688112432,6.612041034833092,2.92,5.75,2019,3,8289.238635619162
1013327,port907,DR,Zimbabwe-2019,"Drought in Botswana, Mozambique, South Africa, Zimbabwe","Red Drought in Botswana, Mozambique, South Africa, Zimbabwe from: 21 Mar 2019  to: 01 Aug 2019 .",RED,"Botswana, Mozambique, South Africa, Zimbabwe",2019-03-21 00:00:00+00:00,2019,2019-08-01 10:47:00+00:00,Severe impact for agricultural drought in 102368 km2,-22.721,31.814,1694311593392,,0,0.0,,120939607601.3496,2559609.37090292,0.0,0.0,Pipavav Port,India,IND,Asia & Pacific,20.90789389,71.46568355,875,222,242,298,32,81,1.17,1.51,0,2,0,0,0,1,0,6.775366090936392,5.407171771460119,4.406719247264253,5.493061443340548,1.3399999999999999,133.44930555555555,2019,3,6352.75366581226
1000772,port2249,TC,NIRAN-21,Tropical Cyclone NIRAN-21,"Red Tropical Cyclone NIRAN-21 in New Caledonia, Australia, Norfolk Island, Vanuatu from: 01 Mar 2021  to: 07 Mar 2021 .",RED,New Caledonia,2021-03-01 00:00:00+00:00,2021,2021-03-07 00:00:00+00:00,Tropical Storm (maximum wind speed of 259 km/h),-27.3,175.7,1694315362678,port94; port97; port403; port806; port832; port870; port1372,7,0.0,916961bee1694b1cb56ee0bb197b6070,1589004873948.5508,7945752.333322555,259.0,0.0,Erie,United States,USA,North America,42.150052962337,-80.0983112353327,26,0,23,3,0,0,0.02,0.0,0,2,1,0,0,0,0,3.295836866004329,0.0,0.0,3.1780538303479458,0.01,6.0,2021,3,22417.884148117926
1395488,port2158,EQ,Earthquake in Afghanistan,Earthquake in Afghanistan,Red M 6.3 Earthquake in Afghanistan at: 11 Oct 2023 00:41:56.,RED,Afghanistan,2023-10-11 00:41:56+00:00,2023,2023-10-11 00:41:56+00:00,"Magnitude 6.3M, Depth:10km",34.5798,62.0717,1698455547761,,0,0.0,,46607220425.94531,765380.9698678856,0.0,6.3,Pulau Sambu,Indonesia,IDN,Asia & Pacific,1.16080828783621,103.899648281736,133,0,0,61,1,71,0.24,0.04,0,2,0,0,1,0,0,4.897839799950911,0.0,4.276666119016055,0.0,0.13999999999999999,0.0,2023,10,5942.065684420947
1001028,port1248,TC,OTIS-23,Tropical Cyclone OTIS-23,Red Tropical Cyclone OTIS-23 in Mexico from: 22 Oct 2023  to: 25 Oct 2023 .,RED,Mexico,2023-10-22 15:00:00+00:00,2023,2023-10-25 21:00:00+00:00,Tropical Depression (maximum wind speed of 259 km/h),19.1,-100.8,1698455547761,port7,1,0.0,b2af87430d8340f29465e5075633c14a,83209950822.40918,1505916.18134488,259.0,0.0,Tacoma,United States,USA,North America,47.2535658,-122.3912123,868,468,103,7,272,18,1.39,1.22,0,2,1,0,0,0,0,6.767343125265392,6.150602768446279,2.9444389791664403,4.6443908991413725,1.305,3.25,2023,10,3523.0856539720417
1001199,port373,TC,KAJIKI-25,Tropical Cyclone KAJIKI-25,"Red Tropical Cyclone KAJIKI-25 in China, Viet Nam, Laos from: 22 Aug 2025  to: 25 Aug 2025 .",RED,China; Vietnam,2025-08-22 12:00:00+00:00,2025,2025-08-25 12:00:00+00:00,Hurricane (maximum wind speed of 176 km/h),18.6,105.7,1759773926919,port819; port123; port2405,3,0.0,ac2ab6950be24be78651406ff4a48fd3,315832502165.2754,3249273.252154244,176.0,0.0,Galveston,United States,USA,North America,29.30976119,-94.80456985,614,9,78,69,94,364,0.13,0.66,0,2,1,0,0,0,0,6.421622267806518,2.302585092994046,5.8998973535824915,4.3694478524670215,0.395,3.0,2025,8,19443.299961534758
1001256,port2498,TC,GEZANI-26,Tropical Cyclone GEZANI-26,"Red Tropical Cyclone GEZANI-26 in Madagascar, Mozambique from: 06 Feb 2026  to: 18 Feb 2026 .",RED,"Madagascar, Mozambique",2026-02-06 00:00:00+00:00,2026,2026-02-18 12:00:00+00:00,Hurricane (maximum wind speed of 211 km/h),-35.63,41.6,1771623360667,,0,0.0,,115660665179.69922,1467389.249750107,211.0,0.0,Paldiski FSRU,Estonia,EST,Europe,59.39054290961446,24.07482548132589,0,0,0,0,0,0,0.0,0.0,0,2,1,0,0,0,0,0.0,0.0,0.0,0.0,0.0,12.5,2026,2,10593.688427087915
1395488,port2017,EQ,Earthquake in Afghanistan,Earthquake in Afghanistan,Red M 6.3 Earthquake in Afghanistan at: 11 Oct 2023 00:41:56.,RED,Afghanistan,2023-10-11 00:41:56+00:00,2023,2023-10-11 00:41:56+00:00,"Magnitude 6.3M, Depth:10km",34.5798,62.0717,1698455547761,,0,0.0,,46607220425.94531,765380.9698678856,0.0,6.3,Moji,Japan,JPN,Asia & Pacific,33.9568605158736,130.985351393628,2119,1294,108,387,76,254,0.18,0.26,0,2,0,0,1,0,0,7.659171367666058,7.166265974133638,5.541263545158426,4.6913478822291435,0.22,0.0,2023,10,6345.248304223651
1000772,port2306,TC,NIRAN-21,Tropical Cyclone NIRAN-21,"Red Tropical Cyclone NIRAN-21 in New Caledonia, Australia, Norfolk Island, Vanuatu from: 01 Mar 2021  to: 07 Mar 2021 .",RED,New Caledonia,2021-03-01 00:00:00+00:00,2021,2021-03-07 00:00:00+00:00,Tropical Storm (maximum wind speed of 259 km/h),-27.3,175.7,1694315362678,port94; port97; port403; port806; port832; port870; port1372,7,0.0,916961bee1694b1cb56ee0bb197b6070,1589004873948.5508,7945752.333322555,259.0,0.0,Jetty Coalindo,Indonesia,IDN,Asia & Pacific,0.8056557623156951,117.8924483275618,300,4,293,0,0,3,0.0,2.73,0,2,1,0,0,0,0,5.707110264748875,1.6094379124341003,1.3862943611198906,5.683579767338681,1.365,6.0,2021,3,7134.269929801793
1000000,fso61,OT,RED SEA TENSIONS,Trade Disruptions in the Red Sea,Trade disruptions in the Red Sea (near Bab el-Mandeb Strait) due to attacks on commercial ships,RED,,2023-12-16 00:00:00+00:00,2023,2023-12-16 00:00:00+00:00,,20.31573,38.73504,1708595379825,chokepoint4; chokepoint1; chokepoint7,3,0.0,573013af3b6545deaeb50ed1cbaf9444,508756310979.897,4678015.079434657,0.0,0.0,Australia - Offshore Oil Terminal 3,Australia,AUS,Asia & Pacific,-19.58799999999999,116.44699999999996,6,0,0,0,0,6,0.0,0.03,0,2,0,0,0,0,1,1.9459101490553132,0.0,1.9459101490553132,0.0,0.015,0.0,2023,12,9255.485751493656
1269679,port2240,EQ,Earthquake in China,Earthquake in China,Red M 6.1 Earthquake in China at: 21 May 2021 13:48:37.,RED,China,2021-05-21 13:48:37+00:00,2021,2021-05-21 13:48:37+00:00,"Magnitude 6.1M, Depth:10km",25.7614,100.0076,1694315573198,,0,0.0,,38950852849.05469,699708.9407092759,0.0,6.1,Douglas,United Kingdom,GBR,Europe,54.1468436275529,-4.46817810584293,23,0,0,3,6,14,0.02,0.0,0,2,0,0,1,0,0,3.1780538303479458,0.0,2.70805020110221,0.0,0.01,0.0,2021,5,7487.569193006044
1357372,port342,EQ,Earthquake in Türkiye,Earthquake in Türkiye,Red M 7.8 Earthquake in Türkiye at: 06 Feb 2023 01:17:35.,RED,Türkiye,2023-02-06 01:17:35+00:00,2023,2023-02-06 01:17:35+00:00,"Magnitude 7.8M, Depth:17.925km",37.1736,37.032,1694318563269,port286; port503; port1313; port1406,4,0.0,aa65d7e49ec94b9da3fad7da752a4e1a,49758852592.89258,790857.7798878492,0.0,7.8,Fawley,United Kingdom,GBR,Europe,50.83981228,-1.355244911,1669,277,3,85,286,1018,7.88,5.89,0,2,0,0,1,0,0,7.4205789054108005,5.627621113690637,6.926577033222725,1.3862943611198906,6.885,0.0,2023,2,3088.913848415285
1000702,port1199,TC,BAVI-20,Tropical Cyclone BAVI-20,"Red Tropical Cyclone BAVI-20 in China, Democratic Republic of Korea, Republic of Korea from: 21 Aug 2020  to: 27 Aug 2020 .",RED,China,2020-08-21 12:00:00+00:00,2020,2020-08-27 06:00:00+00:00,Tropical Storm (maximum wind speed of 185 km/h),41.6,125.8,1694314620195,port277; port662,2,0.0,99eadeb4109b4f45891f4d352d984b9c,722913654780.2266,5491058.810650765,185.0,0.0,Sikka,India,IND,Asia & Pacific,22.36483725,69.80786454,488,0,8,18,0,462,0.0,7.26,0,2,1,0,0,0,0,6.192362489474872,0.0,6.137727054086234,2.1972245773362196,3.63,5.75,2020,8,6131.381625385759
1000818,port286,TC,IDA-21,Tropical Cyclone IDA-21,"Red Tropical Cyclone IDA-21 in United States, Cuba from: 26 Aug 2021  to: 30 Aug 2021 .",RED,United States,2021-08-26 15:00:00+00:00,2021,2021-08-30 21:00:00+00:00,Tropical Depression (maximum wind speed of 241 km/h),32.6,-90.3,1694316376901,port126; port352; port812; port1214,4,0.0,7d9d04c6c5ac4e3bbdf68a78a0966767,394139707419.0078,3782111.256095524,241.0,0.0,Delta Terminal,Türkiye,TUR,Europe,36.86084344,36.15048769,313,0,0,0,0,313,1.44,1.51,0,2,1,0,0,0,0,5.749392985908253,0.0,5.749392985908253,0.0,1.475,4.25,2021,8,11240.088732017726
1000922,port312,TC,NORU-22,Tropical Cyclone NORU-22,"Red Tropical Cyclone NORU-22 in Viet Nam, Laos, Philippines from: 22 Sep 2022  to: 28 Sep 2022 .",RED,Philippines; Vietnam,2022-09-22 00:00:00+00:00,2022,2022-09-28 00:00:00+00:00,Hurricane/Typhoon > 74 mph (maximum wind speed of 259 km/h),16.0,107.8,1694318122116,port694; port1232; port213; port269,4,0.0,fcb67d56baae4103ade370dd3995d8c8,543451018476.1074,5830422.225303048,259.0,0.0,Durres,Albania,ALB,Europe,41.34064126,19.4439999,295,87,23,179,3,3,30.38,37.53,0,2,1,0,0,0,0,5.69035945432406,4.477336814478207,1.3862943611198906,3.1780538303479458,33.955,6.0,2022,9,7882.396895425662
1000818,fso170,TC,IDA-21,Tropical Cyclone IDA-21,"Red Tropical Cyclone IDA-21 in United States, Cuba from: 26 Aug 2021  to: 30 Aug 2021 .",RED,United States,2021-08-26 15:00:00+00:00,2021,2021-08-30 21:00:00+00:00,Tropical Depression (maximum wind speed of 241 km/h),32.6,-90.3,1694316376901,port126; port352; port812; port1214,4,0.0,7d9d04c6c5ac4e3bbdf68a78a0966767,394139707419.0078,3782111.256095524,241.0,0.0,United Kingdom - Offshore Oil Terminal 2,United Kingdom,GBR,Europe,59.608,1.0769999999999995,21,0,0,0,0,21,0.0,1.27,0,2,1,0,0,0,0,3.091042453358316,0.0,3.091042453358316,0.0,0.635,4.25,2021,8,5942.946557392898
1001118,port890,TC,KONG-REY-24,Tropical Cyclone KONG-REY-24,"Red Tropical Cyclone KONG-REY-24 in Philippines, Taiwan, China, Japan from: 25 Oct 2024  to: 01 Nov 2024 .",RED,Taiwan Province of China; China,2024-10-25 00:00:00+00:00,2024,2024-11-01 18:00:00+00:00,Hurricane (maximum wind speed of 241 km/h),32.2,126.1,1743233631549,port238; port824; port681; port2230; port1390; port2229; port541; port1074; port438; port482; port1405; port1261; port1192; port370; port1252; port1404; port1403,17,0.0,8a0fa020db1c41418971e9ad621376c5,1161912189137.1094,5519864.053116027,241.0,0.0,Payra,Bangladesh,BGD,Asia & Pacific,21.99789333,90.30570117,54,6,39,9,0,0,3.01,0.62,0,2,1,0,0,0,0,4.007333185232471,1.9459101490553132,0.0,3.6888794541139363,1.815,7.75,2024,10,3854.037875031072
1001233,port928,TC,KALMAEGI-25,Tropical Cyclone KALMAEGI-25,"Red Tropical Cyclone KALMAEGI-25 in Viet Nam, Cambodia, Philippines, Laos from: 01 Nov 2025  to: 06 Nov 2025 .",RED,Philippines; Vietnam,2025-11-01 06:00:00+00:00,2025,2025-11-06 12:00:00+00:00,Hurricane (maximum wind speed of 213 km/h),13.6,109.1,1762862933372,port2207; port2262; port1078; port224; port2395; port2055; port858,7,0.0,1734eb93b6ea40f4867229955debf2cf,592669057187.835,6596353.643767391,213.0,0.0,Porsgrunn,Norway,NOR,Europe,59.11512823,9.595305249,1551,107,113,697,3,631,13.74,3.69,0,2,1,0,0,0,0,7.347299700743164,4.68213122712422,6.448889394146858,4.736198448394496,8.715,5.25,2025,11,7593.981491422588
1000663,port1340,TC,HAROLD-20,Tropical Cyclone HAROLD-20,"Red Tropical Cyclone HAROLD-20 in , Tonga, Fiji, Vanuatu from: 02 Apr 2020  to: 09 Apr 2020 .",RED,Fiji; Vanuatu; Tonga,2020-04-02 18:00:00+00:00,2020,2020-04-09 06:00:00+00:00,Hurricane/Typhoon > 74 mph (maximum wind speed of 269 km/h),-24.6,-170.7,1694314190344,port636; port643; port1240; port669; port836,5,0.0,56210f6c71f84299baa2ea0b705762f0,1886520768475.2756,11970100.92647234,269.0,0.0,Umm al Qaiwain,United Arab Emirates,ARE,Asia & Pacific,25.58810902,55.58024004,127,44,1,72,10,0,0.07,0.01,0,2,1,0,0,0,0,4.852030263919617,3.8066624897703196,0.0,0.6931471805599453,0.04,6.5,2020,4,23328.603111512653
1001233,fso179,TC,KALMAEGI-25,Tropical Cyclone KALMAEGI-25,"Red Tropical Cyclone KALMAEGI-25 in Viet Nam, Cambodia, Philippines, Laos from: 01 Nov 2025  to: 06 Nov 2025 .",RED,Philippines; Vietnam,2025-11-01 06:00:00+00:00,2025,2025-11-06 12:00:00+00:00,Hurricane (maximum wind speed of 213 km/h),13.6,109.1,1762862933372,port2207; port2262; port1078; port224; port2395; port2055; port858,7,0.0,1734eb93b6ea40f4867229955debf2cf,592669057187.835,6596353.643767391,213.0,0.0,Vietnam - Offshore Oil Terminal 3,Vietnam,VNM,Asia & Pacific,7.345000000000004,108.31300000000006,4,0,0,0,0,4,0.0,0.26,0,2,1,0,0,0,0,1.6094379124341003,0.0,1.6094379124341003,0.0,0.13,5.25,2025,11,699.6898980991584
10000003,port327,OT,US PORTS STRIKE,US Ports Strike,"Labor strike affecting many ports across the US East and Gulf Coasts, as well as the Port of Montreal in Canada",RED,,2024-10-01 00:00:00+00:00,2024,2024-10-02 22:00:00+00:00,,29.77081,-95.35517,1727962353164,port812; port815; port826; port103; port901; port159; port513; port736; port754; port1170; port1259; port1398; port231; port481; port766; port2066; port951,17,0.0,9e9f1ca4abad4948af5caed716c137f3,2173469.48828125,6906.2243711354695,0.0,0.0,Eregli,Türkiye,TUR,Europe,41.26435669,31.41680907,707,11,169,516,0,11,3.24,0.52,0,2,0,0,0,0,1,6.56244409369372,2.4849066497880004,2.4849066497880004,5.135798437050262,1.8800000000000001,1.9166666666666667,2024,10,10653.992741593369
1000023,port110,VO,Eruption  Nyiragongo,Eruption  Nyiragongo,Red Eruption Nyiragongo in Democratic Republic of Congo at: 04 Jun 2021 00:00.,RED,Democratic Republic of Congo,2021-05-23 00:00:00+00:00,2021,2021-06-04 00:00:00+00:00,,-1.52,29.25,1694315728789,,0,0.0,,31610039747.029297,630337.8738847916,0.0,0.0,Benghazi,Libya,LBY,Africa,32.1115254,20.04737392,526,162,63,169,31,101,23.14,1.36,0,2,0,0,0,0,0,6.267200548541362,5.093750200806762,4.624972813284271,4.1588830833596715,12.25,12.0,2021,5,3832.0534709583603
1182839,port749,EQ,Earthquake in China,Earthquake in China,Red M 5.8 Earthquake in China at: 17 Jun 2019 14:55:45.,RED,China,2019-06-17 14:55:45+00:00,2019,2019-06-17 14:55:45+00:00,"Magnitude 5.8M, Depth:10km",28.4088,104.9654,1694311265094,,0,0.0,,40835216658.06641,716423.2715291845,0.0,5.8,Mishima,Japan,JPN,Asia & Pacific,34.00594978,133.5551534,1641,298,131,1060,10,142,0.54,0.07,0,2,0,0,1,0,0,7.403670290012373,5.700443573390687,4.962844630259907,4.882801922586371,0.30500000000000005,0.0,2019,6,2703.1023675993874
1396085,port1114,EQ,Earthquake in Afghanistan,Earthquake in Afghanistan,Red M 6.3 Earthquake in Afghanistan at: 15 Oct 2023 03:36:00.,RED,Afghanistan,2023-10-15 03:36:00+00:00,2023,2023-10-15 03:36:00+00:00,"Magnitude 6.3M, Depth:6.323km",34.6094,62.1115,1698455547761,,0,0.0,,46636198964.79883,765628.5512611673,0.0,6.3,Rotterdam,The Netherlands,NLD,Europe,51.92228121,4.215144967,32584,7045,1052,5181,2316,16990,76.05,68.1,0,2,0,0,1,0,0,10.39160733876648,8.860215358901183,9.740439071085758,6.959398512133975,72.07499999999999,0.0,2023,10,4404.733168759935
1557236,port1152,EQ,Earthquake in Colombia,Earthquake in Colombia,Red M 7.4 Earthquake in Colombia at: 10 Aug 2026 12:34:28.,RED,Colombia,2026-08-10 12:34:28+00:00,2026,2026-08-10 12:34:28+00:00,"Magnitude 7.4M, Depth:110.285km",4.8436,-76.2422,1786788245013,,0,0.0,,31818321053.560303,632417.6853181977,0.0,7.4,Santa Cruz De La Palma,Spain,ESP,Europe,28.67612458,-17.76700891,190,87,3,1,55,44,0.03,0.07,0,2,0,0,1,0,0,5.25227342804663,4.477336814478207,3.8066624897703196,1.3862943611198906,0.05,0.0,2026,8,6279.094153156638
1000782,port414,TC,TAUKTAE-21,Tropical Cyclone TAUKTAE-21,"Red Tropical Cyclone TAUKTAE-21 in India, Pakistan from: 14 May 2021  to: 17 May 2021 .",RED,India,2021-05-14 06:00:00+00:00,2021,2021-05-17 18:00:00+00:00,Hurricane/Typhoon > 74 mph (maximum wind speed of 222 km/h),20.8,71.3,1694315560326,port271; port511; port679; port709; port776; port907,6,0.0,6af995e3acac4015bd1fbaa90a2a3d6a,392042114876.2236,3515692.1056812145,222.0,0.0,Grand Turk,Turks and Caicos Islands,TCA,North America,21.43520362,-71.14781935,55,0,0,37,0,18,8.11,16.99,0,2,1,0,0,0,0,4.02535169073515,0.0,2.9444389791664403,0.0,12.549999999999999,3.5,2021,5,14718.20396598438
1001117,port400,TC,DANA-24,Tropical Cyclone DANA-24,Red Tropical Cyclone DANA-24 in India from: 23 Oct 2024  to: 25 Oct 2024 .,RED,India,2024-10-23 06:00:00+00:00,2024,2024-10-25 00:00:00+00:00,Hurricane (maximum wind speed of 120 km/h),20.8,86.9,1743233631549,port883; port290,2,0.0,61640e351cc846aea17d94a763b36ba5,141183293249.01953,1513492.9164785235,120.0,0.0,Glomfjord,Norway,NOR,Europe,66.81004693,13.93684706,158,15,4,138,0,1,0.4,0.19,0,2,1,0,0,0,0,5.0689042022202315,2.772588722239781,0.6931471805599453,1.6094379124341003,0.29500000000000004,1.75,2024,10,6021.095295042491
1182839,port0,EQ,Earthquake in China,Earthquake in China,Red M 5.8 Earthquake in China at: 17 Jun 2019 14:55:45.,RED,China,2019-06-17 14:55:45+00:00,2019,2019-06-17 14:55:45+00:00,"Magnitude 5.8M, Depth:10km",28.4088,104.9654,1694311265094,,0,0.0,,40835216658.06641,716423.2715291845,0.0,5.8,Abbot Point,Australia,AUS,Asia & Pacific,-19.89375525,148.0776204,366,0,366,0,0,0,0.0,2.11,0,2,0,0,1,0,0,5.905361848054571,0.0,0.0,5.905361848054571,1.055,0.0,2019,6,6999.681970158815
1496100,port1238,EQ,Earthquake in Indonesia,Earthquake in Indonesia,Red M 5.8 Earthquake in Indonesia at: 16 Aug 2025 22:38:52.,RED,Indonesia,2025-08-16 22:38:52+00:00,2025,2025-08-16 22:38:52+00:00,"Magnitude 5.8M, Depth:10km",-1.2569,120.7409,1759773822647,,0,0.0,,31604247090.93567,630279.7898142078,0.0,5.8,Surigao City,Philippines,PHL,Asia & Pacific,9.815652287,125.4545559,23,1,1,21,0,0,0.01,0.01,0,2,0,0,1,0,0,3.1780538303479458,0.6931471805599453,0.0,0.6931471805599453,0.01,0.0,2025,8,1332.8055640271605
1001028,port881,TC,OTIS-23,Tropical Cyclone OTIS-23,Red Tropical Cyclone OTIS-23 in Mexico from: 22 Oct 2023  to: 25 Oct 2023 .,RED,Mexico,2023-10-22 15:00:00+00:00,2023,2023-10-25 21:00:00+00:00,Tropical Depression (maximum wind speed of 259 km/h),19.1,-100.8,1698455547761,port7,1,0.0,b2af87430d8340f29465e5075633c14a,83209950822.40918,1505916.18134488,259.0,0.0,Panjang,Indonesia,IDN,Asia & Pacific,-5.493013574,105.3301717,1986,156,607,450,8,765,2.09,3.89,0,2,1,0,0,0,0,7.594381242551817,5.056245805348308,6.641182169740591,6.410174881966167,2.99,3.25,2023,10,22938.392306995127
1001118,port487,TC,KONG-REY-24,Tropical Cyclone KONG-REY-24,"Red Tropical Cyclone KONG-REY-24 in Philippines, Taiwan, China, Japan from: 25 Oct 2024  to: 01 Nov 2024 .",RED,Taiwan Province of China; China,2024-10-25 00:00:00+00:00,2024,2024-11-01 18:00:00+00:00,Hurricane (maximum wind speed of 241 km/h),32.2,126.1,1743233631549,port238; port824; port681; port2230; port1390; port2229; port541; port1074; port438; port482; port1405; port1261; port1192; port370; port1252; port1404; port1403,17,0.0,8a0fa020db1c41418971e9ad621376c5,1161912189137.1094,5519864.053116027,241.0,0.0,IJmuiden,The Netherlands,NLD,Europe,52.47671569,4.617278256,3079,310,304,1325,112,1028,5.34,2.57,0,2,1,0,0,0,0,8.03268487596762,5.739792912179234,6.9363427358340495,5.720311776607412,3.955,7.75,2024,10,8516.04585945498
1001211,port2065,TC,RAGASA-25,Tropical Cyclone RAGASA-25,"Red Tropical Cyclone RAGASA-25 in Philippines, China from: 18 Sep 2025  to: 24 Sep 2025 .",RED,China; Macao SAR; Hong Kong SAR,2025-09-18 12:00:00+00:00,2025,2025-09-24 12:00:00+00:00,Hurricane (maximum wind speed of 269 km/h),21.8,111.1,1759774040248,port2019; port436; port339; port2028; port136; port1071; port1414; port2112; port484; port1189; port1196; port2029; port2287; port424; port674; port474; port423; port2383; port1426; port2030,20,0.0,cb89aca0c9a640e9bba3c7816fa746f7,1213030474462.3828,6355005.7310532695,269.0,0.0,Okrika,Nigeria,NGA,Africa,4.72272091472972,7.08654006264632,17,0,0,0,0,17,0.19,0.37,0,2,1,0,0,0,0,2.8903717578961645,0.0,2.8903717578961645,0.0,0.28,6.0,2025,9,11661.390988324672
1101659,port553,FL,Flood in Nigeria,Flood in Nigeria,Red Flood in Nigeria from: 10 Sep 2022 01 to: 26 Oct 2022 01.,RED,Nigeria,2022-09-10 01:00:00+00:00,2022,2022-10-26 01:00:00+00:00,,4.762979,6.028898,1694318293002,port205; port587; port1165; port1383,4,0.0,9a4da61ebdd844f7a73d21254b8224ff,48581411140.71811,1903249.6982656445,0.0,0.0,Kavieng Harbor,Papua New Guinea,PNG,Asia & Pacific,-2.587475462,150.7887674,86,23,30,17,0,16,1.0,5.43,0,2,0,1,0,0,0,4.465908118654584,3.1780538303479458,2.833213344056216,3.4339872044851463,3.215,46.0,2022,9,16072.685419321768
1001279,port1388,TC,BAVI-26,Tropical Cyclone BAVI-26,"Red Tropical Cyclone BAVI-26 in Guam, Northern Mariana Islands, Japan, Taiwan, China from: 01 Jul 2026  to: 11 Jul 2026 .",RED,Guam; Taiwan Province of China; Northern Mariana Islands; Japan; China,2026-07-01 00:00:00+00:00,2026,2026-07-11 18:00:00+00:00,Hurricane (maximum wind speed of 287 km/h),28.7,120.4,1784137096489,port2180; port2173; port1427; port2421; port482; port2424; port2177; port2415; port1300; port61; port2040; port2504; port2422; port824; port2230; port2413; port2505; port2021; port238; port370; port2414; port1429; port2304; port1390; port1113; port2502; port2027; port2423; port2111; port2491; port2497; port1126; port2426; port1261; port438; port1403; port2302,37,0.0,e1706849ab254c9f92db48f4761a8924,3004119385032.9414,12128199.78940675,287.0,0.0,Wellington,New Zealand,NZL,Asia & Pacific,-41.25688929,174.8304738,411,147,132,10,57,65,4.39,6.41,0,2,1,0,0,0,0,6.021023349349527,4.997212273764115,4.189654742026425,4.890349128221754,5.4,10.75,2026,7,8996.00377945942
1000965,port519,TC,JUDY-23,Tropical Cyclone JUDY-23,Red Tropical Cyclone JUDY-23 in Vanuatu from: 27 Feb 2023  to: 03 Mar 2023 .,RED,Vanuatu,2023-02-27 00:00:00+00:00,2023,2023-03-03 06:00:00+00:00,Tropical Storm (maximum wind speed of 204 km/h),-26.1,179.8,1694318783857,port980,1,0.0,9ae35fc3f5a348728400cdc46c18c6b1,899703064607.4922,7567782.065470555,204.0,0.0,Shoaiba,Saudi Arabia,SAU,Asia & Pacific,20.65258296,39.54249452,113,0,0,0,0,113,7.03,0.0,0,2,1,0,0,0,0,4.736198448394496,0.0,4.736198448394496,0.0,3.515,4.25,2023,2,15464.813691122661
1000743,port79,TC,IOTA-20,Tropical Cyclone IOTA-20,"Red Tropical Cyclone IOTA-20 in Honduras, Nicaragua from: 13 Nov 2020  to: 18 Nov 2020 .",RED,Nicaragua,2020-11-13 15:00:00+00:00,2020,2020-11-18 15:00:00+00:00,Tropical Depression (maximum wind speed of 259 km/h),13.8,-89.5,1694315019504,port1030,1,0.0,33119f1ca522447f8f206d2496ad2eed,226711652592.06543,2524213.9943061066,259.0,0.0,Auckland,New Zealand,NZL,Asia & Pacific,-36.84280038,174.773952,914,533,122,70,166,23,20.65,2.94,0,2,1,0,0,0,0,6.818924065275521,6.280395838960195,3.1780538303479458,4.812184355372417,11.795,5.0,2020,11,24139.491268831596
1000666,port1335,TC,VONGFONG-20,Tropical Cyclone VONGFONG-20,Red Tropical Cyclone VONGFONG-20 in Philippines from: 11 May 2020  to: 16 May 2020 .,RED,Philippines,2020-05-11 18:00:00+00:00,2020,2020-05-16 06:00:00+00:00,Tropical Depression (maximum wind speed of 194 km/h),19.3,120.5,1694314305944,,0,0.0,,128064151889.94922,2559326.3640265325,194.0,0.0,Ube,Japan,JPN,Asia & Pacific,33.94487467,131.2131838,4799,13,1195,1502,0,2089,0.76,2.35,0,2,1,0,0,0,0,8.476371196895983,2.6390573296152584,7.644919344958857,7.086737934510577,1.5550000000000002,4.5,2020,5,1901.4986307523775
1000023,port444,VO,Eruption  Nyiragongo,Eruption  Nyiragongo,Red Eruption Nyiragongo in Democratic Republic of Congo at: 04 Jun 2021 00:00.,RED,Democratic Republic of Congo,2021-05-23 00:00:00+00:00,2021,2021-06-04 00:00:00+00:00,,-1.52,29.25,1694315728789,,0,0.0,,31610039747.029297,630337.8738847916,0.0,0.0,Halmstad,Sweden,SWE,Europe,56.65646298,12.86634913,603,172,44,216,86,85,1.86,0.97,0,2,0,0,0,0,0,6.403574197934815,5.153291594497779,4.454347296253507,3.8066624897703196,1.415,12.0,2021,5,6534.495700104915
1101664,port2406,FL,"Flood in China, Taiwan","Flood in China, Taiwan","Red Flood in China, Taiwan from: 14 Sep 2022 01 to: 16 Sep 2022 01.",RED,China,2022-09-14 01:00:00+00:00,2022,2022-09-16 01:00:00+00:00,,31.23228,121.4692,1694317999111,port438; port824; port1188; port1390; port1427; port1429,6,0.0,e8ad23d722674521baae5de97cc97f61,217355300848.26956,3579326.493505684,0.0,0.0,Pozzallo,Italy,ITA,Europe,36.71461545984809,14.835372975974192,187,17,35,134,0,1,0.28,0.09,0,2,0,1,0,0,0,5.236441962829949,2.8903717578961645,0.6931471805599453,3.58351893845611,0.185,2.0,2022,9,9507.790811350902
1000673,port339,TC,NISARGA-20,Tropical Cyclone NISARGA-20,Red Tropical Cyclone NISARGA-20 in India from: 02 Jun 2020  to: 03 Jun 2020 .,RED,India,2020-06-02 18:00:00+00:00,2020,2020-06-03 12:00:00+00:00,Hurricane/Typhoon > 74 mph (maximum wind speed of 139 km/h),19.1,73.7,1694314372002,port511; port776,2,0.0,91c5a35ee6804b94a39c91c93021bfe1,116925429196.29688,1668600.0514449673,139.0,0.0,Fangcheng,China,CHN,Asia & Pacific,21.61420534,108.3643393,1968,34,1362,361,0,211,1.9,0.42,0,2,1,0,0,0,0,7.585281078639126,3.5553480614894135,5.356586274672012,7.217443431696533,1.16,0.75,2020,6,3588.058100236937
1000624,port972,TC,MATMO-19/BULBUL-19,Tropical Cyclone MATMO-19/BULBUL-19,"Red Tropical Cyclone MATMO-19/BULBUL-19 in Bangladesh, India, Myanmar, Thailand, Cambodia, Laos, Viet Nam from: 29 Oct 2019  to: 10 Nov 2019 .",RED,Bangladesh; Vietnam; India,2019-10-29 18:00:00+00:00,2019,2019-11-10 12:00:00+00:00,Tropical Storm (maximum wind speed of 157 km/h),23.0,90.8,1694312137296,port290; port442; port883; port1078; port759; port890,6,0.0,b846804ea419470084333b3317290139,317900413479.5791,3432525.078379262,157.0,0.0,Noro,Solomon Islands,SLB,Asia & Pacific,-8.228420496,157.1989919,155,17,104,24,0,10,8.85,56.76,0,2,1,0,0,0,0,5.049856007249537,2.8903717578961645,2.3978952727983707,4.653960350157523,32.805,11.75,2019,10,8076.142961713099
1000784,port934,TC,YAAS-21,Tropical Cyclone YAAS-21,Red Tropical Cyclone YAAS-21 in India from: 24 May 2021  to: 26 May 2021 .,RED,India,2021-05-24 00:00:00+00:00,2021,2021-05-26 06:00:00+00:00,Tropical Storm (maximum wind speed of 120 km/h),21.6,87.0,1694315620209,port290; port442; port883,3,0.0,f005e5328daf492b8d64437e2ea8e3f6,279610013323.5176,2292267.97352831,120.0,0.0,Port Au Prince,Haiti,HTI,North America,18.62806777,-72.35783182,614,214,86,168,34,112,86.22,92.52,0,2,1,0,0,0,0,6.421622267806518,5.3706380281276624,4.727387818712341,4.465908118654584,89.37,2.25,2021,5,16765.28934156474
1000561,port1093,TC,FANI-19,Tropical Cyclone FANI-19,"Red Tropical Cyclone FANI-19 in , India, Bangladesh, Bhutan from: 27 Apr 2019  to: 03 May 2019 .",RED,India,2019-04-27 00:00:00+00:00,2019,2019-05-03 12:00:00+00:00,Hurricane/Typhoon > 74 mph (maximum wind speed of 250 km/h),21.3,86.2,1694310887323,port290; port883,2,0.0,7a4e3ee5892f497a996870d3e0e6f414,560020159936.9023,4851355.971460343,250.0,0.0,Rayong,Thailand,THA,Asia & Pacific,12.65890283,101.3121055,1553,1,14,27,0,1511,8.1,3.46,0,2,1,0,0,0,0,7.348587530927593,0.6931471805599453,7.321188556739478,2.70805020110221,5.779999999999999,6.5,2019,4,1897.0173237256736
1101664,port1035,FL,"Flood in China, Taiwan","Flood in China, Taiwan","Red Flood in China, Taiwan from: 14 Sep 2022 01 to: 16 Sep 2022 01.",RED,China,2022-09-14 01:00:00+00:00,2022,2022-09-16 01:00:00+00:00,,31.23228,121.4692,1694317999111,port438; port824; port1188; port1390; port1427; port1429,6,0.0,e8ad23d722674521baae5de97cc97f61,217355300848.26956,3579326.493505684,0.0,0.0,Colon,Panama,PAN,North America,9.373324629,-79.87879174,1035,802,8,35,0,190,4.71,3.28,0,2,0,1,0,0,0,6.943122422819428,6.688354713946762,5.25227342804663,2.1972245773362196,3.995,2.0,2022,9,22184.30336574266
1000999,port2181,TC,SAOLA-23,Tropical Cyclone SAOLA-23,"Red Tropical Cyclone SAOLA-23 in China, Philippines from: 23 Aug 2023  to: 03 Sep 2023 .",RED,Hong Kong Special Administrative Region; China; Macao Special Administrative Region,2023-08-23 18:00:00+00:00,2023,2023-09-03 12:00:00+00:00,Tropical Depression (maximum wind speed of 250 km/h),20.7,109.0,1698455547761,port423; port425; port436; port484; port1189; port1196; port1414; port474; port674,9,0.0,1da448d78c3c4c11bc85b5c96692e090,453017205092.41016,4360517.904701316,250.0,0.0,Saiki,Japan,JPN,Asia & Pacific,32.9813660016647,131.905714426269,512,0,177,244,2,89,0.13,0.07,0,2,1,0,0,0,0,6.240275845170769,0.0,4.499809670330265,5.181783550292085,0.1,10.75,2023,8,2531.2510256344535
1357560,port2361,EQ,Earthquake in Türkiye,Earthquake in Türkiye,Red M 7.5 Earthquake in Türkiye at: 06 Feb 2023 10:24:49.,RED,Türkiye,2023-02-06 10:24:49+00:00,2023,2023-02-06 10:24:49+00:00,"Magnitude 7.5M, Depth:10km",38.0235,37.203,1694318563269,,0,0.0,,50911375887.10156,799954.1583432151,0.0,7.5,Juruti,Brazil,BRA,South America,-2.1663238158967024,-56.10779599769451,122,0,122,0,0,0,0.0,0.41,0,2,0,0,1,0,0,4.812184355372417,0.0,0.0,4.812184355372417,0.205,0.0,2023,2,11270.56498423394
1102000,port1254,FL,"Flood in Bangladesh, India, Myanmar","Flood in Bangladesh, India, Myanmar","Red Flood in Bangladesh, India, Myanmar from: 13 May 2023 01 to: 15 May 2023 01.",RED,"Bangladesh, India, Myanmar",2023-05-13 01:00:00+00:00,2023,2023-05-15 01:00:00+00:00,,20.15,92.9,1694319048832,,0,0.0,,15587277903.34961,1939484.122259192,0.0,0.0,Takamatsu,Japan,JPN,Asia & Pacific,34.35580893,134.0681264,635,185,14,220,0,216,0.05,0.03,0,2,0,1,0,0,0,6.455198563340122,5.225746673713202,5.37989735354046,2.70805020110221,0.04,2.0,2023,5,4088.770506162989
1000743,port90,TC,IOTA-20,Tropical Cyclone IOTA-20,"Red Tropical Cyclone IOTA-20 in Honduras, Nicaragua from: 13 Nov 2020  to: 18 Nov 2020 .",RED,Nicaragua,2020-11-13 15:00:00+00:00,2020,2020-11-18 15:00:00+00:00,Tropical Depression (maximum wind speed of 259 km/h),13.8,-89.5,1694315019504,port1030,1,0.0,33119f1ca522447f8f206d2496ad2eed,226711652592.06543,2524213.9943061066,259.0,0.0,Bahia Quintero (Ventanas),Chile,CHL,South America,-32.76696313,-71.48395104,712,0,134,20,0,558,16.63,6.74,0,2,1,0,0,0,0,6.569481420414296,0.0,6.326149473155099,4.90527477843843,11.684999999999999,5.0,2020,11,5435.5825799268605
1394961,port605,EQ,Earthquake in Afghanistan,Earthquake in Afghanistan,Red M 5.9 Earthquake in Afghanistan at: 07 Oct 2023 07:40:29.,RED,Afghanistan,2023-10-07 07:40:29+00:00,2023,2023-10-07 07:40:29+00:00,"Magnitude 5.9M, Depth:7.726km",34.6391,62.0327,1698455547761,,0,0.0,,46672663443.21484,765923.6129193567,0.0,5.9,Kudamatsu,Japan,JPN,Asia & Pacific,33.99810448,131.8683017,696,1,71,553,1,70,0.35,0.04,0,2,0,0,1,0,0,6.546785410760524,0.6931471805599453,4.2626798770413155,4.276666119016055,0.19499999999999998,0.0,2023,10,6427.030736625667
1502713,port418,EQ,Earthquake in Philippines,Earthquake in Philippines,Orange M 6.9 Earthquake in Philippines at: 30 Sep 2025 13:59:43.,ORANGE,Philippines,2025-09-30 13:59:43+00:00,2025,2025-09-30 13:59:43+00:00,"Magnitude 6.9M, Depth:10km",11.1514,124.1376,1759774595295,port2207; port224; port858,3,0.0,9626abce4e994e70ba102a35f9ffb1ce,32821300798.333984,642310.2440621144,0.0,6.9,Green Bay,United States,USA,North America,44.52266572,-88.02002332,87,6,70,3,0,8,0.04,0.02,0,1,0,0,1,0,0,4.477336814478207,1.9459101490553132,2.1972245773362196,4.2626798770413155,0.03,0.0,2025,9,17193.910931432296
1001199,port2034,TC,KAJIKI-25,Tropical Cyclone KAJIKI-25,"Red Tropical Cyclone KAJIKI-25 in China, Viet Nam, Laos from: 22 Aug 2025  to: 25 Aug 2025 .",RED,China; Vietnam,2025-08-22 12:00:00+00:00,2025,2025-08-25 12:00:00+00:00,Hurricane (maximum wind speed of 176 km/h),18.6,105.7,1759773926919,port819; port123; port2405,3,0.0,ac2ab6950be24be78651406ff4a48fd3,315832502165.2754,3249273.252154244,176.0,0.0,Yarimca,Türkiye,TUR,Europe,40.7608107893611,29.7488694654866,2786,1043,83,514,134,1012,6.99,4.35,0,2,1,0,0,0,0,7.932721027481948,6.950814768442584,6.920671504248683,4.430816798843313,5.67,3.0,2025,8,6843.072954799153
1100977,port1326,FL,Flood in India,Flood in India,Red Flood in India from: 24 Jul 2021 01 to: 01 Oct 2021 01.,RED,India,2021-07-24 01:00:00+00:00,2021,2021-10-01 01:00:00+00:00,,31.23957,77.7198,1694316685662,,0,0.0,,7009983312.982422,636443.8624266385,0.0,0.0,Tuapse,Russian Federation,RUS,Europe,44.09933265,39.08508651,1169,14,265,124,211,555,1.0,3.7,0,2,0,1,0,0,0,7.064759027791802,2.70805020110221,6.320768294250582,5.583496308781699,2.35,69.0,2021,7,3394.411779507659
1001111,port930,TC,MILTON-24,Tropical Cyclone MILTON-24,"Red Tropical Cyclone MILTON-24 in Mexico, United States from: 05 Oct 2024  to: 09 Oct 2024 .",RED,Mexico; United States,2024-10-05 15:00:00+00:00,2024,2024-10-09 09:00:00+00:00,Hurricane (maximum wind speed of 287 km/h),24.5,-85.4,1728469086877,port212; port876; port967; port1259; port1023,5,0.0,6c5f734acb3a49209d1efa314fad3b08,821112466236.6816,6859035.563660279,287.0,0.0,Port Alma,Australia,AUS,Asia & Pacific,-23.58481222,150.8601122,64,1,9,43,0,11,0.05,0.0,0,2,1,0,0,0,0,4.174387269895637,0.6931471805599453,2.4849066497880004,2.302585092994046,0.025,3.75,2024,10,24619.79905306033
1000752,fso119,TC,YASA-20,Tropical Cyclone YASA-20,"Red Tropical Cyclone YASA-20 in Fiji, from: 12 Dec 2020  to: 20 Dec 2020 .",RED,Fiji,2020-12-12 12:00:00+00:00,2020,2020-12-20 00:00:00+00:00,Tropical Storm (maximum wind speed of 259 km/h),-23.3,-178.1,1694315138928,port636; port643; port687; port1240,4,0.0,b1fdccb4c2e54ca0b570e64a6114dbdd,690398598422.3789,5640670.516540977,259.0,0.0,Malaysia - Offshore Oil Terminal 5,Malaysia,MYS,Asia & Pacific,1.2525000000000004,103.55050000000006,993,380,19,4,1,589,1.67,1.98,0,2,1,0,0,0,0,6.901737206656574,5.942799375126701,6.380122536899765,2.995732273553991,1.825,7.5,2020,12,31374.327684096927
1012119,port30,WF,Forest fires in Chile,Forest fires in Chile,Red Forest fires in Chile from: 02 Feb 2023 to: 15 Feb 2023.,RED,Chile,2023-02-02 00:00:00+00:00,2023,2023-02-15 00:00:00+00:00,Red impact for forestfire in 40563 ha,-36.64925,-72.85635,1694318652805,,0,0.0,,631325497.7460938,239787.16918134663,0.0,0.0,Ålesund,Norway,NOR,Europe,62.4728339,6.154027256,929,288,5,380,53,203,2.21,0.38,0,2,0,0,0,0,0,6.835184586147301,5.666426688112432,5.318119993844216,1.791759469228055,1.295,13.0,2023,2,11725.413555765672
1000966,port660,TC,KEVIN-23,Tropical Cyclone KEVIN-23,Red Tropical Cyclone KEVIN-23 in Vanuatu from: 01 Mar 2023  to: 05 Mar 2023 .,RED,Vanuatu,2023-03-01 18:00:00+00:00,2023,2023-03-05 12:00:00+00:00,Tropical Storm (maximum wind speed of 250 km/h),-27.2,-174.5,1694318806140,port669; port980,2,0.0,7f9e5a20e835400cb291e476b12c6daa,1545193755526.627,9525874.305372307,250.0,0.0,Londonderry,United Kingdom,GBR,Europe,55.03992055,-7.253793152,302,21,26,174,1,80,0.6,0.08,0,2,1,0,0,0,0,5.713732805509369,3.091042453358316,4.394449154672439,3.295836866004329,0.33999999999999997,3.75,2023,3,14017.401338918406
1498339,port2133,EQ,Earthquake in Afghanistan,Earthquake in Afghanistan,Red M 6 Earthquake in Afghanistan at: 31 Aug 2025 19:17:34.,RED,Afghanistan,2025-08-31 19:17:34+00:00,2025,2025-08-31 19:17:34+00:00,"Magnitude 6M, Depth:8km",34.7061,70.7934,1759773980096,,0,0.0,,46748743487.2832,766552.3883370857,0.0,6.0,Sillamae,Estonia,EST,Europe,59.4226297894933,27.7338600315862,421,38,45,120,1,217,22.81,39.71,0,2,0,0,1,0,0,6.045005314036012,3.6635616461296463,5.384495062789089,3.828641396489095,31.259999999999998,0.0,2025,8,3665.877678846272
1000726,port712,TC,DELTA-20,Tropical Cyclone DELTA-20,"Red Tropical Cyclone DELTA-20 in United States, Mexico, Cuba, Cayman Islands from: 04 Oct 2020  to: 10 Oct 2020 .",RED,Mexico; United States,2020-10-04 21:00:00+00:00,2020,2020-10-10 15:00:00+00:00,Tropical Depression (maximum wind speed of 231 km/h),33.1,-90.8,1694314797231,port629; port933; port1144,3,0.0,54de45193f89417299ab745d2c59f315,486618277080.5869,5960717.91273668,231.0,0.0,Marseille,France,FRA,Europe,43.33147923,5.347777517,711,236,27,82,256,110,0.54,0.66,0,2,1,0,0,0,0,6.568077911411976,5.4680601411351315,4.709530201312334,3.332204510175204,0.6000000000000001,5.75,2020,10,7845.695038501943
1394958,port7,EQ,Earthquake in Afghanistan,Earthquake in Afghanistan,Red M 6.3 Earthquake in Afghanistan at: 07 Oct 2023 07:12:50.,RED,Afghanistan,2023-10-07 07:12:50+00:00,2023,2023-10-07 07:12:50+00:00,"Magnitude 6.3M, Depth:10km",34.5743,61.9037,1698455547761,,0,0.0,,46599035821.04883,765320.5976814575,0.0,6.3,Acapulco,Mexico,MEX,North America,16.84281811,-99.8724081,90,0,1,1,8,80,0.32,0.01,0,2,0,0,1,0,0,4.51085950651685,0.0,4.394449154672439,0.6931471805599453,0.165,0.0,2023,10,17299.173664009675
1000818,port1205,TC,IDA-21,Tropical Cyclone IDA-21,"Red Tropical Cyclone IDA-21 in United States, Cuba from: 26 Aug 2021  to: 30 Aug 2021 .",RED,United States,2021-08-26 15:00:00+00:00,2021,2021-08-30 21:00:00+00:00,Tropical Depression (maximum wind speed of 241 km/h),32.6,-90.3,1694316376901,port126; port352; port812; port1214,4,0.0,7d9d04c6c5ac4e3bbdf68a78a0966767,394139707419.0078,3782111.256095524,241.0,0.0,Skelleftehamn,Sweden,SWE,Europe,64.67469283,21.26605932,293,28,16,154,22,73,0.97,1.94,0,2,1,0,0,0,0,5.683579767338681,3.367295829986474,4.30406509320417,2.833213344056216,1.455,4.25,2021,8,6382.536463977869
1000559,fso95,TC,KENNETH-19,Tropical Cyclone KENNETH-19,"Red Tropical Cyclone KENNETH-19 in , Mozambique, Comoros from: 23 Apr 2019  to: 25 Apr 2019 .",RED,Mozambique; Comoros,2019-04-23 00:00:00+00:00,2019,2019-04-25 18:00:00+00:00,Hurricane/Typhoon > 74 mph (maximum wind speed of 231 km/h),-12.3,40.1,1694310802591,port896; port769,2,0.0,74c5908f37dd496caedc335fc2bcf6e1,226352974513.5713,2574508.3200122174,231.0,0.0,Indonesia - Offshore Oil Terminal 4,Indonesia,IDN,Asia & Pacific,-5.443,106.24499999999998,1,0,0,0,0,1,0.0,0.0,0,2,1,0,0,0,0,0.6931471805599453,0.0,0.6931471805599453,0.0,0.0,2.75,2019,4,7348.513306683107
1012873,port71,DR,India and Sri Lanka-2019,"Drought in India, Sri Lanka","Red Drought in India, Sri Lanka from: 21 Dec 2018  to: 26 Aug 2019 .",RED,India; Sri Lanka,2018-12-21 00:00:00+00:00,2018,2019-08-26 13:37:00+00:00,Severe impact for agricultural drought in 85408 km2,8.828,79.198,1694311782990,port1331; port1319,2,0.0,,88052703825.3999,2608863.2322916104,0.0,0.0,As Suways,Egypt,EGY,Africa,29.95100833,32.53063921,194,2,4,49,45,94,0.09,0.41,0,2,0,0,0,1,0,5.272999558563747,1.0986122886681098,4.553876891600541,1.6094379124341003,0.25,248.5673611111111,2018,12,5063.808951027578
1001233,port739,TC,KALMAEGI-25,Tropical Cyclone KALMAEGI-25,"Red Tropical Cyclone KALMAEGI-25 in Viet Nam, Cambodia, Philippines, Laos from: 01 Nov 2025  to: 06 Nov 2025 .",RED,Philippines; Vietnam,2025-11-01 06:00:00+00:00,2025,2025-11-06 12:00:00+00:00,Hurricane (maximum wind speed of 213 km/h),13.6,109.1,1762862933372,port2207; port2262; port1078; port224; port2395; port2055; port858,7,0.0,1734eb93b6ea40f4867229955debf2cf,592669057187.835,6596353.643767391,213.0,0.0,Milazzo,Italy,ITA,Europe,38.2063901,15.26293427,648,0,2,15,49,582,4.3,6.19,0,2,1,0,0,0,0,6.47543271670409,0.0,6.368187186350492,1.0986122886681098,5.245,5.25,2025,11,8628.404153033238
1461014,port362,EQ,Earthquake in China,Earthquake in China,Red M 7.1 Earthquake in China at: 07 Jan 2025 01:05:16.,RED,China,2025-01-07 01:05:16+00:00,2025,2025-01-07 01:05:16+00:00,"Magnitude 7.1M, Depth:10km",28.639,87.3608,1743233631549,,0,0.0,,41013872349.53711,717991.4094176202,0.0,7.1,Fujairah,United Arab Emirates,ARE,Asia & Pacific,25.20017278,56.35942059,3462,8,267,22,0,3165,17.66,19.23,0,2,0,0,1,0,0,8.149890544402423,2.1972245773362196,8.060224240440958,5.5909869805108565,18.445,0.0,2025,1,3136.954162409502
1000667,port1232,TC,AMPHAN-20,Tropical Cyclone AMPHAN-20,"Red Tropical Cyclone AMPHAN-20 in India, Bangladesh, Bhutan from: 16 May 2020  to: 20 May 2020 .",RED,India,2020-05-16 06:00:00+00:00,2020,2020-05-20 12:00:00+00:00,Hurricane/Typhoon > 74 mph (maximum wind speed of 269 km/h),22.2,88.3,1694314330037,port207; port290; port442; port883,4,0.0,4aa2d000ec6344bd8e3ff519e352cddc,486303246583.71,3835378.588229685,269.0,0.0,Subic Bay,Philippines,PHL,Asia & Pacific,14.80314981,120.2913574,868,316,77,177,30,268,6.43,1.1,0,2,1,0,0,0,0,6.767343125265392,5.75890177387728,5.594711379601839,4.356708826689592,3.7649999999999997,4.25,2020,5,3529.9920445893713
1001082,port672,TC,AMPIL-24,Tropical Cyclone AMPIL-24,Red Tropical Cyclone AMPIL-24 in Japan from: 12 Aug 2024  to: 18 Aug 2024 .,RED,Japan,2024-08-12 12:00:00+00:00,2024,2024-08-18 06:00:00+00:00,Hurricane (maximum wind speed of 213 km/h),40.5,155.3,1728469086877,,0,0.0,,1994170744804.414,10181379.277182342,213.0,0.0,Lumut,Malaysia,MYS,Asia & Pacific,4.227365727,100.6433762,669,0,415,131,1,122,10.55,5.46,0,2,1,0,0,0,0,6.507277712385012,0.0,4.812184355372417,6.030685260261263,8.005,5.75,2024,8,7267.591204731882
1357372,port584,EQ,Earthquake in Türkiye,Earthquake in Türkiye,Red M 7.8 Earthquake in Türkiye at: 06 Feb 2023 01:17:35.,RED,Türkiye,2023-02-06 01:17:35+00:00,2023,2023-02-06 01:17:35+00:00,"Magnitude 7.8M, Depth:17.925km",37.1736,37.032,1694318563269,port286; port503; port1313; port1406,4,0.0,aa65d7e49ec94b9da3fad7da752a4e1a,49758852592.89258,790857.7798878492,0.0,7.8,Kochi,Japan,JPN,Asia & Pacific,33.52614791,133.5700824,913,49,332,316,0,216,0.1,0.24,0,2,0,0,1,0,0,6.81783057145415,3.912023005428146,5.37989735354046,5.808142489980444,0.16999999999999998,0.0,2023,2,8942.16299578298
1012873,port803,DR,India and Sri Lanka-2019,"Drought in India, Sri Lanka","Red Drought in India, Sri Lanka from: 21 Dec 2018  to: 26 Aug 2019 .",RED,India; Sri Lanka,2018-12-21 00:00:00+00:00,2018,2019-08-26 13:37:00+00:00,Severe impact for agricultural drought in 85408 km2,8.828,79.198,1694311782990,port1331; port1319,2,0.0,,88052703825.3999,2608863.2322916104,0.0,0.0,Neiafu,Tonga,TON,Asia & Pacific,-18.65204266,-173.9849551,39,3,0,27,6,3,4.26,17.09,0,2,0,0,0,1,0,3.6888794541139363,1.3862943611198906,1.3862943611198906,0.0,10.675,248.5673611111111,2018,12,26801.417675167355
1000743,port1086,TC,IOTA-20,Tropical Cyclone IOTA-20,"Red Tropical Cyclone IOTA-20 in Honduras, Nicaragua from: 13 Nov 2020  to: 18 Nov 2020 .",RED,Nicaragua,2020-11-13 15:00:00+00:00,2020,2020-11-18 15:00:00+00:00,Tropical Depression (maximum wind speed of 259 km/h),13.8,-89.5,1694315019504,port1030,1,0.0,33119f1ca522447f8f206d2496ad2eed,226711652592.06543,2524213.9943061066,259.0,0.0,Yangon,Myanmar,MMR,Asia & Pacific,16.71604961,96.21277607,1498,533,214,249,10,492,81.22,100.0,0,2,1,0,0,0,0,7.312553498102598,6.280395838960195,6.20050917404269,5.3706380281276624,90.61,5.0,2020,11,19745.659120526012
10000002,port2379,OT,COLLAPSE FRANCIS SCOTT KEY BRIDGE,Baltimore: Collapse of Francis Scott Key Bridge,Collapse of the Francis Scott Key Bridge halted vessel traffic at the port of Baltimore,RED,United States,2024-03-26 00:00:00+00:00,2024,2024-06-12 04:00:00+00:00,,39.21934,-76.52521,1711737778359,port103,1,0.0,ce951f9474d843f48c48b47b21b7bab0,95440715.42578124,38765.194399173095,0.0,0.0,Dominion Cove Point,United States,USA,North America,38.39271789820683,-76.38902776776149,65,0,0,0,0,65,0.0,0.34,0,2,0,0,0,0,1,4.189654742026425,0.0,4.189654742026425,0.0,0.17,78.16666666666667,2024,3,92.51679510497507
1000966,port1343,TC,KEVIN-23,Tropical Cyclone KEVIN-23,Red Tropical Cyclone KEVIN-23 in Vanuatu from: 01 Mar 2023  to: 05 Mar 2023 .,RED,Vanuatu,2023-03-01 18:00:00+00:00,2023,2023-03-05 12:00:00+00:00,Tropical Storm (maximum wind speed of 250 km/h),-27.2,-174.5,1694318806140,port669; port980,2,0.0,7f9e5a20e835400cb291e476b12c6daa,1545193755526.627,9525874.305372307,250.0,0.0,Uno,Japan,JPN,Asia & Pacific,34.56607811,133.9734693,270,0,15,106,0,149,0.02,0.06,0,2,1,0,0,0,0,5.602118820879701,0.0,5.0106352940962555,2.772588722239781,0.04,3.75,2023,3,29017.72274280413
1100902,port2387,FL,"Flood in Bangladesh, India","Flood in Bangladesh, India","Red Flood in Bangladesh, India from: 24 May 2021 01 to: 31 May 2021 01.",RED,India,2021-05-24 01:00:00+00:00,2021,2021-05-31 01:00:00+00:00,,23.45598,85.25573,1694315699826,port207; port235; port290; port442; port534; port544; port883; port1331,8,0.0,0444d1d2ece246b8bf863f26ef9e0444,516672397465.7856,15044471.16740546,0.0,0.0,Rudong Jiangsu LNG Terminal,China,CHN,Asia & Pacific,32.52938810707759,121.41493623806116,229,0,5,5,0,219,0.03,0.0,0,2,0,1,0,0,0,5.438079308923196,0.0,5.393627546352362,1.791759469228055,0.015,7.0,2021,5,3530.6848855967996
1000972,port687,TC,MAWAR-23,Tropical Cyclone MAWAR-23,Red Tropical Cyclone MAWAR-23 in Guam from: 20 May 2023  to: 03 Jun 2023 .,RED,Guam; Northern Mariana Islands,2023-05-20 00:00:00+00:00,2023,2023-06-03 00:00:00+00:00,Tropical Storm (maximum wind speed of 296 km/h),30.7,138.1,1694319152977,port61; port1113,2,0.0,fe349de1f71843cca826c88a9a5396c0,1696969700479.611,9505783.434634589,296.0,0.0,Malau,Fiji,FJI,Asia & Pacific,-16.36408559,179.3629264,48,0,3,1,0,44,2.16,7.26,0,2,1,0,0,0,0,3.8918202981106265,0.0,3.8066624897703196,1.3862943611198906,4.71,14.0,2023,5,6826.731790514121
1347183,port470,EQ,Earthquake in Indonesia,Earthquake in Indonesia,Red M 5.6 Earthquake in Indonesia at: 21 Nov 2022 06:21:10.,RED,Indonesia,2022-11-21 06:21:10+00:00,2022,2022-11-21 06:21:10+00:00,"Magnitude 5.6M, Depth:10km",-6.8531,107.0946,1694318361325,port514; port894,2,0.0,87c03fd3cd7e4fbeb866673caea8815a,32048571438.088867,634691.4947898124,0.0,5.6,Hobro,Denmark,DNK,Europe,56.63960347,9.801145659,36,3,0,33,0,0,0.18,0.01,0,2,0,0,1,0,0,3.6109179126442243,1.3862943611198906,0.0,0.0,0.095,0.0,2022,11,9216.201814009713
1001211,port2210,TC,RAGASA-25,Tropical Cyclone RAGASA-25,"Red Tropical Cyclone RAGASA-25 in Philippines, China from: 18 Sep 2025  to: 24 Sep 2025 .",RED,China; Macao SAR; Hong Kong SAR,2025-09-18 12:00:00+00:00,2025,2025-09-24 12:00:00+00:00,Hurricane (maximum wind speed of 269 km/h),21.8,111.1,1759774040248,port2019; port436; port339; port2028; port136; port1071; port1414; port2112; port484; port1189; port1196; port2029; port2287; port424; port674; port474; port423; port2383; port1426; port2030,20,0.0,cb89aca0c9a640e9bba3c7816fa746f7,1213030474462.3828,6355005.7310532695,269.0,0.0,Balayan,Philippines,PHL,Asia & Pacific,13.9338211230468,120.747827620769,23,0,0,1,0,22,0.22,0.0,0,2,1,0,0,0,0,3.1780538303479458,0.0,3.1354942159291497,0.0,0.11,6.0,2025,9,1357.471726416114
1558059,port2391,EQ,Earthquake in Indonesia,Earthquake in Indonesia,Red M 7.7 Earthquake in Indonesia at: 14 Aug 2026 21:58:21.,RED,Indonesia,2026-08-14 21:58:21+00:00,2026,2026-08-14 21:58:21+00:00,"Magnitude 7.7M, Depth:10km",-8.3101,121.3517,1786788245013,port325,1,0.0,8412a4ae40104c35a27a1a8eded3a165,32266019709.819336,636841.1357321779,0.0,7.7,Tongyeong LNG Terminal,Korea,KOR,Asia & Pacific,34.94819664355178,128.43396537704476,96,6,5,4,0,81,0.49,0.05,0,2,0,0,1,0,0,4.574710978503383,1.9459101490553132,4.406719247264253,1.791759469228055,0.27,0.0,2026,8,4844.714088518505
1000023,port1116,VO,Eruption  Nyiragongo,Eruption  Nyiragongo,Red Eruption Nyiragongo in Democratic Republic of Congo at: 04 Jun 2021 00:00.,RED,Democratic Republic of Congo,2021-05-23 00:00:00+00:00,2021,2021-06-04 00:00:00+00:00,,-1.52,29.25,1694315728789,,0,0.0,,31610039747.029297,630337.8738847916,0.0,0.0,Rumoi,Japan,JPN,Asia & Pacific,43.95875013,141.6401697,212,0,39,46,0,127,0.06,0.01,0,2,0,0,0,0,0,5.3612921657094255,0.0,4.852030263919617,3.6888794541139363,0.034999999999999996,12.0,2021,5,10301.85102083876
1000752,fso95,TC,YASA-20,Tropical Cyclone YASA-20,"Red Tropical Cyclone YASA-20 in Fiji, from: 12 Dec 2020  to: 20 Dec 2020 .",RED,Fiji,2020-12-12 12:00:00+00:00,2020,2020-12-20 00:00:00+00:00,Tropical Storm (maximum wind speed of 259 km/h),-23.3,-178.1,1694315138928,port636; port643; port687; port1240,4,0.0,b1fdccb4c2e54ca0b570e64a6114dbdd,690398598422.3789,5640670.516540977,259.0,0.0,Indonesia - Offshore Oil Terminal 4,Indonesia,IDN,Asia & Pacific,-5.443,106.24499999999998,1,0,0,0,0,1,0.0,0.0,0,2,1,0,0,0,0,0.6931471805599453,0.0,0.6931471805599453,0.0,0.0,7.5,2020,12,31482.441481525744
1001002,port654,TC,HAIKUI-23,Tropical Cyclone HAIKUI-23,Red Tropical Cyclone HAIKUI-23 in China from: 28 Aug 2023  to: 04 Sep 2023 .,RED,China; Taiwan Province of China,2023-08-28 12:00:00+00:00,2023,2023-09-04 18:00:00+00:00,Tropical Depression (maximum wind speed of 194 km/h),23.7,117.3,1698455547761,port1192; port1404; port541; port681,4,0.0,83cbe0ec2d85422ab03cbb25f151b70d,485380883238.77344,5280102.282037299,194.0,0.0,Liverpool,United Kingdom,GBR,Europe,53.42928626,-3.009155853,2257,726,210,424,238,659,10.19,2.99,0,2,1,0,0,0,0,7.722234744709607,6.588926477533519,6.492239835020471,5.351858133476067,6.59,7.25,2023,8,8613.864583324119
1548377,port1182,EQ,Earthquake in Venezuela,Earthquake in Venezuela,Red M 7.5 Earthquake in Venezuela at: 24 Jun 2026 22:05:12.,RED,Venezuela,2026-06-24 22:05:12+00:00,2026,2026-06-24 22:05:12+00:00,"Magnitude 7.5M, Depth:10km",10.453,-68.5139,1784045057281,port1029; port320; port2260; port618,4,0.0,076f32f7c4174f1da910d78fedce6623,32663314903.23291,640747.6201487333,0.0,7.5,Serangoon Harbor,Singapore,SGP,Asia & Pacific,1.358261773,104.0345309,3165,877,87,372,3,1826,1.72,1.19,0,2,0,0,1,0,0,8.060224240440958,6.777646593635117,7.510430556378006,4.477336814478207,1.455,0.0,2026,6,19174.088259981927
1502713,port2477,EQ,Earthquake in Philippines,Earthquake in Philippines,Orange M 6.9 Earthquake in Philippines at: 30 Sep 2025 13:59:43.,ORANGE,Philippines,2025-09-30 13:59:43+00:00,2025,2025-09-30 13:59:43+00:00,"Magnitude 6.9M, Depth:10km",11.1514,124.1376,1759774595295,port2207; port224; port858,3,0.0,9626abce4e994e70ba102a35f9ffb1ce,32821300798.333984,642310.2440621144,0.0,6.9,Abadan,Iran,IRN,Asia & Pacific,30.332150759313546,48.27775739385089,0,0,0,0,0,0,0.0,0.0,0,1,0,0,1,0,0,0.0,0.0,0.0,0.0,0.0,0.0,2025,9,7573.219051464082
1100113,port753,FL,Flood in China,Flood in China,Red Flood in China from: 31 Jul 2019 00 to: 20 Aug 2019 00.,RED,China,2019-07-31 00:00:00+00:00,2019,2019-08-20 00:00:00+00:00,,30.6692,104.1219,1694311749132,,0,0.0,,5605930223.777344,475239.8567653723,0.0,0.0,Mo i Rana,Norway,NOR,Europe,66.3086432,14.13848724,670,95,51,519,2,3,2.68,1.35,0,2,0,1,0,0,0,6.508769136971682,4.564348191467836,1.3862943611198906,3.9512437185814275,2.015,20.0,2019,7,5635.3038573867725
1001090,port2303,TC,YAGI-24,Tropical Cyclone YAGI-24,"Red Tropical Cyclone YAGI-24 in China, Viet Nam, Philippines from: 01 Sep 2024  to: 07 Sep 2024 .",RED,Vietnam; China,2024-09-01 12:00:00+00:00,2024,2024-09-07 06:00:00+00:00,Hurricane (maximum wind speed of 241 km/h),21.0,106.9,1728469086877,port123; port136; port242; port339; port424; port437; port1071; port1196; port1409; port1426; port434; port473,12,0.0,0387d1f7d4ae4eb2a872db5de07e9c78,638269632730.5098,4139701.742897033,241.0,0.0,Imari,Japan,JPN,Asia & Pacific,33.32268165897947,129.83628648393872,963,182,125,336,24,296,0.26,0.18,0,2,1,0,0,0,0,6.871091294610546,5.209486152841421,5.6937321388027,4.836281906951478,0.22,5.75,2024,9,2529.140247767672
1000666,port662,TC,VONGFONG-20,Tropical Cyclone VONGFONG-20,Red Tropical Cyclone VONGFONG-20 in Philippines from: 11 May 2020  to: 16 May 2020 .,RED,Philippines,2020-05-11 18:00:00+00:00,2020,2020-05-16 06:00:00+00:00,Tropical Depression (maximum wind speed of 194 km/h),19.3,120.5,1694314305944,,0,0.0,,128064151889.94922,2559326.3640265325,194.0,0.0,Longyan Port,China,CHN,Asia & Pacific,37.40722471,122.6554029,134,29,66,25,4,10,0.0,0.01,0,2,1,0,0,0,0,4.90527477843843,3.4011973816621555,2.3978952727983707,4.204692619390966,0.005,4.5,2020,5,2018.8667562637495
1000999,port2274,TC,SAOLA-23,Tropical Cyclone SAOLA-23,"Red Tropical Cyclone SAOLA-23 in China, Philippines from: 23 Aug 2023  to: 03 Sep 2023 .",RED,Hong Kong Special Administrative Region; China; Macao Special Administrative Region,2023-08-23 18:00:00+00:00,2023,2023-09-03 12:00:00+00:00,Tropical Depression (maximum wind speed of 250 km/h),20.7,109.0,1698455547761,port423; port425; port436; port484; port1189; port1196; port1414; port474; port674,9,0.0,1da448d78c3c4c11bc85b5c96692e090,453017205092.41016,4360517.904701316,250.0,0.0,Madero,Mexico,MEX,North America,14.700005809133987,-92.40776173180058,41,29,10,1,0,1,0.09,0.16,0,2,1,0,0,0,0,3.7376696182833684,3.4011973816621555,0.6931471805599453,2.3978952727983707,0.125,10.75,2023,8,21634.743717970432
1000624,port1126,TC,MATMO-19/BULBUL-19,Tropical Cyclone MATMO-19/BULBUL-19,"Red Tropical Cyclone MATMO-19/BULBUL-19 in Bangladesh, India, Myanmar, Thailand, Cambodia, Laos, Viet Nam from: 29 Oct 2019  to: 10 Nov 2019 .",RED,Bangladesh; Vietnam; India,2019-10-29 18:00:00+00:00,2019,2019-11-10 12:00:00+00:00,Tropical Storm (maximum wind speed of 157 km/h),23.0,90.8,1694312137296,port290; port442; port883; port1078; port759; port890,6,0.0,b846804ea419470084333b3317290139,317900413479.5791,3432525.078379262,157.0,0.0,Saipan,Northern Mariana Islands,MNP,Asia & Pacific,15.22514305,145.7349106,163,75,6,48,9,25,90.82,95.36,0,2,1,0,0,0,0,5.099866427824199,4.330733340286331,3.258096538021482,1.9459101490553132,93.09,11.75,2019,10,5946.706230055724
1100932,port14,FL,Flood in China,Flood in China,Red Flood in China from: 20 Jun 2021 01 to: 30 Jul 2021 01.,RED,China,2021-06-20 01:00:00+00:00,2021,2021-07-30 01:00:00+00:00,,37.87001,112.5453,1694316074584,,0,0.0,,11130690490.484377,762082.4459309455,0.0,0.0,Akita,Japan,JPN,Asia & Pacific,39.75669293,140.0561992,1068,151,173,237,0,507,0.24,0.13,0,2,0,1,0,0,0,6.974478911025045,5.0238805208462765,6.230481447578482,5.159055299214529,0.185,40.0,2021,6,2356.91417625994
1000970,port1083,TC,MOCHA-23,Tropical Cyclone MOCHA-23,Red Tropical Cyclone MOCHA-23 in Myanmar from: 11 May 2023  to: 14 May 2023 .,RED,Myanmar,2023-05-11 00:00:00+00:00,2023,2023-05-14 12:00:00+00:00,Hurricane/Typhoon > 74 mph (maximum wind speed of 259 km/h),20.8,93.1,1694319041758,port961,1,0.0,14fa1161bedc426888263e54f9c2e255,477790409195.9639,4284932.731565202,259.0,0.0,Vado Ligure,Italy,ITA,Europe,44.27052527,8.437281339,429,225,0,20,2,182,3.11,0.86,0,2,1,0,0,0,0,6.063785208687608,5.420534999272286,5.209486152841421,0.0,1.9849999999999999,3.5,2023,5,7215.855409458184
1001028,port1051,TC,OTIS-23,Tropical Cyclone OTIS-23,Red Tropical Cyclone OTIS-23 in Mexico from: 22 Oct 2023  to: 25 Oct 2023 .,RED,Mexico,2023-10-22 15:00:00+00:00,2023,2023-10-25 21:00:00+00:00,Tropical Depression (maximum wind speed of 259 km/h),19.1,-100.8,1698455547761,port7,1,0.0,b2af87430d8340f29465e5075633c14a,83209950822.40918,1505916.18134488,259.0,0.0,Puerto Miranda,Venezuela,VEN,South America,10.76438625,-71.53725434,27,1,0,0,0,26,0.58,1.72,0,2,1,0,0,0,0,3.332204510175204,0.6931471805599453,3.295836866004329,0.0,1.15,3.25,2023,10,3322.4432086107854
1001154,port138,TC,JUDE-25,Tropical Cyclone JUDE-25,"Red Tropical Cyclone JUDE-25 in Mozambique, Madagascar from: 08 Mar 2025  to: 16 Mar 2025 .",RED,Madagascar; Mozambique,2025-03-08 18:00:00+00:00,2025,2025-03-16 00:00:00+00:00,Hurricane (maximum wind speed of 148 km/h),-26.04,51.93,1743233631549,port1307; port784; port340,3,0.0,741cbca36fb74752a8b9624f447fe27b,892986210001.831,7536661.496264165,148.0,0.0,Bejaia,Algeria,DZA,Africa,36.74560772,5.082295103,567,132,163,165,1,106,18.56,2.04,0,2,1,0,0,0,0,6.342121418721152,4.890349128221754,4.672828834461906,5.099866427824199,10.299999999999999,7.25,2025,3,8119.8703085161005
1001199,port19,TC,KAJIKI-25,Tropical Cyclone KAJIKI-25,"Red Tropical Cyclone KAJIKI-25 in China, Viet Nam, Laos from: 22 Aug 2025  to: 25 Aug 2025 .",RED,China; Vietnam,2025-08-22 12:00:00+00:00,2025,2025-08-25 12:00:00+00:00,Hurricane (maximum wind speed of 176 km/h),18.6,105.7,1759773926919,port819; port123; port2405,3,0.0,ac2ab6950be24be78651406ff4a48fd3,315832502165.2754,3249273.252154244,176.0,0.0,Aqaba,Jordan,JOR,Asia & Pacific,29.45171189,34.95864074,952,279,299,163,96,115,100.0,100.0,0,2,1,0,0,0,0,6.859614903654202,5.634789603169249,4.7535901911063645,5.703782474656201,100.0,3.0,2025,8,6942.83105820932
10000003,port630,OT,US PORTS STRIKE,US Ports Strike,"Labor strike affecting many ports across the US East and Gulf Coasts, as well as the Port of Montreal in Canada",RED,,2024-10-01 00:00:00+00:00,2024,2024-10-02 22:00:00+00:00,,29.77081,-95.35517,1727962353164,port812; port815; port826; port103; port901; port159; port513; port736; port754; port1170; port1259; port1398; port231; port481; port766; port2066; port951,17,0.0,9e9f1ca4abad4948af5caed716c137f3,2173469.48828125,6906.2243711354695,0.0,0.0,Lakselv,Norway,NOR,Europe,67.36277744,15.5868724,189,58,2,129,0,0,1.13,0.05,0,2,0,0,0,0,1,5.247024072160486,4.07753744390572,0.0,1.0986122886681098,0.59,1.9166666666666667,2024,10,6314.8510839257715
1000866,port285,TC,EMNATI-22,Tropical Cyclone EMNATI-22,Red Tropical Cyclone EMNATI-22 in Madagascar from: 16 Feb 2022  to: 24 Feb 2022 .,RED,Madagascar,2022-02-16 18:00:00+00:00,2022,2022-02-24 18:00:00+00:00,Tropical Storm (maximum wind speed of 204 km/h),-28.7,41.8,1694317200080,port340; port1301; port1307,3,0.0,4712455782b24b729ffa2d23c4fb9f61,915533029862.0216,6324014.687704501,204.0,0.0,Delfzijl,The Netherlands,NLD,Europe,53.31497835,6.964153498,733,31,47,268,0,387,0.17,0.66,0,2,1,0,0,0,0,6.598509028614515,3.4657359027997265,5.961005339623274,3.871201010907891,0.41500000000000004,8.0,2022,2,9392.183641996948
1001072,port94,TC,GAEMI-24,Tropical Cyclone GAEMI-24,"Red Tropical Cyclone GAEMI-24 in Japan, Taiwan, China, Philippines from: 19 Jul 2024  to: 25 Jul 2024 .",RED,China; Taiwan Province of China,2024-07-19 18:00:00+00:00,2024,2024-07-25 12:00:00+00:00,Hurricane (maximum wind speed of 231 km/h),25.6,119.4,1727766190151,port370; port1074; port1192; port1403; port1405; port238; port482; port541; port681; port1252; port1261,11,0.0,3093e1e250d5474291d7b7ef8a88fd0a,742777302162.9844,3740151.920270975,231.0,0.0,Baie De Kouaoua,New Caledonia,NCL,Asia & Pacific,-21.4003154,165.8330009,12,0,12,0,0,0,0.0,6.75,0,2,1,0,0,0,0,2.5649493574615367,0.0,0.0,2.5649493574615367,3.375,5.75,2024,7,7088.37588209806
1406601,port2098,EQ,Earthquake in China,Earthquake in China,Red M 6 Earthquake in China at: 18 Dec 2023 15:59:30.,RED,China,2023-12-18 15:59:30+00:00,2023,2023-12-18 15:59:30+00:00,"Magnitude 6M, Depth:10km",35.7339,102.8364,1702917683204,,0,0.0,,47945694506.078125,776304.0424805713,0.0,6.0,Guamare,Brazil,BRA,South America,-5.10520576884598,-36.3162482112367,0,0,0,0,0,0,0.0,0.0,0,2,0,0,1,0,0,0.0,0.0,0.0,0.0,0.0,0.0,2023,12,16038.622924444435
1001131,port2086,TC,CHIDO-25,Tropical Cyclone CHIDO-25,"Red Tropical Cyclone CHIDO-25 in Mozambique, Miscellaneous (French) Indian Ocean Islands, Madagascar, Comoros, Mayotte from: 09 Dec 2024  to: 16 Dec 2024 .",RED,Mozambique; Mayotte,2024-12-09 18:00:00+00:00,2024,2024-12-16 12:00:00+00:00,Hurricane (maximum wind speed of 243 km/h),-16.55,33.77,1743233631549,port982; port896,2,0.0,0461e32d3a3a496db34c0fcb4f802442,340251863450.24414,5630351.734478647,243.0,0.0,Cherbourg,France,FRA,Europe,49.655379095774,-1.61847914589287,134,3,2,55,30,44,0.05,0.04,0,2,1,0,0,0,0,4.90527477843843,1.3862943611198906,3.8066624897703196,1.0986122886681098,0.045,6.75,2024,12,7776.35341947318
1100932,port2135,FL,Flood in China,Flood in China,Red Flood in China from: 20 Jun 2021 01 to: 30 Jul 2021 01.,RED,China,2021-06-20 01:00:00+00:00,2021,2021-07-30 01:00:00+00:00,,37.87001,112.5453,1694316074584,,0,0.0,,11130690490.484377,762082.4459309455,0.0,0.0,Fuglafjordur,Faroe Islands,FRO,Europe,62.2306455903381,-6.79519354623625,126,9,0,100,0,17,82.68,49.26,0,2,0,1,0,0,0,4.844187086458591,2.302585092994046,2.8903717578961645,0.0,65.97,40.0,2021,6,6738.221861921153
1001151,port478,TC,GARANCE-25,Tropical Cyclone GARANCE-25,Red Tropical Cyclone GARANCE-25 in La Reunion from: 25 Feb 2025  to: 02 Mar 2025 .,RED,Réunion,2025-02-25 00:00:00+00:00,2025,2025-03-02 00:00:00+00:00,Hurricane (maximum wind speed of 201 km/h),-32.41,56.82,1743233631549,port950,1,0.0,bc0945c0bec84ace9d88e4b1d78d3382,567161975542.9766,7632557.145636045,201.0,0.0,Horta,Portugal,PRT,Europe,38.53302196,-28.6215437,132,36,0,50,0,46,0.11,0.03,0,2,1,0,0,0,0,4.890349128221754,3.6109179126442243,3.8501476017100584,0.0,0.07,5.0,2025,2,10818.965185967993
1000636,fso35,TC,KAMMURI-19,Tropical Cyclone KAMMURI-19,"Red Tropical Cyclone KAMMURI-19 in Philippines, Guam, Northern Mariana Islands from: 25 Nov 2019  to: 05 Dec 2019 .",RED,Philippines,2019-11-25 18:00:00+00:00,2019,2019-12-05 18:00:00+00:00,Tropical Depression (maximum wind speed of 213 km/h),12.2,113.5,1694312298029,port125; port694; port858; port1232,4,0.0,f189276a7e174aa88ce4270ecf7ee158,1310887873701.8965,7478805.052493515,213.0,0.0,Brazil - Offshore Oil Terminal 41,Brazil,BRA,South America,-22.344,-40.195,23,0,0,0,0,23,0.0,0.15,0,2,1,0,0,0,0,3.1780538303479458,0.0,3.1780538303479458,0.0,0.075,10.0,2019,11,16238.435507422553
1000666,port1057,TC,VONGFONG-20,Tropical Cyclone VONGFONG-20,Red Tropical Cyclone VONGFONG-20 in Philippines from: 11 May 2020  to: 16 May 2020 .,RED,Philippines,2020-05-11 18:00:00+00:00,2020,2020-05-16 06:00:00+00:00,Tropical Depression (maximum wind speed of 194 km/h),19.3,120.5,1694314305944,,0,0.0,,128064151889.94922,2559326.3640265325,194.0,0.0,Puerto Quetzal,Guatemala,GTM,North America,13.92640929,-90.79003767,1275,562,325,52,79,257,82.03,40.81,0,2,1,0,0,0,0,7.151485463904735,6.333279628139691,5.552959584921617,5.786897381366708,61.42,4.5,2020,5,22771.615935199046
1000747,port510,TC,NIVAR-20,Tropical Cyclone NIVAR-20,Red Tropical Cyclone NIVAR-20 in India from: 23 Nov 2020  to: 26 Nov 2020 .,RED,India,2020-11-23 12:00:00+00:00,2020,2020-11-26 00:00:00+00:00,Tropical Storm (maximum wind speed of 130 km/h),12.3,79.4,1694315050062,,0,0.0,,79756408901.51855,1566642.152423985,130.0,0.0,Izmir,Türkiye,TUR,Europe,38.4431577,27.15610909,1434,531,98,651,79,75,1.06,1.11,0,2,1,0,0,0,0,7.268920128193722,6.2766434893416445,4.330733340286331,4.59511985013459,1.085,2.5,2020,11,5389.856428594602
1001118,port51,TC,KONG-REY-24,Tropical Cyclone KONG-REY-24,"Red Tropical Cyclone KONG-REY-24 in Philippines, Taiwan, China, Japan from: 25 Oct 2024  to: 01 Nov 2024 .",RED,Taiwan Province of China; China,2024-10-25 00:00:00+00:00,2024,2024-11-01 18:00:00+00:00,Hurricane (maximum wind speed of 241 km/h),32.2,126.1,1743233631549,port238; port824; port681; port2230; port1390; port2229; port541; port1074; port438; port482; port1405; port1261; port1192; port370; port1252; port1404; port1403,17,0.0,8a0fa020db1c41418971e9ad621376c5,1161912189137.1094,5519864.053116027,241.0,0.0,Caucedo,Dominican Republic,DOM,North America,18.41885296,-69.63329978,1059,937,11,76,1,34,30.38,45.61,0,2,1,0,0,0,0,6.966024187106113,6.843749949006225,3.5553480614894135,2.4849066497880004,37.995,7.75,2024,10,20670.079936939288
1000000,port2055,OT,RED SEA TENSIONS,Trade Disruptions in the Red Sea,Trade disruptions in the Red Sea (near Bab el-Mandeb Strait) due to attacks on commercial ships,RED,,2023-12-16 00:00:00+00:00,2023,2023-12-16 00:00:00+00:00,,20.31573,38.73504,1708595379825,chokepoint4; chokepoint1; chokepoint7,3,0.0,573013af3b6545deaeb50ed1cbaf9444,508756310979.897,4678015.079434657,0.0,0.0,Iloilo,Philippines,PHL,Asia & Pacific,10.7085785079489,122.59006959958,426,56,78,170,6,116,1.98,1.44,0,2,0,0,0,0,1,6.056784013228625,4.04305126783455,4.762173934797756,4.3694478524670215,1.71,0.0,2023,12,9207.771366634912
1013088,port384,DR,Central India-2019,Drought in India,Red Drought in India from: 21 Feb 2019  to: 02 Jul 2019 .,RED,India,2019-02-21 00:00:00+00:00,2019,2019-07-02 09:17:00+00:00,Severe impact for agricultural drought in 139078 km2,19.833,76.244,1694311389075,port776,1,0.0,,158054648311.6328,2820951.373598021,0.0,0.0,Gela,Italy,ITA,Europe,37.05185811,14.28098405,116,0,0,0,0,116,0.18,0.23,0,2,0,0,0,1,0,4.762173934797756,0.0,4.762173934797756,0.0,0.20500000000000002,131.38680555555555,2019,2,5812.414721191674
1001117,port985,TC,DANA-24,Tropical Cyclone DANA-24,Red Tropical Cyclone DANA-24 in India from: 23 Oct 2024  to: 25 Oct 2024 .,RED,India,2024-10-23 06:00:00+00:00,2024,2024-10-25 00:00:00+00:00,Hurricane (maximum wind speed of 120 km/h),20.8,86.9,1743233631549,port883; port290,2,0.0,61640e351cc846aea17d94a763b36ba5,141183293249.01953,1513492.9164785235,120.0,0.0,Le Havre,France,FRA,Europe,49.47206132,0.209381547,3720,1751,17,222,304,1426,30.3,36.99,0,2,1,0,0,0,0,8.221747728346623,7.468513271496337,7.2633296174768365,2.8903717578961645,33.645,1.75,2024,10,7016.3199515559345
1000636,port2492,TC,KAMMURI-19,Tropical Cyclone KAMMURI-19,"Red Tropical Cyclone KAMMURI-19 in Philippines, Guam, Northern Mariana Islands from: 25 Nov 2019  to: 05 Dec 2019 .",RED,Philippines,2019-11-25 18:00:00+00:00,2019,2019-12-05 18:00:00+00:00,Tropical Depression (maximum wind speed of 213 km/h),12.2,113.5,1694312298029,port125; port694; port858; port1232,4,0.0,f189276a7e174aa88ce4270ecf7ee158,1310887873701.8965,7478805.052493515,213.0,0.0,Lysekil LNG Terminal,Sweden,SWE,Europe,58.27160800025906,11.450667689570995,0,0,0,0,0,0,0.0,0.0,0,2,1,0,0,0,0,0.0,0.0,0.0,0.0,0.0,10.0,2019,11,7851.039672551476
1000782,port563,TC,TAUKTAE-21,Tropical Cyclone TAUKTAE-21,"Red Tropical Cyclone TAUKTAE-21 in India, Pakistan from: 14 May 2021  to: 17 May 2021 .",RED,India,2021-05-14 06:00:00+00:00,2021,2021-05-17 18:00:00+00:00,Hurricane/Typhoon > 74 mph (maximum wind speed of 222 km/h),20.8,71.3,1694315560326,port271; port511; port679; port709; port776; port907,6,0.0,6af995e3acac4015bd1fbaa90a2a3d6a,392042114876.2236,3515692.1056812145,222.0,0.0,Khorramshahr,Iran,IRN,Asia & Pacific,30.44360334,48.15439964,154,21,5,128,0,0,0.16,0.03,0,2,1,0,0,0,0,5.043425116919247,3.091042453358316,0.0,1.791759469228055,0.095,3.5,2021,5,2460.047142649658
1001230,port1412,TC,MELISSA-25,Tropical Cyclone MELISSA-25,"Red Tropical Cyclone MELISSA-25 in Jamaica, Cuba, Bahamas, Bermuda, Haiti, Canada from: 21 Oct 2025  to: 31 Oct 2025 .",RED,Jamaica; Cuba; The Bahamas; Canada,2025-10-21 15:00:00+00:00,2025,2025-10-31 15:00:00+00:00,Hurricane (maximum wind speed of 296 km/h),39.0,-60.5,1762326758953,port1220; port256; port1102; port835; port2172; port336; port388; port2332; port66; port949; port2330; port1156; port840; port223; port763; port2105; port572,17,0.0,e34846541688462e8808638878306dba,4640098699038.423,18023634.967691384,296.0,0.0,Yawatahama,Japan,JPN,Asia & Pacific,33.45700083,132.4170745,101,0,36,7,0,58,0.01,0.02,0,2,1,0,0,0,0,4.624972813284271,0.0,4.07753744390572,3.6109179126442243,0.015,10.0,2025,10,17876.116768607688
1001002,port2494,TC,HAIKUI-23,Tropical Cyclone HAIKUI-23,Red Tropical Cyclone HAIKUI-23 in China from: 28 Aug 2023  to: 04 Sep 2023 .,RED,China; Taiwan Province of China,2023-08-28 12:00:00+00:00,2023,2023-09-04 18:00:00+00:00,Tropical Depression (maximum wind speed of 194 km/h),23.7,117.3,1698455547761,port1192; port1404; port541; port681,4,0.0,83cbe0ec2d85422ab03cbb25f151b70d,485380883238.77344,5280102.282037299,194.0,0.0,Mosjoen LNG Terminal,Norway,NOR,Europe,65.85022880636055,13.182495233285852,0,0,0,0,0,0,0.0,0.0,0,2,1,0,0,0,0,0.0,0.0,0.0,0.0,0.0,7.25,2023,8,6651.796738030933
1001019,port1060,TC,LIDIA-23,Tropical Cyclone LIDIA-23,Red Tropical Cyclone LIDIA-23 in Mexico from: 03 Oct 2023  to: 11 Oct 2023 .,RED,Mexico,2023-10-03 09:00:00+00:00,2023,2023-10-11 09:00:00+00:00,Tropical Depression (maximum wind speed of 204 km/h),22.5,-102.5,1698455547761,,0,0.0,,304475858795.72656,4028901.5706235417,204.0,0.0,Puerto Yabucoa,Puerto Rico,PRI,North America,18.04780668,-65.84150836,46,0,0,0,0,46,9.8,0.0,0,2,1,0,0,0,0,3.8501476017100584,0.0,3.8501476017100584,0.0,4.9,8.0,2023,10,3900.3217609803582
1327560,port827,EQ,Earthquake in Afghanistan,Earthquake in Afghanistan,Red M 5.9 Earthquake in Afghanistan at: 21 Jun 2022 20:54:36.,RED,Afghanistan,2022-06-21 20:54:36+00:00,2022,2022-06-21 20:54:36+00:00,"Magnitude 5.9M, Depth:10km",33.0924,69.5135,1694317525815,,0,0.0,,45009193544.7793,752151.8557061444,0.0,5.9,Norrköping,Sweden,SWE,Europe,58.61788863,16.22569715,881,239,16,366,35,225,3.24,2.47,0,2,0,0,1,0,0,6.782192056006791,5.480638923341991,5.420534999272286,2.833213344056216,2.8550000000000004,0.0,2022,6,4185.114834161019
1396085,fso50,EQ,Earthquake in Afghanistan,Earthquake in Afghanistan,Red M 6.3 Earthquake in Afghanistan at: 15 Oct 2023 03:36:00.,RED,Afghanistan,2023-10-15 03:36:00+00:00,2023,2023-10-15 03:36:00+00:00,"Magnitude 6.3M, Depth:6.323km",34.6094,62.1115,1698455547761,,0,0.0,,46636198964.79883,765628.5512611673,0.0,6.3,Guyana - Offshore Oil Terminal 3,Guyana,GUY,South America,8.01,-56.992,39,0,0,0,0,39,0.0,32.07,0,2,0,0,1,0,0,3.6888794541139363,0.0,3.6888794541139363,0.0,16.035,0.0,2023,10,13420.320052452345
1100185,fso15,FL,"Flood in British Virgin Islands, The Bahamas","Flood in British Virgin Islands, The Bahamas","Red Flood in British Virgin Islands, The Bahamas from: 28 Aug 2019 00 to: 28 Aug 2019 00.",RED,The Bahamas,2019-08-28 00:00:00+00:00,2019,2019-08-28 00:00:00+00:00,,26.70673,-78.87209,1694311792460,port251; port357; port388; port721; port798; port821,6,0.0,5b46b63747f248a6847ddcf455d8e50f,362766691516.7617,2700767.8928220104,0.0,0.0,Brazil - Offshore Oil Terminal 23,Brazil,BRA,South America,-22.495,-39.937,14,0,0,0,0,14,0.0,0.05,0,2,0,1,0,0,0,2.70805020110221,0.0,2.70805020110221,0.0,0.025,0.0,2019,8,6765.393589366046
1101664,port702,FL,"Flood in China, Taiwan","Flood in China, Taiwan","Red Flood in China, Taiwan from: 14 Sep 2022 01 to: 16 Sep 2022 01.",RED,China,2022-09-14 01:00:00+00:00,2022,2022-09-16 01:00:00+00:00,,31.23228,121.4692,1694317999111,port438; port824; port1188; port1390; port1427; port1429,6,0.0,e8ad23d722674521baae5de97cc97f61,217355300848.26956,3579326.493505684,0.0,0.0,Maputo,Mozambique,MOZ,Africa,-25.95563087,32.52103798,864,153,445,67,52,147,35.59,56.04,0,2,0,1,0,0,0,6.762729506931879,5.0369526024136295,4.997212273764115,6.100318952020064,45.815,2.0,2022,9,10913.4270036367
1000673,port952,TC,NISARGA-20,Tropical Cyclone NISARGA-20,Red Tropical Cyclone NISARGA-20 in India from: 02 Jun 2020  to: 03 Jun 2020 .,RED,India,2020-06-02 18:00:00+00:00,2020,2020-06-03 12:00:00+00:00,Hurricane/Typhoon > 74 mph (maximum wind speed of 139 km/h),19.1,73.7,1694314372002,port511; port776,2,0.0,91c5a35ee6804b94a39c91c93021bfe1,116925429196.29688,1668600.0514449673,139.0,0.0,Port Gentil,Gabon,GAB,Africa,-0.686920225,8.771981264,224,16,5,81,1,121,17.1,5.37,0,2,1,0,0,0,0,5.41610040220442,2.833213344056216,4.804021044733257,1.791759469228055,11.235000000000001,0.75,2020,6,7533.7556370637885
1000706,port211,TC,HAISHEN-20,Tropical Cyclone HAISHEN-20,"Red Tropical Cyclone HAISHEN-20 in Democratic Republic of Korea, Republic of Korea, Japan, China, from: 31 Aug 2020  to: 07 Sep 2020 .",RED,Japan; Korea,2020-08-31 12:00:00+00:00,2020,2020-09-07 12:00:00+00:00,Tropical Storm (maximum wind speed of 250 km/h),40.7,128.9,1694314690167,port439; port445; port471; port480; port528; port538; port545; port566; port605; port785; port846; port852; port1119; port1190; port1304; port1324; port1335; port1378; port1411; port270; port432; port494; port608; port715; port915; port1065; port1067; port1309; port1338,29,0.0,0ef4c5564b2a41169f223c0b1d019825,2187718787554.5327,8378337.002268916,250.0,0.0,Canaport (St. John),Canada,CAN,North America,45.21338638,-65.98533043,131,0,0,0,0,131,12.96,0.0,0,2,1,0,0,0,0,4.882801922586371,0.0,4.882801922586371,0.0,6.48,7.0,2020,8,15247.484673150426
1001101,port454,TC,HELENE-24,Tropical Cyclone HELENE-24,"Red Tropical Cyclone HELENE-24 in United States, Mexico, Belize from: 23 Sep 2024  to: 27 Sep 2024 .",RED,Mexico; United States,2024-09-23 15:00:00+00:00,2024,2024-09-27 21:00:00+00:00,Hurricane (maximum wind speed of 222 km/h),37.5,-85.5,1728469086877,port879; port1144,2,0.0,42ada76f830c4cb58821d311383c4da0,692109064449.9551,4910254.54021647,222.0,0.0,Harlingen,The Netherlands,NLD,Europe,53.1828773,5.428138301,248,24,1,197,0,26,0.01,0.15,0,2,1,0,0,0,0,5.517452896464707,3.2188758248682006,3.295836866004329,0.6931471805599453,0.08,4.25,2024,9,6293.902765525117
1101659,port783,FL,Flood in Nigeria,Flood in Nigeria,Red Flood in Nigeria from: 10 Sep 2022 01 to: 26 Oct 2022 01.,RED,Nigeria,2022-09-10 01:00:00+00:00,2022,2022-10-26 01:00:00+00:00,,4.762979,6.028898,1694318293002,port205; port587; port1165; port1383,4,0.0,9a4da61ebdd844f7a73d21254b8224ff,48581411140.71811,1903249.6982656445,0.0,0.0,Naantali,Finland,FIN,Europe,60.45473146,22.06271566,483,19,5,180,52,227,7.38,2.32,0,2,0,1,0,0,0,6.182084906716632,2.995732273553991,5.429345628954441,1.791759469228055,4.85,46.0,2022,9,6243.770511429246
1012728,port787,DR,Zambezi Basin-2018,"Drought in Angola, Botswana, Mozambique, Namibia, Zambia, Zimbabwe","Red Drought in Angola, Botswana, Mozambique, Namibia, Zambia, Zimbabwe from: 21 Oct 2018  to: 24 Mar 2020 .",RED,"Angola, Botswana, Mozambique, Namibia, Zambia, Zimbabwe",2018-10-21 00:00:00+00:00,2018,2020-03-24 16:37:00+00:00,Severe impact for agricultural drought in 150282 km2,-19.807,26.836,1694312724559,,0,0.0,,170694014586.54883,4273813.772842953,0.0,0.0,Nakhodka,Russian Federation,RUS,Europe,42.80369017,132.8873389,1986,50,552,598,14,772,3.12,3.93,0,2,0,0,0,1,0,7.594381242551817,3.9318256327243257,6.650279048587422,6.315358001522335,3.5250000000000004,520.6923611111112,2018,10,11085.696555972243
1298872,port921,EQ,Earthquake in Peru,Earthquake in Peru,Red M 7.5 Earthquake in Peru at: 28 Nov 2021 10:52:13.,RED,Peru,2021-11-28 10:52:13+00:00,2021,2021-11-28 10:52:13+00:00,"Magnitude 7.5M, Depth:112.48km",-4.4898,-76.8461,1694316841829,,0,0.0,,31788276666.928223,632103.6906136237,0.0,7.5,Pointe A Pierre,Trinidad and Tobago,TTO,North America,10.32409682,-61.45449435,573,0,14,77,0,482,44.55,14.03,0,2,0,0,1,0,0,6.352629396319567,0.0,6.180016653652572,2.70805020110221,29.29,0.0,2021,11,2351.377670115362
1001279,port2350,TC,BAVI-26,Tropical Cyclone BAVI-26,"Red Tropical Cyclone BAVI-26 in Guam, Northern Mariana Islands, Japan, Taiwan, China from: 01 Jul 2026  to: 11 Jul 2026 .",RED,Guam; Taiwan Province of China; Northern Mariana Islands; Japan; China,2026-07-01 00:00:00+00:00,2026,2026-07-11 18:00:00+00:00,Hurricane (maximum wind speed of 287 km/h),28.7,120.4,1784137096489,port2180; port2173; port1427; port2421; port482; port2424; port2177; port2415; port1300; port61; port2040; port2504; port2422; port824; port2230; port2413; port2505; port2021; port238; port370; port2414; port1429; port2304; port1390; port1113; port2502; port2027; port2423; port2111; port2491; port2497; port1126; port2426; port1261; port438; port1403; port2302,37,0.0,e1706849ab254c9f92db48f4761a8924,3004119385032.9414,12128199.78940675,287.0,0.0,Yihua,China,CHN,Asia & Pacific,32.254510556314095,119.12673198146332,626,9,47,21,1,548,0.16,0.01,0,2,1,0,0,0,0,6.440946540632921,2.302585092994046,6.3080984415095305,3.871201010907891,0.085,10.75,2026,7,412.257206521404
1000726,port1074,TC,DELTA-20,Tropical Cyclone DELTA-20,"Red Tropical Cyclone DELTA-20 in United States, Mexico, Cuba, Cayman Islands from: 04 Oct 2020  to: 10 Oct 2020 .",RED,Mexico; United States,2020-10-04 21:00:00+00:00,2020,2020-10-10 15:00:00+00:00,Tropical Depression (maximum wind speed of 231 km/h),33.1,-90.8,1694314797231,port629; port933; port1144,3,0.0,54de45193f89417299ab745d2c59f315,486618277080.5869,5960717.91273668,231.0,0.0,Quanzhou,China,CHN,Asia & Pacific,24.84610329,118.7030793,710,342,62,274,1,31,0.08,0.03,0,2,1,0,0,0,0,6.566672429803241,5.8377304471659395,3.4657359027997265,4.143134726391533,0.055,5.75,2020,10,21122.24516483769
1182839,port1090,EQ,Earthquake in China,Earthquake in China,Red M 5.8 Earthquake in China at: 17 Jun 2019 14:55:45.,RED,China,2019-06-17 14:55:45+00:00,2019,2019-06-17 14:55:45+00:00,"Magnitude 5.8M, Depth:10km",28.4088,104.9654,1694311265094,,0,0.0,,40835216658.06641,716423.2715291845,0.0,5.8,Ras Laffan,Qatar,QAT,Asia & Pacific,25.90850676,51.59049926,1790,8,80,63,5,1634,0.54,80.37,0,2,0,0,1,0,0,7.490529402060711,2.1972245773362196,7.399398083331354,4.394449154672439,40.455000000000005,0.0,2019,6,5336.370117894324
1000667,port466,TC,AMPHAN-20,Tropical Cyclone AMPHAN-20,"Red Tropical Cyclone AMPHAN-20 in India, Bangladesh, Bhutan from: 16 May 2020  to: 20 May 2020 .",RED,India,2020-05-16 06:00:00+00:00,2020,2020-05-20 12:00:00+00:00,Hurricane/Typhoon > 74 mph (maximum wind speed of 269 km/h),22.2,88.3,1694314330037,port207; port290; port442; port883,4,0.0,4aa2d000ec6344bd8e3ff519e352cddc,486303246583.71,3835378.588229685,269.0,0.0,Hiroshima,Japan,JPN,Asia & Pacific,34.34744658,132.4557751,3497,792,513,1133,606,453,0.17,0.21,0,2,1,0,0,0,0,8.159946655578548,6.675823221634848,6.118097198041348,6.2422232654551655,0.19,4.25,2020,5,4265.389318014095
1001131,fso2,TC,CHIDO-25,Tropical Cyclone CHIDO-25,"Red Tropical Cyclone CHIDO-25 in Mozambique, Miscellaneous (French) Indian Ocean Islands, Madagascar, Comoros, Mayotte from: 09 Dec 2024  to: 16 Dec 2024 .",RED,Mozambique; Mayotte,2024-12-09 18:00:00+00:00,2024,2024-12-16 12:00:00+00:00,Hurricane (maximum wind speed of 243 km/h),-16.55,33.77,1743233631549,port982; port896,2,0.0,0461e32d3a3a496db34c0fcb4f802442,340251863450.24414,5630351.734478647,243.0,0.0,Brazil - Offshore Oil Terminal 11,Brazil,BRA,South America,-24.951,-42.468,44,0,0,0,0,44,0.0,0.6,0,2,1,0,0,0,0,3.8066624897703196,0.0,3.8066624897703196,0.0,0.3,6.75,2024,12,7729.0709367381405
1458084,port862,EQ,Earthquake in Vanuatu,Earthquake in Vanuatu,Red M 7.3 Earthquake in Vanuatu at: 17 Dec 2024 01:47:25.,RED,Vanuatu,2024-12-17 01:47:25+00:00,2024,2024-12-17 01:47:25+00:00,"Magnitude 7.3M, Depth:57.094km",-17.6859,168.0338,1743233631549,port980,1,0.0,d9f1cd11bcad466f9ce50f174bc4a4d9,34805342363.78125,661419.83052175,0.0,7.3,Osaka,Japan,JPN,Asia & Pacific,34.6449306,135.4300262,9214,3349,822,3580,323,1140,2.81,4.31,0,2,0,0,1,0,0,9.128587870103924,8.116715624819111,7.039660349862076,6.71295620067707,3.5599999999999996,0.0,2024,12,6527.309479191724
1102204,port307,FL,Flood in Libya,Flood in Libya,Red Flood in Libya from: 08 Sep 2023 01 to: 14 Sep 2023 00.,RED,Libya,2023-09-08 01:00:00+00:00,2023,2023-09-14 00:00:00+00:00,,32.75938,22.63832,1698455547761,,0,0.0,,23588735.73925781,38187.708694884015,0.0,0.0,Dublin,Ireland,IRL,Europe,53.34632538,-6.204935593,2362,993,83,214,576,496,47.8,51.23,0,2,0,1,0,0,0,7.767687277186908,6.901737206656574,6.208590026096629,4.430816798843313,49.515,5.958333333333333,2023,9,2979.078947401355
1000706,port290,TC,HAISHEN-20,Tropical Cyclone HAISHEN-20,"Red Tropical Cyclone HAISHEN-20 in Democratic Republic of Korea, Republic of Korea, Japan, China, from: 31 Aug 2020  to: 07 Sep 2020 .",RED,Japan; Korea,2020-08-31 12:00:00+00:00,2020,2020-09-07 12:00:00+00:00,Tropical Storm (maximum wind speed of 250 km/h),40.7,128.9,1694314690167,port439; port445; port471; port480; port528; port538; port545; port566; port605; port785; port846; port852; port1119; port1190; port1304; port1324; port1335; port1378; port1411; port270; port432; port494; port608; port715; port915; port1065; port1067; port1309; port1338,29,0.0,0ef4c5564b2a41169f223c0b1d019825,2187718787554.5327,8378337.002268916,250.0,0.0,Dhamra Port,India,IND,Asia & Pacific,20.82773698,86.9595015,367,0,360,7,0,0,3.23,3.45,0,2,1,0,0,0,0,5.908082938168931,0.0,0.0,5.8888779583328805,3.34,7.0,2020,8,4878.3639062115
1102000,port280,FL,"Flood in Bangladesh, India, Myanmar","Flood in Bangladesh, India, Myanmar","Red Flood in Bangladesh, India, Myanmar from: 13 May 2023 01 to: 15 May 2023 01.",RED,"Bangladesh, India, Myanmar",2023-05-13 01:00:00+00:00,2023,2023-05-15 01:00:00+00:00,,20.15,92.9,1694319048832,,0,0.0,,15587277903.34961,1939484.122259192,0.0,0.0,Darwin,Australia,AUS,Asia & Pacific,-12.49794668,130.9019044,775,47,27,411,49,241,1.01,0.67,0,2,0,1,0,0,0,6.654152520183219,3.871201010907891,5.488937726156687,3.332204510175204,0.8400000000000001,2.0,2023,5,5485.694201065919
1001124,port2023,TC,MAN-YI-24,Tropical Cyclone MAN-YI-24,"Red Tropical Cyclone MAN-YI-24 in Philippines, China, Guam from: 09 Nov 2024  to: 19 Nov 2024 .",RED,"Philippines, China, Guam",2024-11-09 00:00:00+00:00,2024,2024-11-19 12:00:00+00:00,Hurricane (maximum wind speed of 259 km/h),18.1,112.1,1743233631549,,0,0.0,,727868031313.7637,6211787.382655528,259.0,0.0,Bantry Bay,Ireland,IRL,Europe,51.6806888202889,-9.46015800565171,0,0,0,0,0,0,0.0,0.0,0,2,1,0,0,0,0,0.0,0.0,0.0,0.0,0.0,10.5,2024,11,9159.1408806593
1000972,port2099,TC,MAWAR-23,Tropical Cyclone MAWAR-23,Red Tropical Cyclone MAWAR-23 in Guam from: 20 May 2023  to: 03 Jun 2023 .,RED,Guam; Northern Mariana Islands,2023-05-20 00:00:00+00:00,2023,2023-06-03 00:00:00+00:00,Tropical Storm (maximum wind speed of 296 km/h),30.7,138.1,1694319152977,port61; port1113,2,0.0,fe349de1f71843cca826c88a9a5396c0,1696969700479.611,9505783.434634589,296.0,0.0,Itacoatiara,Brazil,BRA,South America,-3.1499933769484,-58.4416954597526,213,6,70,4,0,133,0.79,0.38,0,2,1,0,0,0,0,5.365976015021851,1.9459101490553132,4.897839799950911,4.2626798770413155,0.585,14.0,2023,5,22104.841260566016
1001126,port769,TC,USAGI-24,Tropical Cyclone USAGI-24,"Red Tropical Cyclone USAGI-24 in Philippines, Taiwan from: 11 Nov 2024  to: 16 Nov 2024 .",RED,"Philippines, Taiwan",2024-11-11 00:00:00+00:00,2024,2024-11-16 06:00:00+00:00,Hurricane (maximum wind speed of 241 km/h),22.2,120.6,1743233631549,,0,0.0,,267239678935.08984,3815714.419036118,241.0,0.0,Moroni,Comoros,COM,Africa,-11.70541816,43.2469507,90,33,17,29,0,11,67.13,18.3,0,2,1,0,0,0,0,4.51085950651685,3.5263605246161616,2.4849066497880004,2.8903717578961645,42.714999999999996,5.25,2024,11,9211.521768444207
1269679,port2218,EQ,Earthquake in China,Earthquake in China,Red M 6.1 Earthquake in China at: 21 May 2021 13:48:37.,RED,China,2021-05-21 13:48:37+00:00,2021,2021-05-21 13:48:37+00:00,"Magnitude 6.1M, Depth:10km",25.7614,100.0076,1694315573198,,0,0.0,,38950852849.05469,699708.9407092759,0.0,6.1,Shuqaiq,Saudi Arabia,SAU,Asia & Pacific,17.6283957836864,42.0779551591398,33,0,0,1,0,32,2.15,0.0,0,2,0,0,1,0,0,3.5263605246161616,0.0,3.4965075614664802,0.0,1.075,0.0,2021,5,6194.370453674648
1021078,port2475,WF,Forest fires in Greece,Forest fires in Greece,Red Forest fires in Greece from: 11 Aug 2024 to: 13 Aug 2024.,RED,Greece,2024-08-11 00:00:00+00:00,2024,2024-08-13 00:00:00+00:00,Red impact for forestfire in 8206 ha,38.15125,23.92598,1728469086877,,0,0.0,,134263310.3310547,112341.77431552672,0.0,0.0,Weitou,China,CHN,Asia & Pacific,24.51874902288014,118.5665113847736,201,162,2,37,0,0,0.01,0.01,0,2,0,0,0,0,0,5.308267697401205,5.093750200806762,0.0,1.0986122886681098,0.01,2.0,2024,8,9676.852532458643
1000666,port1170,TC,VONGFONG-20,Tropical Cyclone VONGFONG-20,Red Tropical Cyclone VONGFONG-20 in Philippines from: 11 May 2020  to: 16 May 2020 .,RED,Philippines,2020-05-11 18:00:00+00:00,2020,2020-05-16 06:00:00+00:00,Tropical Depression (maximum wind speed of 194 km/h),19.3,120.5,1694314305944,,0,0.0,,128064151889.94922,2559326.3640265325,194.0,0.0,Savannah,United States,USA,North America,32.10402454,-81.10052022,2274,1603,201,127,89,254,5.4,2.36,0,2,1,0,0,0,0,7.729735331385051,7.38025578842646,5.541263545158426,5.308267697401205,3.88,4.5,2020,5,19008.974843163436
1001230,port574,TC,MELISSA-25,Tropical Cyclone MELISSA-25,"Red Tropical Cyclone MELISSA-25 in Jamaica, Cuba, Bahamas, Bermuda, Haiti, Canada from: 21 Oct 2025  to: 31 Oct 2025 .",RED,Jamaica; Cuba; The Bahamas; Canada,2025-10-21 15:00:00+00:00,2025,2025-10-31 15:00:00+00:00,Hurricane (maximum wind speed of 296 km/h),39.0,-60.5,1762326758953,port1220; port256; port1102; port835; port2172; port336; port388; port2332; port66; port949; port2330; port1156; port840; port223; port763; port2105; port572,17,0.0,e34846541688462e8808638878306dba,4640098699038.423,18023634.967691384,296.0,0.0,Kingstown,St.  Vincent and the Grenadines,VCT,North America,13.1589419,-61.23551139,439,97,4,74,146,118,100.0,100.0,0,2,1,0,0,0,0,6.0867747269123065,4.584967478670572,4.77912349311153,1.6094379124341003,100.0,10.0,2025,10,2869.458902636799
1001234,port1071,TC,FUNG-WONG-25,Tropical Cyclone FUNG-WONG-25,"Red Tropical Cyclone FUNG-WONG-25 in Philippines, China from: 04 Nov 2025  to: 11 Nov 2025 .",RED,Philippines,2025-11-04 06:00:00+00:00,2025,2025-11-11 06:00:00+00:00,Hurricane (maximum wind speed of 213 km/h),20.1,118.6,1762862933372,port2384; port1232; port694,3,0.0,c2ef10c4bd2a4528b780085f225e1c12,1574991297706.0098,6844851.431003457,213.0,0.0,Qinzhou,China,CHN,Asia & Pacific,21.67876784,108.6383226,3588,1184,924,495,4,981,1.03,0.56,0,2,1,0,0,0,0,8.185628891147607,7.077498053569231,6.889591308354466,6.829793737512425,0.795,7.0,2025,11,1042.3727311791115
1178759,port2267,EQ,"Earthquake in Eastern New Guinea Reg., P.N.G.","Earthquake in Eastern New Guinea Reg., P.N.G.","Red M 7.2 Earthquake in Eastern New Guinea Reg., P.N.G. at: 06 May 2019 21:19:35.",RED,Papua New Guinea,2019-05-06 21:19:35+00:00,2019,2019-05-06 21:19:35+00:00,"Magnitude 7.2M, Depth:126.92km",-6.9767,146.44,1694310914933,port624,1,0.0,98299d6738574f2ea18e46e19f71327e,32064448784.467773,634862.1513849135,0.0,7.2,Longview,United States,USA,North America,46.11077309520158,-122.9442444313803,401,20,270,27,46,38,0.15,1.17,0,2,0,0,1,0,0,5.996452088619021,3.044522437723423,3.6635616461296463,5.602118820879701,0.6599999999999999,0.0,2019,5,21551.07809974607
1000036,port132,VO,Eruption  Hunga Tonga-Hunga Ha apai,Eruption  Hunga Tonga-Hunga Ha apai,Red Eruption Hunga Tonga-Hunga Ha apai in Tonga at: 18 Jan 2022 00:00.,RED,Tonga,2021-12-20 00:00:00+00:00,2021,2022-01-18 00:00:00+00:00,,-20.536,-175.382,1694317035039,port836,1,0.0,296a0ab5d56846fa807cf63b19868c85,36021562384.32031,672876.2515519108,0.0,0.0,Beirut,Lebanon,LBN,Asia & Pacific,33.90234183,35.52852626,1308,613,35,407,54,199,61.6,50.72,0,2,0,0,0,0,0,7.1770187659099,6.419994928147142,5.298317366548036,3.58351893845611,56.16,29.0,2021,12,20348.836495756404
1000922,port242,TC,NORU-22,Tropical Cyclone NORU-22,"Red Tropical Cyclone NORU-22 in Viet Nam, Laos, Philippines from: 22 Sep 2022  to: 28 Sep 2022 .",RED,Philippines; Vietnam,2022-09-22 00:00:00+00:00,2022,2022-09-28 00:00:00+00:00,Hurricane/Typhoon > 74 mph (maximum wind speed of 259 km/h),16.0,107.8,1694318122116,port694; port1232; port213; port269,4,0.0,fcb67d56baae4103ade370dd3995d8c8,543451018476.1074,5830422.225303048,259.0,0.0,Chiwan,China,CHN,Asia & Pacific,19.96273734,110.0339897,267,0,81,35,0,151,0.07,0.01,0,2,1,0,0,0,0,5.5909869805108565,0.0,5.0238805208462765,4.406719247264253,0.04,6.0,2022,9,497.7985523327023
1001234,port319,TC,FUNG-WONG-25,Tropical Cyclone FUNG-WONG-25,"Red Tropical Cyclone FUNG-WONG-25 in Philippines, China from: 04 Nov 2025  to: 11 Nov 2025 .",RED,Philippines,2025-11-04 06:00:00+00:00,2025,2025-11-11 06:00:00+00:00,Hurricane (maximum wind speed of 213 km/h),20.1,118.6,1762862933372,port2384; port1232; port694,3,0.0,c2ef10c4bd2a4528b780085f225e1c12,1574991297706.0098,6844851.431003457,213.0,0.0,Jorf Lasfar,Morocco,MAR,Africa,33.11351891,-8.609401598,1414,51,650,356,2,355,20.02,14.17,0,2,1,0,0,0,0,7.254884810077338,3.9512437185814275,5.87493073085203,6.478509642208569,17.095,7.0,2025,11,11914.858881271417
1001121,fso35,TC,YINXING-24,Tropical Cyclone YINXING-24,"Red Tropical Cyclone YINXING-24 in Philippines, Viet Nam from: 03 Nov 2024  to: 12 Nov 2024 .",RED,"Philippines, Viet Nam",2024-11-03 06:00:00+00:00,2024,2024-11-12 12:00:00+00:00,Hurricane (maximum wind speed of 231 km/h),14.0,108.6,1743233631549,,0,0.0,,627567140020.3848,5914403.2540477095,231.0,0.0,Brazil - Offshore Oil Terminal 41,Brazil,BRA,South America,-22.344,-40.195,23,0,0,0,0,23,0.0,0.15,0,2,1,0,0,0,0,3.1780538303479458,0.0,3.1780538303479458,0.0,0.075,9.25,2024,11,15799.87666931588
1001018,port513,TC,KOINU-23,Tropical Cyclone KOINU-23,"Red Tropical Cyclone KOINU-23 in China, Japan, Philippines from: 29 Sep 2023  to: 10 Oct 2023 .",RED,Hong Kong Special Administrative Region; Taiwan Province of China; Macao Special Administrative Region,2023-09-29 12:00:00+00:00,2023,2023-10-10 00:00:00+00:00,Tropical Depression (maximum wind speed of 213 km/h),20.8,110.3,1698455547761,port482; port541; port681; port474; port674,5,0.0,06ae052bc2cc4c478d215983fb8fc680,759972452688.5215,4831098.315807256,213.0,0.0,Jacksonville,United States,USA,North America,30.3833261,-81.58303357,1322,589,87,93,387,166,1.08,0.25,0,2,1,0,0,0,0,7.187657164114956,6.380122536899765,5.117993812416755,4.477336814478207,0.665,10.5,2023,9,18404.59586446851
1000673,port2033,TC,NISARGA-20,Tropical Cyclone NISARGA-20,Red Tropical Cyclone NISARGA-20 in India from: 02 Jun 2020  to: 03 Jun 2020 .,RED,India,2020-06-02 18:00:00+00:00,2020,2020-06-03 12:00:00+00:00,Hurricane/Typhoon > 74 mph (maximum wind speed of 139 km/h),19.1,73.7,1694314372002,port511; port776,2,0.0,91c5a35ee6804b94a39c91c93021bfe1,116925429196.29688,1668600.0514449673,139.0,0.0,Port of Yeosu,Korea,KOR,Asia & Pacific,34.7505094880521,127.760942471547,415,1,29,69,0,316,0.07,0.3,0,2,1,0,0,0,0,6.030685260261263,0.6931471805599453,5.75890177387728,3.4011973816621555,0.185,0.75,2020,6,5227.5725023816785
1357560,port1228,EQ,Earthquake in Türkiye,Earthquake in Türkiye,Red M 7.5 Earthquake in Türkiye at: 06 Feb 2023 10:24:49.,RED,Türkiye,2023-02-06 10:24:49+00:00,2023,2023-02-06 10:24:49+00:00,"Magnitude 7.5M, Depth:10km",38.0235,37.203,1694318563269,,0,0.0,,50911375887.10156,799954.1583432151,0.0,7.5,Stockholm,Sweden,SWE,Europe,59.32920519,18.10598896,350,43,21,127,13,146,2.85,0.33,0,2,0,0,1,0,0,5.860786223465865,3.784189633918261,4.990432586778736,3.091042453358316,1.59,0.0,2023,2,2600.4089167049387
1000036,port2430,VO,Eruption  Hunga Tonga-Hunga Ha apai,Eruption  Hunga Tonga-Hunga Ha apai,Red Eruption Hunga Tonga-Hunga Ha apai in Tonga at: 18 Jan 2022 00:00.,RED,Tonga,2021-12-20 00:00:00+00:00,2021,2022-01-18 00:00:00+00:00,,-20.536,-175.382,1694317035039,port836,1,0.0,296a0ab5d56846fa807cf63b19868c85,36021562384.32031,672876.2515519108,0.0,0.0,Alang,India,IND,Asia & Pacific,21.410734173909518,72.19845818658709,6,2,1,2,0,1,0.01,0.01,0,2,0,0,0,0,0,1.9459101490553132,1.0986122886681098,0.6931471805599453,0.6931471805599453,0.01,29.0,2021,12,26005.0873820661
1269679,port118,EQ,Earthquake in China,Earthquake in China,Red M 6.1 Earthquake in China at: 21 May 2021 13:48:37.,RED,China,2021-05-21 13:48:37+00:00,2021,2021-05-21 13:48:37+00:00,"Magnitude 6.1M, Depth:10km",25.7614,100.0076,1694315573198,,0,0.0,,38950852849.05469,699708.9407092759,0.0,6.1,Barcelona,Spain,ESP,Europe,41.33797839,2.146489899,4557,2189,127,398,789,1054,11.22,12.63,0,2,0,0,1,0,0,8.42463920980563,7.691656822810547,6.961296045910167,4.852030263919617,11.925,0.0,2021,5,8337.16945808001
10000002,port861,OT,COLLAPSE FRANCIS SCOTT KEY BRIDGE,Baltimore: Collapse of Francis Scott Key Bridge,Collapse of the Francis Scott Key Bridge halted vessel traffic at the port of Baltimore,RED,United States,2024-03-26 00:00:00+00:00,2024,2024-06-12 04:00:00+00:00,,39.21934,-76.52521,1711737778359,port103,1,0.0,ce951f9474d843f48c48b47b21b7bab0,95440715.42578124,38765.194399173095,0.0,0.0,Ortona,Italy,ITA,Europe,42.35331653,14.41338054,169,4,31,92,3,39,0.14,0.07,0,2,0,0,0,0,1,5.135798437050262,1.6094379124341003,3.6888794541139363,3.4657359027997265,0.10500000000000001,78.16666666666667,2024,3,7467.753975276729
1001230,port2398,TC,MELISSA-25,Tropical Cyclone MELISSA-25,"Red Tropical Cyclone MELISSA-25 in Jamaica, Cuba, Bahamas, Bermuda, Haiti, Canada from: 21 Oct 2025  to: 31 Oct 2025 .",RED,Jamaica; Cuba; The Bahamas; Canada,2025-10-21 15:00:00+00:00,2025,2025-10-31 15:00:00+00:00,Hurricane (maximum wind speed of 296 km/h),39.0,-60.5,1762326758953,port1220; port256; port1102; port835; port2172; port336; port388; port2332; port66; port949; port2330; port1156; port840; port223; port763; port2105; port572,17,0.0,e34846541688462e8808638878306dba,4640098699038.423,18023634.967691384,296.0,0.0,Fusa,Norway,NOR,Europe,60.20389504886872,5.60119649766657,26,25,0,1,0,0,0.04,0.0,0,2,1,0,0,0,0,3.295836866004329,3.258096538021482,0.0,0.0,0.02,10.0,2025,10,4339.672947062262
1557236,fso82,EQ,Earthquake in Colombia,Earthquake in Colombia,Red M 7.4 Earthquake in Colombia at: 10 Aug 2026 12:34:28.,RED,Colombia,2026-08-10 12:34:28+00:00,2026,2026-08-10 12:34:28+00:00,"Magnitude 7.4M, Depth:110.285km",4.8436,-76.2422,1786788245013,,0,0.0,,31818321053.560303,632417.6853181977,0.0,7.4,India - Offshore Oil Terminal 1,India,IND,Asia & Pacific,16.553,82.59500000000001,0,0,0,0,0,0,0.0,0.02,0,2,0,0,1,0,0,0.0,0.0,0.0,0.0,0.01,0.0,2026,8,16950.149468997857
1000752,port41,TC,YASA-20,Tropical Cyclone YASA-20,"Red Tropical Cyclone YASA-20 in Fiji, from: 12 Dec 2020  to: 20 Dec 2020 .",RED,Fiji,2020-12-12 12:00:00+00:00,2020,2020-12-20 00:00:00+00:00,Tropical Storm (maximum wind speed of 259 km/h),-23.3,-178.1,1694315138928,port636; port643; port687; port1240,4,0.0,b1fdccb4c2e54ca0b570e64a6114dbdd,690398598422.3789,5640670.516540977,259.0,0.0,Amamapare,Indonesia,IDN,Asia & Pacific,-4.806828832,136.8030903,563,125,145,172,0,121,0.61,0.35,0,2,1,0,0,0,0,6.335054251498059,4.836281906951478,4.804021044733257,4.983606621708336,0.48,7.5,2020,12,34891.7402580969
1298872,port324,EQ,Earthquake in Peru,Earthquake in Peru,Red M 7.5 Earthquake in Peru at: 28 Nov 2021 10:52:13.,RED,Peru,2021-11-28 10:52:13+00:00,2021,2021-11-28 10:52:13+00:00,"Magnitude 7.5M, Depth:112.48km",-4.4898,-76.8461,1694316841829,,0,0.0,,31788276666.928223,632103.6906136237,0.0,7.5,Empire,United States,USA,North America,43.42715709,-124.2592301,54,0,52,2,0,0,0.01,0.11,0,2,0,0,1,0,0,4.007333185232471,0.0,0.0,3.970291913552122,0.06,0.0,2021,11,6549.674300445168
1001214,port2119,TC,BUALOI-25,Tropical Cyclone BUALOI-25,"Red Tropical Cyclone BUALOI-25 in Viet Nam, Philippines, Laos from: 23 Sep 2025  to: 28 Sep 2025 .",RED,Vietnam,2025-09-23 12:00:00+00:00,2025,2025-09-28 18:00:00+00:00,Hurricane (maximum wind speed of 148 km/h),18.2,106.2,1759774040248,port269; port819; port2405,3,0.0,4877524fdb7c445db72a442c5f4c6f97,690605174070.6943,7071118.486989791,148.0,0.0,Tumaco,Colombia,COL,South America,1.81800783227047,-78.739999979684,19,1,0,0,0,18,0.07,0.05,0,2,1,0,0,0,0,2.995732273553991,0.6931471805599453,2.9444389791664403,0.0,0.060000000000000005,5.25,2025,9,20598.42680394641
1001024,fso11,TC,NORMA-23,Tropical Cyclone NORMA-23,Red Tropical Cyclone NORMA-23 in Mexico from: 17 Oct 2023  to: 23 Oct 2023 .,RED,Mexico,2023-10-17 21:00:00+00:00,2023,2023-10-23 15:00:00+00:00,Tropical Depression (maximum wind speed of 213 km/h),24.9,-107.7,1698455547761,port905; port1310,2,0.0,542de4ebd2eb4527b0172fb958086ec0,343416457081.3711,3420268.4940884463,213.0,0.0,Brazil - Offshore Oil Terminal 2,Brazil,BRA,South America,-25.393,-42.76,57,0,0,0,0,57,0.0,0.55,0,2,1,0,0,0,0,4.060443010546419,0.0,4.060443010546419,0.0,0.275,5.75,2023,10,8577.280360584151
1001024,port558,TC,NORMA-23,Tropical Cyclone NORMA-23,Red Tropical Cyclone NORMA-23 in Mexico from: 17 Oct 2023  to: 23 Oct 2023 .,RED,Mexico,2023-10-17 21:00:00+00:00,2023,2023-10-23 15:00:00+00:00,Tropical Depression (maximum wind speed of 213 km/h),24.9,-107.7,1698455547761,port905; port1310,2,0.0,542de4ebd2eb4527b0172fb958086ec0,343416457081.3711,3420268.4940884463,213.0,0.0,Kendari,Indonesia,IDN,Asia & Pacific,-3.978833534,122.6045044,474,151,8,117,1,197,0.24,0.02,0,2,1,0,0,0,0,6.163314804034641,5.0238805208462765,5.288267030694535,2.1972245773362196,0.13,5.75,2023,10,25702.859534837058
1101664,port1183,FL,"Flood in China, Taiwan","Flood in China, Taiwan","Red Flood in China, Taiwan from: 14 Sep 2022 01 to: 16 Sep 2022 01.",RED,China,2022-09-14 01:00:00+00:00,2022,2022-09-16 01:00:00+00:00,,31.23228,121.4692,1694317999111,port438; port824; port1188; port1390; port1427; port1429,6,0.0,e8ad23d722674521baae5de97cc97f61,217355300848.26956,3579326.493505684,0.0,0.0,Sete,France,FRA,Europe,43.41579621,3.727373723,706,27,34,200,325,120,1.58,0.82,0,2,0,1,0,0,0,6.561030665896573,3.332204510175204,4.795790545596741,3.5553480614894135,1.2,2.0,2022,9,9589.218875458468
1012873,port2148,DR,India and Sri Lanka-2019,"Drought in India, Sri Lanka","Red Drought in India, Sri Lanka from: 21 Dec 2018  to: 26 Aug 2019 .",RED,India; Sri Lanka,2018-12-21 00:00:00+00:00,2018,2019-08-26 13:37:00+00:00,Severe impact for agricultural drought in 85408 km2,8.828,79.198,1694311782990,port1331; port1319,2,0.0,,88052703825.3999,2608863.2322916104,0.0,0.0,Hvalfjordur,Iceland,ISL,Europe,64.3943275968169,-21.4425365961286,2,0,0,0,0,2,0.87,1.52,0,2,0,0,0,1,0,1.0986122886681098,0.0,1.0986122886681098,0.0,1.195,248.5673611111111,2018,12,7832.678830048519
1001018,port2114,TC,KOINU-23,Tropical Cyclone KOINU-23,"Red Tropical Cyclone KOINU-23 in China, Japan, Philippines from: 29 Sep 2023  to: 10 Oct 2023 .",RED,Hong Kong Special Administrative Region; Taiwan Province of China; Macao Special Administrative Region,2023-09-29 12:00:00+00:00,2023,2023-10-10 00:00:00+00:00,Tropical Depression (maximum wind speed of 213 km/h),20.8,110.3,1698455547761,port482; port541; port681; port474; port674,5,0.0,06ae052bc2cc4c478d215983fb8fc680,759972452688.5215,4831098.315807256,213.0,0.0,Guangao,China,CHN,Asia & Pacific,23.2306071713215,116.762324970768,811,623,1,166,2,19,0.04,0.05,0,2,1,0,0,0,0,6.699500340161678,6.436150368369428,2.995732273553991,0.6931471805599453,0.045,10.5,2023,9,712.2389406937419
1000972,port2156,TC,MAWAR-23,Tropical Cyclone MAWAR-23,Red Tropical Cyclone MAWAR-23 in Guam from: 20 May 2023  to: 03 Jun 2023 .,RED,Guam; Northern Mariana Islands,2023-05-20 00:00:00+00:00,2023,2023-06-03 00:00:00+00:00,Tropical Storm (maximum wind speed of 296 km/h),30.7,138.1,1694319152977,port61; port1113,2,0.0,fe349de1f71843cca826c88a9a5396c0,1696969700479.611,9505783.434634589,296.0,0.0,Padang,Indonesia,IDN,Asia & Pacific,-8.51191030976715,115.513227073498,301,0,0,0,0,301,0.52,0.11,0,2,1,0,0,0,0,5.71042701737487,0.0,5.71042701737487,0.0,0.315,14.0,2023,5,5009.236257921645
1001256,port332,TC,GEZANI-26,Tropical Cyclone GEZANI-26,"Red Tropical Cyclone GEZANI-26 in Madagascar, Mozambique from: 06 Feb 2026  to: 18 Feb 2026 .",RED,"Madagascar, Mozambique",2026-02-06 00:00:00+00:00,2026,2026-02-18 12:00:00+00:00,Hurricane (maximum wind speed of 211 km/h),-35.63,41.6,1771623360667,,0,0.0,,115660665179.69922,1467389.249750107,211.0,0.0,Gibraltar,Gibraltar,GIB,Europe,36.13663072,-5.359921567,838,31,5,102,16,684,100.0,100.0,0,2,1,0,0,0,0,6.732210706467206,3.4657359027997265,6.529418838262226,1.791759469228055,100.0,12.5,2026,2,9010.020238021554
1000940,port520,TC,ROSLYN-22,Tropical Cyclone ROSLYN-22,Red Tropical Cyclone ROSLYN-22 in Mexico from: 20 Oct 2022  to: 24 Oct 2022 .,RED,Mexico,2022-10-20 03:00:00+00:00,2022,2022-10-24 03:00:00+00:00,Tropical Depression (maximum wind speed of 213 km/h),26.0,-101.0,1694318280734,,0,0.0,,172355881838.91406,2914267.116267182,213.0,0.0,"Jimenez, Ozamis",Philippines,PHL,Asia & Pacific,8.260336175,123.8533364,80,0,0,9,0,71,0.03,0.38,0,2,1,0,0,0,0,4.394449154672439,0.0,4.276666119016055,0.0,0.20500000000000002,4.0,2022,10,24778.151254721906
1001118,fso64,TC,KONG-REY-24,Tropical Cyclone KONG-REY-24,"Red Tropical Cyclone KONG-REY-24 in Philippines, Taiwan, China, Japan from: 25 Oct 2024  to: 01 Nov 2024 .",RED,Taiwan Province of China; China,2024-10-25 00:00:00+00:00,2024,2024-11-01 18:00:00+00:00,Hurricane (maximum wind speed of 241 km/h),32.2,126.1,1743233631549,port238; port824; port681; port2230; port1390; port2229; port541; port1074; port438; port482; port1405; port1261; port1192; port370; port1252; port1404; port1403,17,0.0,8a0fa020db1c41418971e9ad621376c5,1161912189137.1094,5519864.053116027,241.0,0.0,Bangladesh - Offshore Oil Terminal 1,Bangladesh,BGD,Asia & Pacific,21.53699999999999,91.81799999999993,27,0,0,0,0,27,4.6,0.0,0,2,1,0,0,0,0,3.332204510175204,0.0,3.332204510175204,0.0,2.3,7.75,2024,10,3732.2635627092614
1001072,port2412,TC,GAEMI-24,Tropical Cyclone GAEMI-24,"Red Tropical Cyclone GAEMI-24 in Japan, Taiwan, China, Philippines from: 19 Jul 2024  to: 25 Jul 2024 .",RED,China; Taiwan Province of China,2024-07-19 18:00:00+00:00,2024,2024-07-25 12:00:00+00:00,Hurricane (maximum wind speed of 231 km/h),25.6,119.4,1727766190151,port370; port1074; port1192; port1403; port1405; port238; port482; port541; port681; port1252; port1261,11,0.0,3093e1e250d5474291d7b7ef8a88fd0a,742777302162.9844,3740151.920270975,231.0,0.0,Gonghyeonjin,Korea,KOR,Asia & Pacific,38.361864059547,128.51344783653732,0,0,0,0,0,0,0.0,0.0,0,2,1,0,0,0,0,0.0,0.0,0.0,0.0,0.0,5.75,2024,7,1623.5217035286596
1001199,port2272,TC,KAJIKI-25,Tropical Cyclone KAJIKI-25,"Red Tropical Cyclone KAJIKI-25 in China, Viet Nam, Laos from: 22 Aug 2025  to: 25 Aug 2025 .",RED,China; Vietnam,2025-08-22 12:00:00+00:00,2025,2025-08-25 12:00:00+00:00,Hurricane (maximum wind speed of 176 km/h),18.6,105.7,1759773926919,port819; port123; port2405,3,0.0,ac2ab6950be24be78651406ff4a48fd3,315832502165.2754,3249273.252154244,176.0,0.0,Chancay,Peru,PER,South America,-11.59190683259616,-77.27907206053236,62,32,7,8,2,13,0.68,0.3,0,2,1,0,0,0,0,4.143134726391533,3.4965075614664802,2.6390573296152584,2.0794415416798357,0.49,3.0,2025,8,20176.681587336214
1000961,port54,TC,FREDDY-23,Tropical Cyclone FREDDY-23,"Red Tropical Cyclone FREDDY-23 in Mozambique, Madagascar from: 06 Feb 2023  to: 12 Mar 2023 .",RED,"Mozambique, Madagascar",2023-02-06 06:00:00+00:00,2023,2023-03-12 00:00:00+00:00,Hurricane/Typhoon > 74 mph (maximum wind speed of 250 km/h),-17.5,36.9,1694318856223,,0,0.0,,2022693609096.5583,21856185.735939536,250.0,0.0,Port Akdeniz,Türkiye,TUR,Europe,36.83889937,30.60620066,589,107,126,149,0,207,1.33,1.03,0,2,1,0,0,0,0,6.380122536899765,4.68213122712422,5.337538079701318,4.844187086458591,1.1800000000000002,33.75,2023,2,6057.4767384514225
1000552,port143,TC,IDAI-19,Tropical Cyclone IDAI-19,"Red Tropical Cyclone IDAI-19 in Mozambique, Zimbabwe, Miscellaneous (French) Indian Ocean Islands from: 09 Mar 2019  to: 15 Mar 2019 .",RED,Mozambique,2019-03-09 06:00:00+00:00,2019,2019-03-15 00:00:00+00:00,Hurricane/Typhoon > 74 mph (maximum wind speed of 194 km/h),-19.6,34.8,1694310439405,port137,1,0.0,3aa1164d42fb42e99f8ed581b6ecd4d1,350000681982.3291,3223229.700239708,194.0,0.0,Bellingham,United States,USA,North America,48.75638842,-122.500255,4,0,1,3,0,0,0.0,0.0,0,2,1,0,0,0,0,1.6094379124341003,0.0,0.0,0.6931471805599453,0.0,5.75,2019,3,13786.68116270067
1000922,port2152,TC,NORU-22,Tropical Cyclone NORU-22,"Red Tropical Cyclone NORU-22 in Viet Nam, Laos, Philippines from: 22 Sep 2022  to: 28 Sep 2022 .",RED,Philippines; Vietnam,2022-09-22 00:00:00+00:00,2022,2022-09-28 00:00:00+00:00,Hurricane/Typhoon > 74 mph (maximum wind speed of 259 km/h),16.0,107.8,1694318122116,port694; port1232; port213; port269,4,0.0,fcb67d56baae4103ade370dd3995d8c8,543451018476.1074,5830422.225303048,259.0,0.0,Port Blair,India,IND,Asia & Pacific,11.676789659007,92.7224725576251,149,45,3,77,0,24,0.04,0.02,0,2,1,0,0,0,0,5.0106352940962555,3.828641396489095,3.2188758248682006,1.3862943611198906,0.03,6.0,2022,9,1707.777567684275
1347183,port274,EQ,Earthquake in Indonesia,Earthquake in Indonesia,Red M 5.6 Earthquake in Indonesia at: 21 Nov 2022 06:21:10.,RED,Indonesia,2022-11-21 06:21:10+00:00,2022,2022-11-21 06:21:10+00:00,"Magnitude 5.6M, Depth:10km",-6.8531,107.0946,1694318361325,port514; port894,2,0.0,87c03fd3cd7e4fbeb866673caea8815a,32048571438.088867,634691.4947898124,0.0,5.6,Damietta,Egypt,EGY,Africa,31.46213686,31.75947248,2238,729,653,693,13,150,16.93,15.54,0,2,0,0,1,0,0,7.713784616598755,6.593044534142437,5.017279836814924,6.483107351457199,16.235,0.0,2022,11,8304.531089707021
1000736,port2467,TC,GONI-20,Tropical Cyclone GONI-20,Red Tropical Cyclone GONI-20 in Philippines from: 28 Oct 2020  to: 06 Nov 2020 .,RED,Philippines,2020-10-28 00:00:00+00:00,2020,2020-11-06 00:00:00+00:00,Tropical Depression (maximum wind speed of 315 km/h),13.9,109.2,1694314929059,port125; port694; port1232,3,0.0,01e6d560b4a74356a99aabb80ae23ac9,463013131529.6758,4774366.591185288,315.0,0.0,Sochi,Russian Federation,RUS,Europe,43.5785614747432,39.71576069406015,1,0,0,0,0,1,0.0,0.0,0,2,1,0,0,0,0,0.6931471805599453,0.0,0.6931471805599453,0.0,0.0,9.0,2020,10,6486.2153612017555
1029628,port974,WF,Forest fires in France,Forest fires in France,Red Forest fires in France from: 22 Jul 2026 to: 01 Aug 2026.,RED,France,2026-07-22 00:00:00+00:00,2026,2026-08-01 00:00:00+00:00,Red impact for forestfire in 47910 ha,44.8463,-1.0329,1786788245013,,0,0.0,,988504368.231018,378287.0725266181,0.0,0.0,Port Pirie,Australia,AUS,Asia & Pacific,-33.16703826,138.0094962,70,0,28,32,0,10,0.2,0.02,0,2,0,0,0,0,0,4.2626798770413155,0.0,2.3978952727983707,3.367295829986474,0.11,10.0,2026,7,15552.91645628212
1474477,port2197,EQ,Earthquake in Myanmar,Earthquake in Myanmar,Red M 7.7 Earthquake in Myanmar at: 28 Mar 2025 06:20:54.,RED,Myanmar,2025-03-28 06:20:54+00:00,2025,2025-03-28 06:20:54+00:00,"Magnitude 7.7M, Depth:10km",22.0128,95.9216,1743233631549,,0,0.0,,36759664931.29297,679747.7557870499,0.0,7.7,Honningsvag,Norway,NOR,Europe,70.9836257610763,25.9680488043574,12,0,0,8,0,4,0.0,0.0,0,2,0,0,1,0,0,2.5649493574615367,0.0,1.6094379124341003,0.0,0.0,0.0,2025,3,5995.734331111148
1508467,fso30,EQ,Earthquake in Afghanistan,Earthquake in Afghanistan,Red M 6.3 Earthquake in Afghanistan at: 02 Nov 2025 20:29:02.,RED,Afghanistan,2025-11-02 20:29:02+00:00,2025,2025-11-02 20:29:02+00:00,"Magnitude 6.3M, Depth:28km",36.5894,67.4843,1762862933372,,0,0.0,,49004820736.21094,784841.2897547166,0.0,6.3,Brazil - Offshore Oil Terminal 37,Brazil,BRA,South America,-25.328,-42.692,70,0,0,0,0,70,0.0,0.63,0,2,0,0,1,0,0,4.2626798770413155,0.0,4.2626798770413155,0.0,0.315,0.0,2025,11,13016.3893144671
1001027,port1377,TC,LOLA-23,Tropical Cyclone LOLA-23,"Red Tropical Cyclone LOLA-23 in Vanuatu, Solomon Islands from: 21 Oct 2023  to: 26 Oct 2023 .",RED,Vanuatu,2023-10-21 18:00:00+00:00,2023,2023-10-26 00:00:00+00:00,Tropical Depression (maximum wind speed of 222 km/h),-17.5,165.6,1698455547761,port669,1,0.0,cbc6d099a6e94f3e81a235627b040e2c,210094812873.85745,2572664.852082143,222.0,0.0,Waingapu,Indonesia,IDN,Asia & Pacific,-9.639093157,120.2494941,158,8,1,42,0,107,0.05,0.0,0,2,1,0,0,0,0,5.0689042022202315,2.1972245773362196,4.68213122712422,0.6931471805599453,0.025,4.25,2023,10,5038.960097336447
1001027,port653,TC,LOLA-23,Tropical Cyclone LOLA-23,"Red Tropical Cyclone LOLA-23 in Vanuatu, Solomon Islands from: 21 Oct 2023  to: 26 Oct 2023 .",RED,Vanuatu,2023-10-21 18:00:00+00:00,2023,2023-10-26 00:00:00+00:00,Tropical Depression (maximum wind speed of 222 km/h),-17.5,165.6,1698455547761,port669,1,0.0,cbc6d099a6e94f3e81a235627b040e2c,210094812873.85745,2572664.852082143,222.0,0.0,Lisboa,Portugal,PRT,Europe,38.67789058,-9.120570469,1713,693,196,493,6,325,12.62,11.4,0,2,1,0,0,0,0,7.446585099157725,6.542471960506805,5.786897381366708,5.2832037287379885,12.01,4.25,2023,10,16374.192817638772
1298872,port149,EQ,Earthquake in Peru,Earthquake in Peru,Red M 7.5 Earthquake in Peru at: 28 Nov 2021 10:52:13.,RED,Peru,2021-11-28 10:52:13+00:00,2021,2021-11-28 10:52:13+00:00,"Magnitude 7.5M, Depth:112.48km",-4.4898,-76.8461,1694316841829,,0,0.0,,31788276666.928223,632103.6906136237,0.0,7.5,Bintulu,Malaysia,MYS,Asia & Pacific,3.271023549,113.077426,811,172,64,124,5,446,0.5,3.46,0,2,0,0,1,0,0,6.699500340161678,5.153291594497779,6.102558594613569,4.174387269895637,1.98,0.0,2021,11,21064.787450366763
1396085,port1009,EQ,Earthquake in Afghanistan,Earthquake in Afghanistan,Red M 6.3 Earthquake in Afghanistan at: 15 Oct 2023 03:36:00.,RED,Afghanistan,2023-10-15 03:36:00+00:00,2023,2023-10-15 03:36:00+00:00,"Magnitude 6.3M, Depth:6.323km",34.6094,62.1115,1698455547761,,0,0.0,,46636198964.79883,765628.5512611673,0.0,6.3,Porto Grande,Cabo Verde,CPV,Africa,16.89422079,-24.99565966,595,95,119,153,15,213,56.15,90.54,0,2,0,0,1,0,0,6.39024066706535,4.564348191467836,5.365976015021851,4.787491742782046,73.345,0.0,2023,10,9458.277738845949
1000866,port1091,TC,EMNATI-22,Tropical Cyclone EMNATI-22,Red Tropical Cyclone EMNATI-22 in Madagascar from: 16 Feb 2022  to: 24 Feb 2022 .,RED,Madagascar,2022-02-16 18:00:00+00:00,2022,2022-02-24 18:00:00+00:00,Tropical Storm (maximum wind speed of 204 km/h),-28.7,41.8,1694317200080,port340; port1301; port1307,3,0.0,4712455782b24b729ffa2d23c4fb9f61,915533029862.0216,6324014.687704501,204.0,0.0,Ras Tanura,Saudi Arabia,SAU,Asia & Pacific,26.67168923,50.12291543,672,0,0,0,0,672,0.0,16.0,0,2,1,0,0,0,0,6.511745329644728,0.0,6.511745329644728,0.0,8.0,8.0,2022,2,6201.451310764181
1000227,port1163,FL,Flood in Mozambique,Flood in Mozambique,Red Flood in Mozambique from: 09 Mar 2019 00 to: 29 Mar 2019 00.,RED,Mozambique,2019-03-09 00:00:00+00:00,2019,2019-03-29 00:00:00+00:00,,-15.178,36.432,1694310567224,port137; port784; port896,3,0.0,c2ad419a75d24ec28ae55a0728a0eb79,642589988843.8467,5359810.993936229,0.0,0.0,Sao Tome,São Tomé and Príncipe,STP,Africa,0.352160125,6.652341024,28,0,0,19,0,9,100.0,100.0,0,2,0,1,0,0,0,3.367295829986474,0.0,2.302585092994046,0.0,100.0,20.0,2019,3,3727.981659308666
1001019,fso129,TC,LIDIA-23,Tropical Cyclone LIDIA-23,Red Tropical Cyclone LIDIA-23 in Mexico from: 03 Oct 2023  to: 11 Oct 2023 .,RED,Mexico,2023-10-03 09:00:00+00:00,2023,2023-10-11 09:00:00+00:00,Tropical Depression (maximum wind speed of 204 km/h),22.5,-102.5,1698455547761,,0,0.0,,304475858795.72656,4028901.5706235417,204.0,0.0,Nigeria - Offshore Oil Terminal 10,Nigeria,NGA,Africa,5.528000000000001,4.860000000000004,13,0,0,0,0,13,0.0,2.07,0,2,1,0,0,0,0,2.6390573296152584,0.0,2.6390573296152584,0.0,1.035,8.0,2023,10,12010.208618945846
1000961,port266,TC,FREDDY-23,Tropical Cyclone FREDDY-23,"Red Tropical Cyclone FREDDY-23 in Mozambique, Madagascar from: 06 Feb 2023  to: 12 Mar 2023 .",RED,"Mozambique, Madagascar",2023-02-06 06:00:00+00:00,2023,2023-03-12 00:00:00+00:00,Hurricane/Typhoon > 74 mph (maximum wind speed of 250 km/h),-17.5,36.9,1694318856223,,0,0.0,,2022693609096.5583,21856185.735939536,250.0,0.0,Covenas Offshore Term.,Colombia,COL,South America,9.404219878,-75.69862757,207,0,0,0,0,207,0.0,24.83,0,2,1,0,0,0,0,5.337538079701318,0.0,5.337538079701318,0.0,12.415,33.75,2023,2,12686.957487750069
1013327,port126,DR,Zimbabwe-2019,"Drought in Botswana, Mozambique, South Africa, Zimbabwe","Red Drought in Botswana, Mozambique, South Africa, Zimbabwe from: 21 Mar 2019  to: 01 Aug 2019 .",RED,"Botswana, Mozambique, South Africa, Zimbabwe",2019-03-21 00:00:00+00:00,2019,2019-08-01 10:47:00+00:00,Severe impact for agricultural drought in 102368 km2,-22.721,31.814,1694311593392,,0,0.0,,120939607601.3496,2559609.37090292,0.0,0.0,Baton Rouge,United States,USA,North America,30.43704677,-91.20632261,331,0,109,3,7,212,0.35,1.14,0,2,0,0,0,1,0,5.805134968916488,0.0,5.3612921657094255,4.700480365792417,0.7449999999999999,133.44930555555555,2019,3,13169.235154920238
1100977,port974,FL,Flood in India,Flood in India,Red Flood in India from: 24 Jul 2021 01 to: 01 Oct 2021 01.,RED,India,2021-07-24 01:00:00+00:00,2021,2021-10-01 01:00:00+00:00,,31.23957,77.7198,1694316685662,,0,0.0,,7009983312.982422,636443.8624266385,0.0,0.0,Port Pirie,Australia,AUS,Asia & Pacific,-33.16703826,138.0094962,70,0,28,32,0,10,0.2,0.02,0,2,0,1,0,0,0,4.2626798770413155,0.0,2.3978952727983707,3.367295829986474,0.11,69.0,2021,7,9082.455520266989
1000036,port519,VO,Eruption  Hunga Tonga-Hunga Ha apai,Eruption  Hunga Tonga-Hunga Ha apai,Red Eruption Hunga Tonga-Hunga Ha apai in Tonga at: 18 Jan 2022 00:00.,RED,Tonga,2021-12-20 00:00:00+00:00,2021,2022-01-18 00:00:00+00:00,,-20.536,-175.382,1694317035039,port836,1,0.0,296a0ab5d56846fa807cf63b19868c85,36021562384.32031,672876.2515519108,0.0,0.0,Shoaiba,Saudi Arabia,SAU,Asia & Pacific,20.65258296,39.54249452,113,0,0,0,0,113,7.03,0.0,0,2,0,0,0,0,0,4.736198448394496,0.0,4.736198448394496,0.0,3.515,29.0,2021,12,22786.867908723176
1001121,port296,TC,YINXING-24,Tropical Cyclone YINXING-24,"Red Tropical Cyclone YINXING-24 in Philippines, Viet Nam from: 03 Nov 2024  to: 12 Nov 2024 .",RED,"Philippines, Viet Nam",2024-11-03 06:00:00+00:00,2024,2024-11-12 12:00:00+00:00,Hurricane (maximum wind speed of 231 km/h),14.0,108.6,1743233631549,,0,0.0,,627567140020.3848,5914403.2540477095,231.0,0.0,Djupviken,Norway,NOR,Europe,63.75286522,11.30506543,412,94,26,248,4,40,1.25,0.6,0,2,1,0,0,0,0,6.023447592961033,4.553876891600541,3.713572066704308,3.295836866004329,0.925,9.25,2024,11,7301.373564911707
1000824,port470,TC,CHANTHU-21,Tropical Cyclone CHANTHU-21,"Red Tropical Cyclone CHANTHU-21 in China, Philippines from: 06 Sep 2021  to: 18 Sep 2021 .",RED,Taiwan Province of China,2021-09-06 06:00:00+00:00,2021,2021-09-18 00:00:00+00:00,Tropical Depression (maximum wind speed of 287 km/h),34.1,136.6,1694316572215,port238; port482; port1261,3,0.0,8973ab79e4e84f21863706b376cc33a2,738658048221.1113,8105520.519122106,287.0,0.0,Hobro,Denmark,DNK,Europe,56.63960347,9.801145659,36,3,0,33,0,0,0.18,0.01,0,2,1,0,0,0,0,3.6109179126442243,1.3862943611198906,0.0,0.0,0.095,11.75,2021,9,8134.041709769896
1281677,port2037,EQ,Earthquake in Haiti,Earthquake in Haiti,Red M 7.2 Earthquake in Haiti at: 14 Aug 2021 12:29:09.,RED,Haiti,2021-08-14 12:29:09+00:00,2021,2021-08-14 12:29:09+00:00,"Magnitude 7.2M, Depth:10km",18.4079,-73.4753,1694316210700,,0,0.0,,35092185098.765625,664149.074051304,0.0,7.2,Diliskelesi,Türkiye,TUR,Europe,40.7678043374208,29.5283064825096,4301,810,238,1071,124,2058,5.16,1.48,0,2,0,0,1,0,0,8.366835309827675,6.698268054115413,7.629975707027789,5.476463551931511,3.3200000000000003,0.0,2021,8,9007.898512253854
1182839,port248,EQ,Earthquake in China,Earthquake in China,Red M 5.8 Earthquake in China at: 17 Jun 2019 14:55:45.,RED,China,2019-06-17 14:55:45+00:00,2019,2019-06-17 14:55:45+00:00,"Magnitude 5.8M, Depth:10km",28.4088,104.9654,1694311265094,,0,0.0,,40835216658.06641,716423.2715291845,0.0,5.8,Clarkson,Canada,CAN,North America,43.4976782,-79.61775485,112,0,64,0,0,48,1.38,0.08,0,2,0,0,1,0,0,4.727387818712341,0.0,3.8918202981106265,4.174387269895637,0.73,0.0,2019,6,14956.643987915537
1000561,fso169,TC,FANI-19,Tropical Cyclone FANI-19,"Red Tropical Cyclone FANI-19 in , India, Bangladesh, Bhutan from: 27 Apr 2019  to: 03 May 2019 .",RED,India,2019-04-27 00:00:00+00:00,2019,2019-05-03 12:00:00+00:00,Hurricane/Typhoon > 74 mph (maximum wind speed of 250 km/h),21.3,86.2,1694310887323,port290; port883,2,0.0,7a4e3ee5892f497a996870d3e0e6f414,560020159936.9023,4851355.971460343,250.0,0.0,United Kingdom - Offshore Oil Terminal 1,United Kingdom,GBR,Europe,59.92499999999998,1.293,13,0,0,0,0,13,0.0,0.85,0,2,1,0,0,0,0,2.6390573296152584,0.0,2.6390573296152584,0.0,0.425,6.5,2019,4,6378.752871315716
1001101,port682,TC,HELENE-24,Tropical Cyclone HELENE-24,"Red Tropical Cyclone HELENE-24 in United States, Mexico, Belize from: 23 Sep 2024  to: 27 Sep 2024 .",RED,Mexico; United States,2024-09-23 15:00:00+00:00,2024,2024-09-27 21:00:00+00:00,Hurricane (maximum wind speed of 222 km/h),37.5,-85.5,1728469086877,port879; port1144,2,0.0,42ada76f830c4cb58821d311383c4da0,692109064449.9551,4910254.54021647,222.0,0.0,Maizuru,Japan,JPN,Asia & Pacific,35.47492079,135.3547219,555,91,158,196,26,84,0.73,0.05,0,2,1,0,0,0,0,6.320768294250582,4.5217885770490405,4.442651256490317,5.0689042022202315,0.39,4.25,2024,9,19965.434215670994
1000734,port969,TC,MOLAVE-20,Tropical Cyclone MOLAVE-20,"Red Tropical Cyclone MOLAVE-20 in Viet Nam, Laos, Philippines, Cambodia, Thailand from: 24 Oct 2020  to: 28 Oct 2020 .",RED,Philippines; Vietnam,2020-10-24 00:00:00+00:00,2020,2020-10-28 06:00:00+00:00,Hurricane/Typhoon > 74 mph (maximum wind speed of 204 km/h),15.4,108.5,1694314857510,port125; port694; port213; port269; port1078,5,0.0,e84323b3f8cc45bfabbdfe65aca72289,660479170186.7969,5156424.339896273,204.0,0.0,Skikda (Port Methanier),Algeria,DZA,Africa,36.87271664,6.950761304,596,115,64,114,13,290,6.51,18.34,0,2,1,0,0,0,0,6.391917113392602,4.7535901911063645,5.673323267171493,4.174387269895637,12.425,4.25,2020,10,9326.925924187442
1357372,port2185,EQ,Earthquake in Türkiye,Earthquake in Türkiye,Red M 7.8 Earthquake in Türkiye at: 06 Feb 2023 01:17:35.,RED,Türkiye,2023-02-06 01:17:35+00:00,2023,2023-02-06 01:17:35+00:00,"Magnitude 7.8M, Depth:17.925km",37.1736,37.032,1694318563269,port286; port503; port1313; port1406,4,0.0,aa65d7e49ec94b9da3fad7da752a4e1a,49758852592.89258,790857.7798878492,0.0,7.8,Jinhae,Korea,KOR,Asia & Pacific,35.1368098108452,128.663986056492,44,0,4,37,2,1,0.01,0.0,0,2,0,0,1,0,0,3.8066624897703196,0.0,0.6931471805599453,1.6094379124341003,0.005,0.0,2023,2,8320.836794653138
1395488,fso17,EQ,Earthquake in Afghanistan,Earthquake in Afghanistan,Red M 6.3 Earthquake in Afghanistan at: 11 Oct 2023 00:41:56.,RED,Afghanistan,2023-10-11 00:41:56+00:00,2023,2023-10-11 00:41:56+00:00,"Magnitude 6.3M, Depth:10km",34.5798,62.0717,1698455547761,,0,0.0,,46607220425.94531,765380.9698678856,0.0,6.3,Brazil - Offshore Oil Terminal 25,Brazil,BRA,South America,-24.648,-42.513,72,0,0,0,0,72,0.0,0.7,0,2,0,0,1,0,0,4.290459441148391,0.0,4.290459441148391,0.0,0.35,0.0,2023,10,12431.759384931878
1298872,port941,EQ,Earthquake in Peru,Earthquake in Peru,Red M 7.5 Earthquake in Peru at: 28 Nov 2021 10:52:13.,RED,Peru,2021-11-28 10:52:13+00:00,2021,2021-11-28 10:52:13+00:00,"Magnitude 7.5M, Depth:112.48km",-4.4898,-76.8461,1694316841829,,0,0.0,,31788276666.928223,632103.6906136237,0.0,7.5,Port De Aracaju,Brazil,BRA,South America,-10.82536946,-36.94053183,61,0,44,4,0,13,0.12,0.12,0,2,0,0,1,0,0,4.127134385045092,0.0,2.6390573296152584,3.8066624897703196,0.12,0.0,2021,11,4407.161426289496
1012119,port134,WF,Forest fires in Chile,Forest fires in Chile,Red Forest fires in Chile from: 02 Feb 2023 to: 15 Feb 2023.,RED,Chile,2023-02-02 00:00:00+00:00,2023,2023-02-15 00:00:00+00:00,Red impact for forestfire in 40563 ha,-36.64925,-72.85635,1694318652805,,0,0.0,,631325497.7460938,239787.16918134663,0.0,0.0,Beaumont,United States,USA,North America,30.02582322,-94.03028275,1204,8,53,47,23,1073,0.12,4.19,0,2,0,0,0,0,0,7.094234845924755,2.1972245773362196,6.97914527506881,3.9889840465642745,2.1550000000000002,13.0,2023,2,7675.5853268929195
1001279,port706,TC,BAVI-26,Tropical Cyclone BAVI-26,"Red Tropical Cyclone BAVI-26 in Guam, Northern Mariana Islands, Japan, Taiwan, China from: 01 Jul 2026  to: 11 Jul 2026 .",RED,Guam; Taiwan Province of China; Northern Mariana Islands; Japan; China,2026-07-01 00:00:00+00:00,2026,2026-07-11 18:00:00+00:00,Hurricane (maximum wind speed of 287 km/h),28.7,120.4,1784137096489,port2180; port2173; port1427; port2421; port482; port2424; port2177; port2415; port1300; port61; port2040; port2504; port2422; port824; port2230; port2413; port2505; port2021; port238; port370; port2414; port1429; port2304; port1390; port1113; port2502; port2027; port2423; port2111; port2491; port2497; port1126; port2426; port1261; port438; port1403; port2302,37,0.0,e1706849ab254c9f92db48f4761a8924,3004119385032.9414,12128199.78940675,287.0,0.0,Marina Di Carrara,Italy,ITA,Europe,44.03290973,10.0428152,521,88,27,225,172,9,0.19,0.54,0,2,1,0,0,0,0,6.257667587882639,4.48863636973214,2.302585092994046,3.332204510175204,0.365,10.75,2026,7,8969.717977389808
1012119,port1173,WF,Forest fires in Chile,Forest fires in Chile,Red Forest fires in Chile from: 02 Feb 2023 to: 15 Feb 2023.,RED,Chile,2023-02-02 00:00:00+00:00,2023,2023-02-15 00:00:00+00:00,Red impact for forestfire in 40563 ha,-36.64925,-72.85635,1694318652805,,0,0.0,,631325497.7460938,239787.16918134663,0.0,0.0,Sayda,Lebanon,LBN,Asia & Pacific,33.60355327,35.39507828,225,4,7,115,0,99,16.42,6.93,0,2,0,0,0,0,0,5.420534999272286,1.6094379124341003,4.605170185988092,2.0794415416798357,11.675,13.0,2023,2,12687.303939138366
1013088,port1363,DR,Central India-2019,Drought in India,Red Drought in India from: 21 Feb 2019  to: 02 Jul 2019 .,RED,India,2019-02-21 00:00:00+00:00,2019,2019-07-02 09:17:00+00:00,Severe impact for agricultural drought in 139078 km2,19.833,76.244,1694311389075,port776,1,0.0,,158054648311.6328,2820951.373598021,0.0,0.0,Vigo,Spain,ESP,Europe,42.24149326,-8.723487947,1209,551,79,114,448,17,0.47,0.5,0,2,0,0,0,1,0,7.098375638590786,6.313548046277095,2.8903717578961645,4.382026634673881,0.485,131.38680555555555,2019,2,7412.043151073267
1347183,port1247,EQ,Earthquake in Indonesia,Earthquake in Indonesia,Red M 5.6 Earthquake in Indonesia at: 21 Nov 2022 06:21:10.,RED,Indonesia,2022-11-21 06:21:10+00:00,2022,2022-11-21 06:21:10+00:00,"Magnitude 5.6M, Depth:10km",-6.8531,107.0946,1694318361325,port514; port894,2,0.0,87c03fd3cd7e4fbeb866673caea8815a,32048571438.088867,634691.4947898124,0.0,5.6,Tachibana,Japan,JPN,Asia & Pacific,33.87071976,134.6514005,634,0,308,253,0,73,1.07,0.02,0,2,0,0,1,0,0,6.453624998892692,0.0,4.30406509320417,5.733341276897746,0.545,0.0,2022,11,5184.946757369282
1000636,port1431,TC,KAMMURI-19,Tropical Cyclone KAMMURI-19,"Red Tropical Cyclone KAMMURI-19 in Philippines, Guam, Northern Mariana Islands from: 25 Nov 2019  to: 05 Dec 2019 .",RED,Philippines,2019-11-25 18:00:00+00:00,2019,2019-12-05 18:00:00+00:00,Tropical Depression (maximum wind speed of 213 km/h),12.2,113.5,1694312298029,port125; port694; port858; port1232,4,0.0,f189276a7e174aa88ce4270ecf7ee158,1310887873701.8965,7478805.052493515,213.0,0.0,Palma de Mallorca,Spain,ESP,Europe,39.55412038,2.632705972,234,2,44,50,70,68,0.49,0.03,0,2,1,0,0,0,0,5.459585514144159,1.0986122886681098,4.23410650459726,3.8066624897703196,0.26,10.0,2019,11,9962.39503440331
1000227,port476,FL,Flood in Mozambique,Flood in Mozambique,Red Flood in Mozambique from: 09 Mar 2019 00 to: 29 Mar 2019 00.,RED,Mozambique,2019-03-09 00:00:00+00:00,2019,2019-03-29 00:00:00+00:00,,-15.178,36.432,1694310567224,port137; port784; port896,3,0.0,c2ad419a75d24ec28ae55a0728a0eb79,642589988843.8467,5359810.993936229,0.0,0.0,Honolulu,United States,USA,North America,21.32896919,-157.9035129,465,292,2,16,93,62,0.36,0.02,0,2,0,1,0,0,0,6.144185634125646,5.680172609017068,4.143134726391533,1.0986122886681098,0.19,20.0,2019,3,20498.30757631428
1012873,fso179,DR,India and Sri Lanka-2019,"Drought in India, Sri Lanka","Red Drought in India, Sri Lanka from: 21 Dec 2018  to: 26 Aug 2019 .",RED,India; Sri Lanka,2018-12-21 00:00:00+00:00,2018,2019-08-26 13:37:00+00:00,Severe impact for agricultural drought in 85408 km2,8.828,79.198,1694311782990,port1331; port1319,2,0.0,,88052703825.3999,2608863.2322916104,0.0,0.0,Vietnam - Offshore Oil Terminal 3,Vietnam,VNM,Asia & Pacific,7.345000000000004,108.31300000000006,4,0,0,0,0,4,0.0,0.26,0,2,0,0,0,1,0,1.6094379124341003,0.0,1.6094379124341003,0.0,0.13,248.5673611111111,2018,12,3209.4704977078713
1000752,port745,TC,YASA-20,Tropical Cyclone YASA-20,"Red Tropical Cyclone YASA-20 in Fiji, from: 12 Dec 2020  to: 20 Dec 2020 .",RED,Fiji,2020-12-12 12:00:00+00:00,2020,2020-12-20 00:00:00+00:00,Tropical Storm (maximum wind speed of 259 km/h),-23.3,-178.1,1694315138928,port636; port643; port687; port1240,4,0.0,b1fdccb4c2e54ca0b570e64a6114dbdd,690398598422.3789,5640670.516540977,259.0,0.0,Port Sultan Qaboos,Oman,OMN,Asia & Pacific,23.62884171,58.56595296,94,1,30,9,0,54,1.45,0.11,0,2,1,0,0,0,0,4.553876891600541,0.6931471805599453,4.007333185232471,3.4339872044851463,0.78,7.5,2020,12,24624.74951384753
1000000,port233,OT,RED SEA TENSIONS,Trade Disruptions in the Red Sea,Trade disruptions in the Red Sea (near Bab el-Mandeb Strait) due to attacks on commercial ships,RED,,2023-12-16 00:00:00+00:00,2023,2023-12-16 00:00:00+00:00,,20.31573,38.73504,1708595379825,chokepoint4; chokepoint1; chokepoint7,3,0.0,573013af3b6545deaeb50ed1cbaf9444,508756310979.897,4678015.079434657,0.0,0.0,Charlotte,United States Virgin Islands,VIR,North America,18.33384953,-64.93840481,613,269,10,199,74,61,6.92,3.63,0,2,0,0,0,0,1,6.419994928147142,5.598421958998375,4.127134385045092,2.3978952727983707,5.275,0.0,2023,12,10925.831605450281
1001214,port1232,TC,BUALOI-25,Tropical Cyclone BUALOI-25,"Red Tropical Cyclone BUALOI-25 in Viet Nam, Philippines, Laos from: 23 Sep 2025  to: 28 Sep 2025 .",RED,Vietnam,2025-09-23 12:00:00+00:00,2025,2025-09-28 18:00:00+00:00,Hurricane (maximum wind speed of 148 km/h),18.2,106.2,1759774040248,port269; port819; port2405,3,0.0,4877524fdb7c445db72a442c5f4c6f97,690605174070.6943,7071118.486989791,148.0,0.0,Subic Bay,Philippines,PHL,Asia & Pacific,14.80314981,120.2913574,868,316,77,177,30,268,6.43,1.1,0,2,1,0,0,0,0,6.767343125265392,5.75890177387728,5.594711379601839,4.356708826689592,3.7649999999999997,5.25,2025,9,1558.522987589613
1000743,port852,TC,IOTA-20,Tropical Cyclone IOTA-20,"Red Tropical Cyclone IOTA-20 in Honduras, Nicaragua from: 13 Nov 2020  to: 18 Nov 2020 .",RED,Nicaragua,2020-11-13 15:00:00+00:00,2020,2020-11-18 15:00:00+00:00,Tropical Depression (maximum wind speed of 259 km/h),13.8,-89.5,1694315019504,port1030,1,0.0,33119f1ca522447f8f206d2496ad2eed,226711652592.06543,2524213.9943061066,259.0,0.0,Onoda,Japan,JPN,Asia & Pacific,33.9749585,131.1684456,642,0,25,433,0,184,0.01,0.05,0,2,1,0,0,0,0,6.466144724237619,0.0,5.220355825078324,3.258096538021482,0.030000000000000002,5.0,2020,11,20435.66724756899
1000814,port2233,TC,GRACE-21,Tropical Cyclone GRACE-21,Red Tropical Cyclone GRACE-21 in Mexico from: 13 Aug 2021  to: 21 Aug 2021 .,RED,Mexico; Cayman Islands,2021-08-13 15:00:00+00:00,2021,2021-08-21 21:00:00+00:00,Tropical Depression (maximum wind speed of 194 km/h),19.6,-100.1,1694316291193,port1144; port1332; port389,3,0.0,121eef70bd7e4584a988fa9198fa31db,480482637423.72754,5295598.848609343,194.0,0.0,Canakkale,Türkiye,TUR,Europe,40.103456196747,26.3800824445946,161,0,8,9,0,144,0.02,0.13,0,2,1,0,0,0,0,5.087596335232384,0.0,4.976733742420574,2.1972245773362196,0.075,8.25,2021,8,10976.931983876637
1100932,fso8,FL,Flood in China,Flood in China,Red Flood in China from: 20 Jun 2021 01 to: 30 Jul 2021 01.,RED,China,2021-06-20 01:00:00+00:00,2021,2021-07-30 01:00:00+00:00,,37.87001,112.5453,1694316074584,,0,0.0,,11130690490.484377,762082.4459309455,0.0,0.0,Brazil - Offshore Oil Terminal 17,Brazil,BRA,South America,-25.517,-43.465,18,0,0,0,0,18,0.0,0.19,0,2,0,1,0,0,0,2.9444389791664403,0.0,2.9444389791664403,0.0,0.095,40.0,2021,6,17138.805481579016
1001121,fso59,TC,YINXING-24,Tropical Cyclone YINXING-24,"Red Tropical Cyclone YINXING-24 in Philippines, Viet Nam from: 03 Nov 2024  to: 12 Nov 2024 .",RED,"Philippines, Viet Nam",2024-11-03 06:00:00+00:00,2024,2024-11-12 12:00:00+00:00,Hurricane (maximum wind speed of 231 km/h),14.0,108.6,1743233631549,,0,0.0,,627567140020.3848,5914403.2540477095,231.0,0.0,Australia - Offshore Oil Terminal 1,Australia,AUS,Asia & Pacific,-13.964999999999998,123.31500000000004,30,0,0,0,0,30,0.0,0.14,0,2,1,0,0,0,0,3.4339872044851463,0.0,3.4339872044851463,0.0,0.07,9.25,2024,11,3485.403050287076
1000593,port2477,TC,LINGLING-19,Tropical Cyclone LINGLING-19,"Red Tropical Cyclone LINGLING-19 in Korea, Democratic People's Republic of, Republic of, China, Japan, Russian Federation from: 02 Sep 2019  to: 07 Sep 2019 .",RED,China; Korea,2019-09-02 00:00:00+00:00,2019,2019-09-07 06:00:00+00:00,Hurricane/Typhoon > 74 mph (maximum wind speed of 222 km/h),37.9,125.3,1694311847680,port277; port662; port270; port494; port608; port1067,6,0.0,6cf378ff79cf42cfa137c3d13bd2fe0a,1451761258421.6328,7352002.309485452,222.0,0.0,Abadan,Iran,IRN,Asia & Pacific,30.332150759313546,48.27775739385089,0,0,0,0,0,0,0.0,0.0,0,2,1,0,0,0,0,0.0,0.0,0.0,0.0,0.0,5.25,2019,9,7426.811860764603
1102204,port2473,FL,Flood in Libya,Flood in Libya,Red Flood in Libya from: 08 Sep 2023 01 to: 14 Sep 2023 00.,RED,Libya,2023-09-08 01:00:00+00:00,2023,2023-09-14 00:00:00+00:00,,32.75938,22.63832,1698455547761,,0,0.0,,23588735.73925781,38187.708694884015,0.0,0.0,Toulon,France,FRA,Europe,43.10366407657891,5.912869683951469,123,1,2,14,62,44,0.09,0.06,0,2,0,1,0,0,0,4.820281565605037,0.6931471805599453,3.8066624897703196,1.0986122886681098,0.075,5.958333333333333,2023,9,1776.4386047713322
1000853,fso165,TC,RAI-21,Tropical Cyclone RAI-21,Red Tropical Cyclone RAI-21 in Philippines from: 13 Dec 2021  to: 20 Dec 2021 .,RED,Philippines,2021-12-13 00:00:00+00:00,2021,2021-12-20 18:00:00+00:00,Tropical Storm (maximum wind speed of 259 km/h),19.8,113.0,1694316920132,port182; port198; port224; port716; port797; port858; port1056; port1238; port1366,9,0.0,6cd0c7fb2cff4780a9caf78ad874998f,977345155238.7296,7848305.075547383,259.0,0.0,Thailand - Offshore Oil Terminal 4,Thailand,THA,Asia & Pacific,10.505000000000006,100.273,2,0,0,0,0,2,0.0,0.09,0,2,1,0,0,0,0,1.0986122886681098,0.0,1.0986122886681098,0.0,0.045,7.75,2021,12,1730.2805942247408
1395488,port1023,EQ,Earthquake in Afghanistan,Earthquake in Afghanistan,Red M 6.3 Earthquake in Afghanistan at: 11 Oct 2023 00:41:56.,RED,Afghanistan,2023-10-11 00:41:56+00:00,2023,2023-10-11 00:41:56+00:00,"Magnitude 6.3M, Depth:10km",34.5798,62.0717,1698455547761,,0,0.0,,46607220425.94531,765380.9698678856,0.0,6.3,Progreso,Mexico,MEX,North America,21.34384604,-89.67539375,587,182,128,105,0,172,3.17,0.58,0,2,0,0,1,0,0,6.376726947898627,5.209486152841421,5.153291594497779,4.859812404361672,1.875,0.0,2023,10,15757.294810055586
1101664,port805,FL,"Flood in China, Taiwan","Flood in China, Taiwan","Red Flood in China, Taiwan from: 14 Sep 2022 01 to: 16 Sep 2022 01.",RED,China,2022-09-14 01:00:00+00:00,2022,2022-09-16 01:00:00+00:00,,31.23228,121.4692,1694317999111,port438; port824; port1188; port1390; port1427; port1429,6,0.0,e8ad23d722674521baae5de97cc97f61,217355300848.26956,3579326.493505684,0.0,0.0,Nemrut Bay,Türkiye,TUR,Europe,38.75643773,26.93150481,4928,1675,543,1798,4,908,11.28,9.36,0,2,0,1,0,0,0,8.502891406705377,7.424165281042028,6.812345094177479,6.298949246855942,10.32,2.0,2022,9,8225.63290252111
1001234,port1393,TC,FUNG-WONG-25,Tropical Cyclone FUNG-WONG-25,"Red Tropical Cyclone FUNG-WONG-25 in Philippines, China from: 04 Nov 2025  to: 11 Nov 2025 .",RED,Philippines,2025-11-04 06:00:00+00:00,2025,2025-11-11 06:00:00+00:00,Hurricane (maximum wind speed of 213 km/h),20.1,118.6,1762862933372,port2384; port1232; port694,3,0.0,c2ef10c4bd2a4528b780085f225e1c12,1574991297706.0098,6844851.431003457,213.0,0.0,Marsden Point,New Zealand,NZL,Asia & Pacific,-35.84238338,174.488189,380,53,169,19,0,139,17.41,7.01,0,2,1,0,0,0,0,5.942799375126701,3.9889840465642745,4.941642422609304,5.135798437050262,12.21,7.0,2025,11,7990.5086019099535
1000741,port235,TC,VAMCO-20,Tropical Cyclone VAMCO-20,"Red Tropical Cyclone VAMCO-20 in Viet Nam, Laos, Philippines from: 09 Nov 2020  to: 15 Nov 2020 .",RED,Philippines; Vietnam,2020-11-09 06:00:00+00:00,2020,2020-11-15 06:00:00+00:00,Hurricane/Typhoon > 74 mph (maximum wind speed of 213 km/h),17.7,106.5,1694315001659,port125; port694; port1232; port213; port269,5,0.0,3b4614b4f7b34fb18ec018043a5f15aa,1054019421551.8712,5596890.617674353,213.0,0.0,Chennai (Madras),India,IND,Asia & Pacific,13.10046724,80.29425074,1511,565,163,277,52,454,3.76,2.22,0,2,1,0,0,0,0,7.321188556739478,6.338594078203183,6.12029741895095,5.099866427824199,2.99,6.0,2020,11,2878.7675339639286
1000922,port55,TC,NORU-22,Tropical Cyclone NORU-22,"Red Tropical Cyclone NORU-22 in Viet Nam, Laos, Philippines from: 22 Sep 2022  to: 28 Sep 2022 .",RED,Philippines; Vietnam,2022-09-22 00:00:00+00:00,2022,2022-09-28 00:00:00+00:00,Hurricane/Typhoon > 74 mph (maximum wind speed of 259 km/h),16.0,107.8,1694318122116,port694; port1232; port213; port269,4,0.0,fcb67d56baae4103ade370dd3995d8c8,543451018476.1074,5830422.225303048,259.0,0.0,Antsiranana (Diego Suarez),Madagascar,MDG,Africa,-12.26905591,49.28869019,58,13,5,15,0,25,1.35,3.06,0,2,1,0,0,0,0,4.07753744390572,2.6390573296152584,3.258096538021482,1.791759469228055,2.205,6.0,2022,9,7079.775673217005
1461014,port2370,EQ,Earthquake in China,Earthquake in China,Red M 7.1 Earthquake in China at: 07 Jan 2025 01:05:16.,RED,China,2025-01-07 01:05:16+00:00,2025,2025-01-07 01:05:16+00:00,"Magnitude 7.1M, Depth:10km",28.639,87.3608,1743233631549,,0,0.0,,41013872349.53711,717991.4094176202,0.0,7.1,Portuário Novo Remanso,Brazil,BRA,South America,-3.2323185239892487,-58.99381250744777,21,1,17,0,0,3,0.01,0.1,0,2,0,0,1,0,0,3.091042453358316,0.6931471805599453,1.3862943611198906,2.8903717578961645,0.055,0.0,2025,1,16600.848962618984
1001111,port1382,TC,MILTON-24,Tropical Cyclone MILTON-24,"Red Tropical Cyclone MILTON-24 in Mexico, United States from: 05 Oct 2024  to: 09 Oct 2024 .",RED,Mexico; United States,2024-10-05 15:00:00+00:00,2024,2024-10-09 09:00:00+00:00,Hurricane (maximum wind speed of 287 km/h),24.5,-85.4,1728469086877,port212; port876; port967; port1259; port1023,5,0.0,6c5f734acb3a49209d1efa314fad3b08,821112466236.6816,6859035.563660279,287.0,0.0,Warren Point,United Kingdom,GBR,Europe,54.10329186,-6.264554426,345,32,10,159,115,29,0.12,0.16,0,2,1,0,0,0,0,5.846438775057725,3.4965075614664802,3.4011973816621555,2.3978952727983707,0.14,3.75,2024,10,6109.273461861119
1337179,port148,EQ,Earthquake in Papua New Guinea,Earthquake in Papua New Guinea,Red M 7.6 Earthquake in Papua New Guinea at: 10 Sep 2022 23:46:55.,RED,Papua New Guinea,2022-09-10 23:46:55+00:00,2022,2022-09-10 23:46:55+00:00,"Magnitude 7.6M, Depth:90.013km",-6.2557,146.4692,1694317950004,port624,1,0.0,c8de7f4575724cc3a7afccf0faf762a0,31972252448.100582,633942.8061322744,0.0,7.6,Big Creek,Belize,BLZ,North America,16.51539604,-88.403639,80,47,3,14,0,16,23.11,87.42,0,2,0,0,1,0,0,4.394449154672439,3.871201010907891,2.833213344056216,1.3862943611198906,55.265,0.0,2022,9,25122.76200708412
1000970,port94,TC,MOCHA-23,Tropical Cyclone MOCHA-23,Red Tropical Cyclone MOCHA-23 in Myanmar from: 11 May 2023  to: 14 May 2023 .,RED,Myanmar,2023-05-11 00:00:00+00:00,2023,2023-05-14 12:00:00+00:00,Hurricane/Typhoon > 74 mph (maximum wind speed of 259 km/h),20.8,93.1,1694319041758,port961,1,0.0,14fa1161bedc426888263e54f9c2e255,477790409195.9639,4284932.731565202,259.0,0.0,Baie De Kouaoua,New Caledonia,NCL,Asia & Pacific,-21.4003154,165.8330009,12,0,12,0,0,0,0.0,6.75,0,2,1,0,0,0,0,2.5649493574615367,0.0,0.0,2.5649493574615367,3.375,3.5,2023,5,8856.82615134352
1100113,port853,FL,Flood in China,Flood in China,Red Flood in China from: 31 Jul 2019 00 to: 20 Aug 2019 00.,RED,China,2019-07-31 00:00:00+00:00,2019,2019-08-20 00:00:00+00:00,,30.6692,104.1219,1694311749132,,0,0.0,,5605930223.777344,475239.8567653723,0.0,0.0,Onomichi-Itozaki,Japan,JPN,Asia & Pacific,34.41539534,133.2208673,676,11,63,330,10,262,0.07,0.08,0,2,0,1,0,0,0,6.517671272912275,2.4849066497880004,5.572154032177765,4.1588830833596715,0.07500000000000001,20.0,2019,7,2696.865025119277
1101659,port924,FL,Flood in Nigeria,Flood in Nigeria,Red Flood in Nigeria from: 10 Sep 2022 01 to: 26 Oct 2022 01.,RED,Nigeria,2022-09-10 01:00:00+00:00,2022,2022-10-26 01:00:00+00:00,,4.762979,6.028898,1694318293002,port205; port587; port1165; port1383,4,0.0,9a4da61ebdd844f7a73d21254b8224ff,48581411140.71811,1903249.6982656445,0.0,0.0,Ponta Delgada,Portugal,PRT,Europe,37.73642531,-25.66554762,478,192,12,199,1,74,1.63,0.53,0,2,0,1,0,0,0,6.171700597410915,5.262690188904886,4.31748811353631,2.5649493574615367,1.08,46.0,2022,9,4597.4715411349935
1000624,port2384,TC,MATMO-19/BULBUL-19,Tropical Cyclone MATMO-19/BULBUL-19,"Red Tropical Cyclone MATMO-19/BULBUL-19 in Bangladesh, India, Myanmar, Thailand, Cambodia, Laos, Viet Nam from: 29 Oct 2019  to: 10 Nov 2019 .",RED,Bangladesh; Vietnam; India,2019-10-29 18:00:00+00:00,2019,2019-11-10 12:00:00+00:00,Tropical Storm (maximum wind speed of 157 km/h),23.0,90.8,1694312137296,port290; port442; port883; port1078; port759; port890,6,0.0,b846804ea419470084333b3317290139,317900413479.5791,3432525.078379262,157.0,0.0,Pagbilao LNG Terminal,Philippines,PHL,Asia & Pacific,13.89415158437552,121.74331249925454,28,0,28,0,0,0,1.96,0.0,0,2,1,0,0,0,0,3.367295829986474,0.0,0.0,3.367295829986474,0.98,11.75,2019,10,3484.046593521067
1000859,port497,TC,BATSIRAI-22,Tropical Cyclone BATSIRAI-22,Red Tropical Cyclone BATSIRAI-22 in Madagascar from: 27 Jan 2022  to: 08 Feb 2022 .,RED,Madagascar; Mauritius,2022-01-27 00:00:00+00:00,2022,2022-02-08 12:00:00+00:00,Tropical Storm (maximum wind speed of 231 km/h),-28.3,41.8,1694317131752,port1307; port965,2,0.0,1bc9b902d2a444d79c808ce9db848e82,1190876567564.8682,9370132.00224266,231.0,0.0,Inkoo,Finland,FIN,Europe,60.01761237,23.92754542,255,45,6,160,0,44,2.98,0.96,0,2,1,0,0,0,0,5.545177444479562,3.828641396489095,3.8066624897703196,1.9459101490553132,1.97,12.5,2022,1,9853.25673420642
1102000,port2125,FL,"Flood in Bangladesh, India, Myanmar","Flood in Bangladesh, India, Myanmar","Red Flood in Bangladesh, India, Myanmar from: 13 May 2023 01 to: 15 May 2023 01.",RED,"Bangladesh, India, Myanmar",2023-05-13 01:00:00+00:00,2023,2023-05-15 01:00:00+00:00,,20.15,92.9,1694319048832,,0,0.0,,15587277903.34961,1939484.122259192,0.0,0.0,Stigsnaes,Denmark,DNK,Europe,55.2100713784248,11.2596223057961,203,11,12,66,0,114,7.53,7.63,0,2,0,1,0,0,0,5.318119993844216,2.4849066497880004,4.74493212836325,2.5649493574615367,7.58,2.0,2023,5,6471.446114831124
10000003,port1020,OT,US PORTS STRIKE,US Ports Strike,"Labor strike affecting many ports across the US East and Gulf Coasts, as well as the Port of Montreal in Canada",RED,,2024-10-01 00:00:00+00:00,2024,2024-10-02 22:00:00+00:00,,29.77081,-95.35517,1727962353164,port812; port815; port826; port103; port901; port159; port513; port736; port754; port1170; port1259; port1398; port231; port481; port766; port2066; port951,17,0.0,9e9f1ca4abad4948af5caed716c137f3,2173469.48828125,6906.2243711354695,0.0,0.0,Primorsk,Russian Federation,RUS,Europe,60.33694122,28.73119074,965,0,1,3,0,961,0.07,11.9,0,2,0,0,0,0,1,6.873163834212518,0.0,6.8690144506657065,0.6931471805599453,5.985,1.9166666666666667,2024,10,7614.224318126573
1001131,port496,TC,CHIDO-25,Tropical Cyclone CHIDO-25,"Red Tropical Cyclone CHIDO-25 in Mozambique, Miscellaneous (French) Indian Ocean Islands, Madagascar, Comoros, Mayotte from: 09 Dec 2024  to: 16 Dec 2024 .",RED,Mozambique; Mayotte,2024-12-09 18:00:00+00:00,2024,2024-12-16 12:00:00+00:00,Hurricane (maximum wind speed of 243 km/h),-16.55,33.77,1743233631549,port982; port896,2,0.0,0461e32d3a3a496db34c0fcb4f802442,340251863450.24414,5630351.734478647,243.0,0.0,Indonesia Morowali Industrial Park,Indonesia,IDN,Asia & Pacific,-2.821666592,122.1691428,852,16,525,258,1,52,8.39,1.13,0,2,1,0,0,0,0,6.748759547491679,2.833213344056216,3.970291913552122,6.26530121273771,4.76,6.75,2024,12,9918.170564955435
1458084,port106,EQ,Earthquake in Vanuatu,Earthquake in Vanuatu,Red M 7.3 Earthquake in Vanuatu at: 17 Dec 2024 01:47:25.,RED,Vanuatu,2024-12-17 01:47:25+00:00,2024,2024-12-17 01:47:25+00:00,"Magnitude 7.3M, Depth:57.094km",-17.6859,168.0338,1743233631549,port980,1,0.0,d9f1cd11bcad466f9ce50f174bc4a4d9,34805342363.78125,661419.83052175,0.0,7.3,Bandar Shahid Rajaee,Iran,IRN,Asia & Pacific,27.13960482,56.06282679,958,344,144,325,1,144,20.72,24.89,0,2,0,0,1,0,0,6.8658910748834385,5.84354441703136,4.976733742420574,4.976733742420574,22.805,0.0,2024,12,12127.986138187698
1000624,port2223,TC,MATMO-19/BULBUL-19,Tropical Cyclone MATMO-19/BULBUL-19,"Red Tropical Cyclone MATMO-19/BULBUL-19 in Bangladesh, India, Myanmar, Thailand, Cambodia, Laos, Viet Nam from: 29 Oct 2019  to: 10 Nov 2019 .",RED,Bangladesh; Vietnam; India,2019-10-29 18:00:00+00:00,2019,2019-11-10 12:00:00+00:00,Tropical Storm (maximum wind speed of 157 km/h),23.0,90.8,1694312137296,port290; port442; port883; port1078; port759; port890,6,0.0,b846804ea419470084333b3317290139,317900413479.5791,3432525.078379262,157.0,0.0,San Ciprian,Spain,ESP,Europe,43.7085215885856,-7.45958444373281,161,18,48,86,0,9,1.13,0.15,0,2,1,0,0,0,0,5.087596335232384,2.9444389791664403,2.302585092994046,3.8918202981106265,0.6399999999999999,11.75,2019,10,8212.402287190731
1000561,port2208,TC,FANI-19,Tropical Cyclone FANI-19,"Red Tropical Cyclone FANI-19 in , India, Bangladesh, Bhutan from: 27 Apr 2019  to: 03 May 2019 .",RED,India,2019-04-27 00:00:00+00:00,2019,2019-05-03 12:00:00+00:00,Hurricane/Typhoon > 74 mph (maximum wind speed of 250 km/h),21.3,86.2,1694310887323,port290; port883,2,0.0,7a4e3ee5892f497a996870d3e0e6f414,560020159936.9023,4851355.971460343,250.0,0.0,Amlan,Philippines,PHL,Asia & Pacific,9.43641763273019,123.239191695115,79,0,0,2,0,77,0.34,0.0,0,2,1,0,0,0,0,4.382026634673881,0.0,4.356708826689592,0.0,0.17,6.5,2019,4,4264.146713643027
